"Evidence ID","Record","Collection","Source ID","Source title","Locator","Exact stored quote","URL"
"rule-1-evidence-0","rule-1","dpdp","draft","Earlier source","Draft, p. 28","1. Short title and commencement.—(1) These rules may be called the Digital Personal Data Protection Rules, 2025. (2) Rules 3 to 15, rule 21 and rule 22 shall come into force with effect from __________. (3) These rules, except rules 3 to 15 and rules 21 and 22, shall come into force on the date of their publication in the Official Gazette.","https://www.meity.gov.in/static/uploads/2025/02/f8a8e97a91091543fe19139cac7514a1.pdf#page=28"
"rule-1-evidence-1","rule-1","dpdp","final","Later source","Final, p. 24","1. Short title and commencement. — (1) These rules may be called the Digital Personal Data Protection Rules, 2025. (2) Rules 1, 2 and 17 to 21 shall come into force on the date of their publication in the Official Gazette. (3) Rule 4 shall come into force one year after the date of publication of this Gazette. (4) Rules 3, 5 to 16, 22 and 23 shall come into force eighteen months after the date of publication of this Gazette.","https://www.meity.gov.in/static/uploads/2025/11/53450e6e5dc0bfa85ebd78686cadad39.pdf#page=24"
"rule-2-evidence-0","rule-2","dpdp","draft","Earlier source","Draft, p. 28","2. Definitions.—Unless the context otherwise requires, all expressions shall have the meaning assigned to them in the Digital Personal Data Protection Act, 2023 (22 of 2023) (hereinafter referred to as “Act”).","https://www.meity.gov.in/static/uploads/2025/02/f8a8e97a91091543fe19139cac7514a1.pdf#page=28"
"rule-2-evidence-1","rule-2","dpdp","final","Later source","Final, p. 24","2. Definitions. — (1) In these rules, unless the context otherwise requires, – (a) “Act” means the Digital Personal Data Protection Act, 2023 (22 of 2023); (b) “techno-legal measures” means as referred to under rules 20 and 22; (c) “user account” means the online account registered by the Data Principal with the Data Fiduciary, and includes any profiles, pages, handles, email address, mobile number and other similar presences by means of which such Data Principal is able to access the services of such Data Fiduciary; and (d) “verifiable consent” means a consent as specified in rule 10 or 11. (2) The words and expressions used in these rules and not defined, but defined in the Act, shall have the same meanings respectively assigned to them in the Act.","https://www.meity.gov.in/static/uploads/2025/11/53450e6e5dc0bfa85ebd78686cadad39.pdf#page=24"
"rule-3-evidence-0","rule-3","dpdp","draft","Earlier source","Draft, p. 28","3. Notice given by Data Fiduciary to Data Principal.—The notice given by the Data Fiduciary to the Data Principal shall— (a) be presented and be understandable independently of any other information that has been, is or may be made available by such Data Fiduciary; (b) give, in clear and plain language, a fair account of the details necessary to enable the Data Principal to give specific and informed consent for the processing of her personal data, which shall include, at the minimum,— (i) an itemised description of such personal data; and (ii) the specified purpose of, and an itemised description of the goods or services to be provided or uses to be enabled by, such processing; and (c) the particular communication link for accessing the website or app, or both, of such Data Fiduciary, and a description of other means, if any, using which such Data Principal may— (i) withdraw her consent, with the ease of doing so being comparable to that with which such consent was given; (ii) exercise her rights under the Act; and (iii) make a complaint to the Board.","https://www.meity.gov.in/static/uploads/2025/02/f8a8e97a91091543fe19139cac7514a1.pdf#page=28"
"rule-3-evidence-1","rule-3","dpdp","final","Later source","Final, p. 24","3. Notice given by Data Fiduciary to Data Principal. —The notice given by the Data Fiduciary to the Data Principal shall— (a) be presented and be understandable independently of any other information that has been, is or may be made available by such Data Fiduciary; (b) give, in clear and plain language, a fair account of the details necessary to enable the Data Principal to give specific and informed consent for the processing of her personal data, which shall include, at the minimum, — (i) an itemised description of such personal data; and (ii) the specified purpose or purposes of, and specific description of the goods or services to be provided or uses to be enabled by, such processing; and (c) give, the particular communication link for accessing the website or app, or both, of such Data Fiduciary, and a description of other means, if any, using which such Data Principal may— (i) withdraw her consent, with the ease of doing so being comparable to that with which such consent was given; (ii) exercise her rights under the Act; and (iii) make a complaint to the Board.","https://www.meity.gov.in/static/uploads/2025/11/53450e6e5dc0bfa85ebd78686cadad39.pdf#page=24"
"rule-4-evidence-0","rule-4","dpdp","draft","Earlier source","Draft, p. 29","4. Registration and obligations of Consent Manager.—(1) A person who fulfils the conditions for registration of Consent Managers set out in Part A of First Schedule may apply to the Board for registration as a Consent Manager by furnishing such particulars and such other information and documents as the Board may publish in this behalf on its website. (2) On receipt of such application, the Board may make such inquiry as it may deem fit to satisfy itself regarding fulfilment of the conditions set out in Part A of First Schedule, and if it— (a) is satisfied, register the applicant as a Consent Manager, under intimation to the applicant, and publish on its website the particulars of such Consent Manager; or (b) is not satisfied, reject the application and communicate the reasons for the rejection to the applicant. (3) The Consent Manager shall have obligations as specified in Part B of First Schedule. (4) If the Board is of the opinion that a Consent Manager is not adhering to the conditions and obligations under this rule, it may, after giving an opportunity of being heard, inform the","https://www.meity.gov.in/static/uploads/2025/02/f8a8e97a91091543fe19139cac7514a1.pdf#page=29"
"rule-4-evidence-1","rule-4","dpdp","final","Later source","Final, p. 25","4. Registration and obligations of Consent Manager. — (1) A person who fulfils the conditions for registration of Consent Managers set out in Part A of First Schedule may apply to the Board for registration as a Consent Manager by furnishing such particulars and such other information and documents as the Board may publish in this behalf on its website. (2) On receipt of such application, the Board may make such inquiry as it may deem fit to satisfy itself regarding fulfilment of the conditions set out in Part A of First Schedule, and if it— (a) is satisfied, register the applicant as a Consent Manager, under intimation to the applicant, and publish on its website the particulars of such Consent Manager; or (b) is not satisfied, reject the application and communicate the reasons for the rejection to the applicant. (3) The Consent Manager shall have obligations as specified in Part B of First Schedule. (4) If the Board is of the opinion that a Consent Manager is not adhering to the conditions and obligations under this rule,it may, after giving an opportunity of being heard, inform th","https://www.meity.gov.in/static/uploads/2025/11/53450e6e5dc0bfa85ebd78686cadad39.pdf#page=25"
"rule-5-evidence-0","rule-5","dpdp","draft","Earlier source","Draft, p. 29","5. Processing for provision or issue of subsidy, benefit, service, certificate, licence or permit by State and its instrumentalities.—(1) The State and any of its instrumentalities may process the personal data of a Data Principal under clause (b) of section 7 of the Act to provide or to issue to her any subsidy, benefit, service, certificate, licence or permit that is provided or issued under law or policy or using public funds. (2) Processing under this rule shall be done following the standards specified in Second Schedule. (3) In this rule and Second Schedule, the reference to any subsidy, benefit, service, certificate, licence or permit that is provided or issued— (a) under law shall be construed as a reference to provision or issuance of such subsidy, benefit, service, certificate, licence or permit in exercise of any power of or the performance of any function by the State or any of its instrumentalities under any law for the time being in force; (b) under policy shall be construed as a reference to provision or issuance of such subsidy, benefit, service, certificate, licence ","https://www.meity.gov.in/static/uploads/2025/02/f8a8e97a91091543fe19139cac7514a1.pdf#page=29"
"rule-5-evidence-1","rule-5","dpdp","final","Later source","Final, p. 25","5. Processing of personal data for provision or issue of subsidy, benefit, service, certificate, licence or permit by State and its instrumentalities. — (1) Processing the personal data of a Data Principal under this rule shall be done following the standards specified in Second Schedule. (2) In this rule and the Second Schedule, the reference to any subsidy, benefit, service, certificate, licence or permit that is provided or issued— (a) under law shall be construed as a reference to provision or issuance of such subsidy, benefit, service, certificate, licence or permit in exercise of any power of or the performance of any function by the State or any of its instrumentalities under any law for the time being in force; (b) under policy shall be construed as a reference to provision or issuance of such subsidy, benefit, service, certificate, licence or permit under any policy or instruction issued by the Central Government or a State Government in exercise of its executive power; and (c) using public funds shall be construed as a reference to provision or issuance of such subsidy, ben","https://www.meity.gov.in/static/uploads/2025/11/53450e6e5dc0bfa85ebd78686cadad39.pdf#page=25"
"rule-6-evidence-0","rule-6","dpdp","draft","Earlier source","Draft, p. 30","6. Reasonable security safeguards.—(1) A Data Fiduciary shall protect personal data in its possession or under its control, including in respect of any processing undertaken by it or on its behalf by a Data Processor, by taking reasonable security safeguards to prevent personal data breach, which shall include, at the minimum,— (a) appropriate data security measures, including securing of such personal data through its encryption, obfuscation or masking or the use of virtual tokens mapped to that personal data; (b) appropriate measures to control access to the computer resources used by such Data Fiduciary or such a Data Processor; (c) visibility on the accessing of such personal data, through appropriate logs, monitoring and review, for enabling detection of unauthorised access, its investigation and remediation to prevent recurrence; (d) reasonable measures for continued processing in the event of confidentiality, integrity or availability of such personal data being compromised as a result of destruction or loss of access to personal data or otherwise, including by way of data- ba","https://www.meity.gov.in/static/uploads/2025/02/f8a8e97a91091543fe19139cac7514a1.pdf#page=30"
"rule-6-evidence-1","rule-6","dpdp","final","Later source","Final, p. 26","6. Reasonable security safeguards. — (1) A Data Fiduciary shall protect personal data in its possession or under its control, including in respect of any processing undertaken by it or on its behalf by a Data Processor, by taking reasonable security safeguards to prevent personal data breach, which shall include, at the minimum, — (a) appropriate data security measures, such as securing of personal data through encryption, obfuscation, masking or the use of virtual tokens mapped to that personal data; (b) appropriate measures to control access to the computer resources used by such Data Fiduciary or such a Data Processor, wherever applicable; (c) visibility on the accessing of such personal data, through appropriate logs, monitoring and review, for enabling detection of unauthorised access, its investigation and remediation to prevent recurrence; (d) reasonable measures for continued processing in the event of confidentiality, integrity or availability of such personal data being compromised as a result of destruction or loss of access to personal data or otherwise, such as by way of","https://www.meity.gov.in/static/uploads/2025/11/53450e6e5dc0bfa85ebd78686cadad39.pdf#page=26"
"rule-7-evidence-0","rule-7","dpdp","draft","Earlier source","Draft, p. 30","(a) a description of the breach, including its nature, extent and the timing and location of its occurrence;","https://www.meity.gov.in/static/uploads/2025/02/f8a8e97a91091543fe19139cac7514a1.pdf#page=30"
"rule-7-evidence-1","rule-7","dpdp","final","Later source","Final, p. 26","(a) a description of the breach, including its nature, extent and the timing of its occurrence;","https://www.meity.gov.in/static/uploads/2025/11/53450e6e5dc0bfa85ebd78686cadad39.pdf#page=26"
"rule-8-evidence-0","rule-8","dpdp","draft","Earlier source","Draft, p. 31","(3) In this rule, “user account” means the online account registered by the Data Principal with the Data Fiduciary, and includes any profiles, pages, handles, email address, mobile number and other similar presences by means of which she is able to access the services of such Data Fiduciary.","https://www.meity.gov.in/static/uploads/2025/02/f8a8e97a91091543fe19139cac7514a1.pdf#page=31"
"rule-8-evidence-1","rule-8","dpdp","final","Later source","Final, p. 27","(3) Without prejudice to sub-rules (1) and (2), a Data Fiduciary shall retain, in respect of any processing of personal data undertaken by it or on its behalf by a Data Processor, such personal data, associated traffic data and other logs of the processing for a minimum period of one year from the date of such processing, for the purposes as specified in the Seventh Schedule, after which the Data Fiduciary shall cause such personal data and logs to be erased, unless further retention is required for compliance with any other law for the time being in force or notified by the Government.","https://www.meity.gov.in/static/uploads/2025/11/53450e6e5dc0bfa85ebd78686cadad39.pdf#page=27"
"rule-9-evidence-0","rule-9","dpdp","draft","Earlier source","Draft, p. 32","9. Contact information of person to answer questions about processing.—Every Data Fiduciary shall prominently publish on its website or app, and mention in every response to a communication for the exercise of the rights of a Data Principal under the Act, the business contact information of the Data Protection Officer, if applicable, or a person who is able to answer on behalf of the Data Fiduciary the questions of the Data Principal about the processing of her personal data.","https://www.meity.gov.in/static/uploads/2025/02/f8a8e97a91091543fe19139cac7514a1.pdf#page=32"
"rule-9-evidence-1","rule-9","dpdp","final","Later source","Final, p. 27","9. Contact information of person to answer questions about processing.— Every Data Fiduciary shall prominently publish on its website or app, and mention in every response to a communication for the exercise of the rights of a Data Principal under the Act, the business contact information of the Data Protection Officer, if applicable, or a person who is able to answer on behalf of the Data Fiduciary the questions of the Data Principal about the processing of her personal data.","https://www.meity.gov.in/static/uploads/2025/11/53450e6e5dc0bfa85ebd78686cadad39.pdf#page=27"
"rule-10-evidence-0","rule-10","dpdp","draft","Earlier source","Draft, p. 32","10. Verifiable consent for processing of personal data of child or of person with disability who has lawful guardian.—(1) A Data Fiduciary shall adopt appropriate technical and organisational measures to ensure that verifiable consent of the parent is obtained before the processing of any personal data of a child and shall observe due diligence, for checking that the individual identifying herself as the parent is an adult who is identifiable if required in connection with compliance with any law for the time being in force in India, by reference to— (a) reliable details of identity and age available with the Data Fiduciary; or (b) voluntarily provided details of identity and age or a virtual token mapped to the same, which is issued by an entity entrusted by law or the Central Government or a State Government with the maintenance of such details or a person appointed or permitted by such entity for such issuance, and includes such details or token verified and made available by a Digital Locker service provider. Illustration. C is a child, P is her parent, and DF is a Data Fiduciary","https://www.meity.gov.in/static/uploads/2025/02/f8a8e97a91091543fe19139cac7514a1.pdf#page=32"
"rule-10-evidence-1","rule-10","dpdp","final","Later source","Final, p. 27","10. Verifiable consent for processing of personal data of child.—(1) A Data Fiduciary shall adopt appropriate technical and organisational measures to ensure that verifiable consent of the parent is obtained before the processing of any personal data of a child and shall observe due diligence, for checking that the individual identifying herself as the parent is an adult who is identifiable if required in connection with compliance with any law for the time being in force in India, by reference to— (a) reliable details of identity and age of the individual available with the Data Fiduciary; or (b) details of identity and age, voluntarily provided — (i) by the individual; or (ii) through a virtual token mapped to such details, which is issued by an authorised entity. (2) In this rule, the expression— (a) “adult” shall mean an individual who has completed the age of eighteen years; (b) “authorised entity"" shall mean — (i) an entity entrusted by law or by the Central Government or by the State Government with the issuance of details of the identity and age or a virtual token mapped to s","https://www.meity.gov.in/static/uploads/2025/11/53450e6e5dc0bfa85ebd78686cadad39.pdf#page=27"
"rule-11-evidence-0","rule-11","dpdp","draft","Earlier source","Draft, p. 33","10. Verifiable consent for processing of personal data of child or of person with disability who has lawful guardian.—(1) A Data Fiduciary shall adopt appropriate technical and organisational measures to ensure that verifiable consent of the parent is obtained before the processing of any personal data of a child and shall observe due diligence, for checking that the individual identifying herself as the parent is an adult who is identifiable if required in connection with compliance with any law for the time being in force in India, by reference to— (a) reliable details of identity and age available with the Data Fiduciary; or (b) voluntarily provided details of identity and age or a virtual token mapped to the same, which is issued by an entity entrusted by law or the Central Government or a State Government with the maintenance of such details or a person appointed or permitted by such entity for such issuance, and includes such details or token verified and made available by a Digital Locker service provider. Illustration. C is a child, P is her parent, and DF is a Data Fiduciary","https://www.meity.gov.in/static/uploads/2025/02/f8a8e97a91091543fe19139cac7514a1.pdf#page=33"
"rule-11-evidence-1","rule-11","dpdp","final","Later source","Final, p. 28","11. Verifiable consent for processing of personal data of person with disability who has lawful guardian. — (1) A Data Fiduciary, while obtaining verifiable consent from an individual identifying herself as the lawful guardian of a person with disability, shall observe due diligence to verify that such guardian is appointed by a court of law, or by a designated authority or by a local level committee, under the law applicable to guardianship. (2) In this rule, the expression— (a) “designated authority” shall mean an authority designated under section 15 of the Rights of Persons with Disabilities Act, 2016 (49 of 2016) to support persons with disabilities in exercise of their legal capacity; (b) “law applicable to guardianship” shall mean, — (i) in relation to an individual who has long term physical, mental, intellectual or sensory impairment which, in interaction with barriers, hinders her full and effective participation in society equally with others and who despite being provided adequate and appropriate support is unable to take legally binding decisions, the provisions of law c","https://www.meity.gov.in/static/uploads/2025/11/53450e6e5dc0bfa85ebd78686cadad39.pdf#page=28"
"rule-12-evidence-0","rule-12","dpdp","draft","Earlier source","Draft, p. 34","11. Exemptions from certain obligations applicable to processing of personal data of child.—(1) The provisions of sub-sections (1) and (3) of section 9 of the Act shall not be applicable to processing of personal data of a child by such class of Data Fiduciaries as are specified in Part A of Fourth Schedule, subject to such conditions as are specified in the said Part. (2) The provisions of sub-sections (1) and (3) of section 9 of the Act shall not be applicable to processing of personal data of a child for such purposes as are specified in Part B of Fourth Schedule, subject to such conditions as are specified in the said Part.","https://www.meity.gov.in/static/uploads/2025/02/f8a8e97a91091543fe19139cac7514a1.pdf#page=34"
"rule-12-evidence-1","rule-12","dpdp","final","Later source","Final, p. 29","12. Exemptions from certain obligations applicable to processing of personal data of child. — (1) The provisions of sub-sections (1) and (3) of section 9 of the Act shall not be applicable to processing of personal data of a child by such class of Data Fiduciaries as are specified in Part A of Fourth Schedule, subject to such conditions as are specified in the said Part. (2) The provisions of sub-sections (1) and (3) of section 9 of the Act shall not be applicable to processing of personal data of a child for such purposes as are specified in Part B of Fourth Schedule, subject to such conditions as are specified in the said Part.","https://www.meity.gov.in/static/uploads/2025/11/53450e6e5dc0bfa85ebd78686cadad39.pdf#page=29"
"rule-13-evidence-0","rule-13","dpdp","draft","Earlier source","Draft, p. 34","(3) A Significant Data Fiduciary shall observe due diligence to verify that algorithmic software deployed by it for hosting, display, uploading, modification, publishing, transmission, storage, updating or sharing of personal data processed by it are not likely to pose a risk to the rights of Data Principals.","https://www.meity.gov.in/static/uploads/2025/02/f8a8e97a91091543fe19139cac7514a1.pdf#page=34"
"rule-13-evidence-1","rule-13","dpdp","final","Later source","Final, p. 29","(3) A Significant Data Fiduciary shall observe due diligence to verify that technical measures including algorithmic software adopted by it for hosting, display, uploading, modification, publishing, transmission, storage, updating or sharing of personal data processed by it are not likely to pose a risk to the rights of Data Principals.","https://www.meity.gov.in/static/uploads/2025/11/53450e6e5dc0bfa85ebd78686cadad39.pdf#page=29"
"rule-14-evidence-0","rule-14","dpdp","draft","Earlier source","Draft, p. 34","(3) Every Data Fiduciary and Consent Manager shall publish on its website or app, or both, as the case may be, the period under its grievance redressal system for responding to the grievances of Data Principals and shall, for ensuring the effectiveness of the system in responding within such period, implement appropriate technical and organisational measures.","https://www.meity.gov.in/static/uploads/2025/02/f8a8e97a91091543fe19139cac7514a1.pdf#page=34"
"rule-14-evidence-1","rule-14","dpdp","final","Later source","Final, p. 29","(3) Every Data Fiduciary and Consent Manager shall prominently publish on its website or app, or both, as the case may be, within a reasonable period not exceeding ninety days under its grievance redressal system for responding to the grievances of Data Principals and shall, for ensuring the effectiveness of the system in responding within such period, implement appropriate technical and organisational measures.","https://www.meity.gov.in/static/uploads/2025/11/53450e6e5dc0bfa85ebd78686cadad39.pdf#page=29"
"rule-15-evidence-0","rule-15","dpdp","draft","Earlier source","Draft, p. 35","14. Processing of personal data outside India.—Transfer to any country or territory outside India of personal data processed by a Data Fiduciary— (a) within the territory of India; or (b) outside the territory of India in connection with any activity related to offering of goods or services to Data Principals within the territory of India, is subject to the restriction that the Data Fiduciary shall meet such requirements as the Central Government may, by general or special order, specify in respect of making such personal data available to any foreign State, or to any person or entity under the control of or any agency of such a State.","https://www.meity.gov.in/static/uploads/2025/02/f8a8e97a91091543fe19139cac7514a1.pdf#page=35"
"rule-15-evidence-1","rule-15","dpdp","final","Later source","Final, p. 30","15. Transfer of personal data outside the territory of India.— Any personal data processed by a Data Fiduciary under the Act may be transferred outside the territory of India subject to the restriction that the Data Fiduciary shall meet such requirements as the Central Government may, by general or special order, specify in respect of making such personal data available to any foreign State, or to any person or entity under the control of or any agency of such a State.","https://www.meity.gov.in/static/uploads/2025/11/53450e6e5dc0bfa85ebd78686cadad39.pdf#page=30"
"rule-16-evidence-0","rule-16","dpdp","draft","Earlier source","Draft, p. 35","15. Exemption from Act for research, archiving or statistical purposes.—The provisions of the Act shall not apply to the processing of personal data necessary for research, archiving or statistical purposes if it is carried on in accordance with the standards specified in Second Schedule.","https://www.meity.gov.in/static/uploads/2025/02/f8a8e97a91091543fe19139cac7514a1.pdf#page=35"
"rule-16-evidence-1","rule-16","dpdp","final","Later source","Final, p. 30","16. Exemption from Act for research, archiving or statistical purposes. —The provisions of the Act shall not apply to the processing of personal data necessary for research, archiving or statistical purposes if it is carried on in accordance with the standards specified in Second Schedule.","https://www.meity.gov.in/static/uploads/2025/11/53450e6e5dc0bfa85ebd78686cadad39.pdf#page=30"
"rule-17-evidence-0","rule-17","dpdp","draft","Earlier source","Draft, p. 35","16. Appointment of Chairperson and other Members.—(1) The Central Government shall constitute a Search-cum-Selection Committee, with the Cabinet Secretary as the chairperson and the Secretaries to the Government of India in charge of the Department of Legal Affairs and the Ministry of Electronics and Information Technology and two experts of repute having special knowledge or practical experience in a field which in the opinion of the Central Government may be useful to the Board as members, to recommend individuals for appointment as Chairperson. (2) The Central Government shall constitute a Search-cum-Selection Committee, with the Secretary to the Government of India in the Ministry of Electronics and Information Technology as the chairperson and the Secretary to the Government of India in charge of the Department of Legal Affairs, and two experts of repute having special knowledge or practical experience in a field which in the opinion of the Central Government may be useful to the Board as members, to recommend individuals for appointment as a Member other than the Chairperson. (","https://www.meity.gov.in/static/uploads/2025/02/f8a8e97a91091543fe19139cac7514a1.pdf#page=35"
"rule-17-evidence-1","rule-17","dpdp","final","Later source","Final, p. 30","17.Appointment of Chairperson and other Members.— (1) The Central Government shall constitute a Search-cum-Selection Committee, with the Cabinet Secretary as the chairperson and the Secretaries to the Government of India in charge of the Department of Legal Affairs and the Ministry of Electronics and Information Technology and two experts of repute having special knowledge or practical experience in a field which in the opinion of the Central Government may be useful to the Board as members, to recommend individuals for appointment as Chairperson. (2) The Central Government shall constitute a Search-cum-Selection Committee, with the Secretary to the Government of India in the Ministry of Electronics and Information Technology as the chairperson and the Secretary to the Government of India in charge of the Department of Legal Affairs, and two experts of repute having special knowledge or practical experience in a field which in the opinion of the Central Government may be useful to the Board as members, to recommend individuals for appointment as a Member other than the Chairperson. (","https://www.meity.gov.in/static/uploads/2025/11/53450e6e5dc0bfa85ebd78686cadad39.pdf#page=30"
"rule-18-evidence-0","rule-18","dpdp","draft","Earlier source","Draft, p. 36","17. Salary, allowances and other terms and conditions of service of Chairperson and other Members.—The Chairperson and every other Member shall receive such salary and allowances and shall have such other terms and conditions of service as are specified in Fifth Schedule.","https://www.meity.gov.in/static/uploads/2025/02/f8a8e97a91091543fe19139cac7514a1.pdf#page=36"
"rule-18-evidence-1","rule-18","dpdp","final","Later source","Final, p. 30","18. Salary, allowances and other terms and conditions of service of Chairperson and other Members. —The Chairperson and every other Member shall receive such salary and allowances and shall have such other terms and conditions of service as are specified in Fifth Schedule.","https://www.meity.gov.in/static/uploads/2025/11/53450e6e5dc0bfa85ebd78686cadad39.pdf#page=30"
"rule-19-evidence-0","rule-19","dpdp","draft","Earlier source","Draft, p. 36","18. Procedure for meetings of Board and authentication of its orders, directions and instruments.—(1) The Chairperson shall fix the date, time and place of meetings of the Board, approve the items of agenda therefor, and cause notice specifying the same to be issued under her signature or that of such other individual as the Chairperson may authorise by general or special order in writing. (2) Meetings of the Board shall be chaired by the Chairperson and, in her absence, by such other Member as the Members present at the meeting may choose from amongst themselves. (3) One-third of the membership of the Board shall be the quorum for its meetings. (4) All questions which come up before any meeting of the Board shall be decided by a majority of the votes of Members present and voting, and, in the event of an equality of votes, the Chairperson, or in her absence, the person chairing, shall have a second or casting vote. (5) If a Member has an interest in any item of business to be transacted at a meeting of the Board, she shall not participate in or vote on the same and, in such a case, ","https://www.meity.gov.in/static/uploads/2025/02/f8a8e97a91091543fe19139cac7514a1.pdf#page=36"
"rule-19-evidence-1","rule-19","dpdp","final","Later source","Final, p. 30","19. Procedure for meetings of Board and authentication of its orders, directions and instruments. — (1) The Chairperson shall fix the date, time and place of meetings of the Board, approve the items of agenda therefor, and cause notice specifying the same to be issued under her signature or that of such other individual as the Chairperson may authorise by general or special order in writing. (2) Meetings of the Board shall be chaired by the Chairperson and, in her absence, by such other Member as the Members present at the meeting may choose from amongst themselves. (3) One-third of the membership of the Board shall be the quorum for its meetings. (4) All questions which come up before any meeting of the Board shall be decided by a majority of the votes of Members present and voting, and, in the event of an equality of votes, the Chairperson, or in her absence, the person chairing, shall have a second or casting vote. (5) If a Member has an interest in any item of business to be transacted at a meeting of the Board, she shall not participate in or vote on the same and, in such a case","https://www.meity.gov.in/static/uploads/2025/11/53450e6e5dc0bfa85ebd78686cadad39.pdf#page=30"
"rule-20-evidence-0","rule-20","dpdp","draft","Earlier source","Draft, p. 36","19. Functioning of Board as digital office.—The Board shall function as a digital office which, without prejudice to its power to summon and enforce the attendance of any person and examine her on oath, may adopt techno-legal measures to conduct proceedings in a manner that does not require physical presence of any individual.","https://www.meity.gov.in/static/uploads/2025/02/f8a8e97a91091543fe19139cac7514a1.pdf#page=36"
"rule-20-evidence-1","rule-20","dpdp","final","Later source","Final, p. 31","20. Functioning of Board as digital office. — The Board shall function as a digital office, without prejudice to its power to summon and enforce the attendance of any person and examine her on oath, may adopt techno-legal measures to conduct proceedings in a manner that does not require physical presence of any individual.","https://www.meity.gov.in/static/uploads/2025/11/53450e6e5dc0bfa85ebd78686cadad39.pdf#page=31"
"rule-21-evidence-0","rule-21","dpdp","draft","Earlier source","Draft, p. 37","20. Terms and conditions of appointment and service of officers and employees of Board.—(1) The Board may, with previous approval of the Central Government and in such manner as the Central Government may by general or special order specify, appoint such officers and employees as it may deem necessary for the efficient discharge of its functions under the provisions of the Act. (2) The terms and conditions of service of officers and employees of the Board shall be such as are specified in Sixth Schedule.","https://www.meity.gov.in/static/uploads/2025/02/f8a8e97a91091543fe19139cac7514a1.pdf#page=37"
"rule-21-evidence-1","rule-21","dpdp","final","Later source","Final, p. 31","21. Terms and conditions of appointment and service of officers and employees of Board.— (1) The Board may, with previous approval of the Central Government, appoint such officers and employees as it may deem necessary for the efficient discharge of its functions under the provisions of the Act. (2) The terms and conditions of service of officers and employees of the Board shall be such as are specified in Sixth Schedule.","https://www.meity.gov.in/static/uploads/2025/11/53450e6e5dc0bfa85ebd78686cadad39.pdf#page=31"
"rule-22-evidence-0","rule-22","dpdp","draft","Earlier source","Draft, p. 37","21. Appeal to Appellate Tribunal.—(1) An appeal, including any related documents, by a person aggrieved by an order or direction of the Board, shall be filed in digital form, following such procedure as may be specified by the Appellate Tribunal on its website. (2) An appeal filed with the Appellate Tribunal shall be accompanied by fee of like amount as is applicable in respect of an appeal filed under the Telecom Regulatory Authority of India Act, 1997 (24 of 1997), unless reduced or waived by the Chairperson of the Appellate Tribunal at her discretion, and the same shall be payable digitally using the Unified Payments Interface or such other payment system authorised by the Reserve Bank of India as the Appellate Tribunal may specify on its website. (3) The Appellate Tribunal— (a) shall not be bound by the procedure laid down by the Code of Civil Procedure, 1908 (5 of 1908), but shall be guided by the principles of natural justice and, subject to the provisions of the Act, may regulate its own procedure; and (b) shall function as a digital office which, without prejudice to its powe","https://www.meity.gov.in/static/uploads/2025/02/f8a8e97a91091543fe19139cac7514a1.pdf#page=37"
"rule-22-evidence-1","rule-22","dpdp","final","Later source","Final, p. 31","22. Appeal to Appellate Tribunal. — (1) Any person aggrieved by an order or direction of the Board, may prefer an appeal before the Appellate Tribunal, it shall be filed in digital form as the Appellate Tribunal may decide. (2) An appeal filed with the Appellate Tribunal shall be accompanied by fee of like amount as is applicable in respect of an appeal filed under the Telecom Regulatory Authority of India Act, 1997 (24 of 1997), unless reduced or waived by the Chairperson of the Appellate Tribunal at her discretion, and the same shall be payable digitally using the Unified Payments Interface or such other payment system authorised by the Reserve Bank of India. (3) The Appellate Tribunal— (a) shall not be bound by the procedure laid down by the Code of Civil Procedure, 1908 (5 of 1908), but shall be guided by the principles of natural justice and, subject to the provisions of the Act, may regulate its own procedure; and (b) shall function as a digital office which, without prejudice to its power to summon and enforce the attendance of any person and examine her on oath, may adopt tec","https://www.meity.gov.in/static/uploads/2025/11/53450e6e5dc0bfa85ebd78686cadad39.pdf#page=31"
"rule-23-evidence-0","rule-23","dpdp","draft","Earlier source","Draft, p. 37","22. Calling for information from Data Fiduciary or intermediary.—(1) The Central Government may, for such purposes of the Act as are specified in Seventh Schedule, acting through the corresponding authorised person specified in the said Schedule, require any Data Fiduciary or intermediary to furnish such information as may be called for, specify the time period within which the same shall be furnished and, where disclosure in this regard is likely to prejudicially affect the sovereignty and integrity of India or security of the State, require the Data Fiduciary or intermediary to not disclose the same except with the previous permission in writing of the authorised person. (2) Provision of information called for under this rule shall be by way of fulfilment of obligation under section 36 of the Act. .","https://www.meity.gov.in/static/uploads/2025/02/f8a8e97a91091543fe19139cac7514a1.pdf#page=37"
"rule-23-evidence-1","rule-23","dpdp","final","Later source","Final, p. 32","23. Calling for information from Data Fiduciary or intermediary. — (1) The Central Government may, for such purposes of the Act as are specified in Seventh Schedule, acting through the corresponding authorised person specified in the said Schedule, require any Data Fiduciary or intermediary to furnish such information as may be called for, within the specified period as may be given in such. (2) Where the disclosure of furnishing of information as referred to in sub-rule (1) is likely to prejudicially affect the sovereignty and integrity of India or security of the State, the Central Government may require the Data Fiduciary or intermediary to not disclose such furnishing to affected Data Principal or any other person except with the previous permission, in writing, of the authorised person. (3) For the purposes of this rule, the expression “intermediary” shall have the same meaning as assigned to it in the Information Technology Act, 2000 (21 of 2000).","https://www.meity.gov.in/static/uploads/2025/11/53450e6e5dc0bfa85ebd78686cadad39.pdf#page=32"
"schedule-first-evidence-0","schedule-first","dpdp","draft","Earlier source","Draft, p. 38","FIRST SCHEDULE [See rule 4] PART A Conditions of registration of Consent Manager 1. The applicant is a company incorporated in India. 2. The applicant has sufficient capacity, including technical, operational and financial capacity, to fulfil its obligations as a Consent Manager. 3. The financial condition and the general character of management of the applicant are sound. 4. The net worth of the applicant is not less than two crore rupees. 5. The volume of business likely to be available to and the capital structure and earning prospects of the applicant are adequate. 6. The directors, key managerial personnel and senior management of the applicant company are individuals with a general reputation and record of fairness and integrity. 7. The memorandum of association and articles of association of the applicant company contain provisions requiring that the obligations under items 9 and 10 of Part B are adhered to, that policies and procedures are in place to ensure such adherence, and that such provisions may be amended only with the previous approval of the Board. 8. The operations","https://www.meity.gov.in/static/uploads/2025/02/f8a8e97a91091543fe19139cac7514a1.pdf#page=38"
"schedule-first-evidence-1","schedule-first","dpdp","final","Later source","Final, p. 32","FIRST SCHEDULE [See rule 4] PART A Conditions for registration of Consent Manager 1. The applicant is a company incorporated in India. 2. The applicant has sufficient capacity, including technical, operational and financial capacity, to fulfil its obligations as a Consent Manager. 3. The financial condition and the general character of management of the applicant are sound. 4. The net worth of the applicant is not less than two crore rupees. 5. The volume of business likely to be available to and the capital structure and earning prospects of the applicant are adequate. 6. The directors, key managerial personnel and senior management of the applicant company are individuals with a general reputation and record of fairness and integrity. 7. The memorandum of association and articles of association of the applicant company contain provisions requiring that the obligations under items 9 and 10 of Part B are adhered to, that policies and procedures are in place to ensure such adherence, and that such provisions may be amended only with the previous approval of the Board. 8. The operation","https://www.meity.gov.in/static/uploads/2025/11/53450e6e5dc0bfa85ebd78686cadad39.pdf#page=32"
"schedule-second-evidence-0","schedule-second","dpdp","draft","Earlier source","Draft, p. 41","(d) Processing is done while making reasonable efforts to ensure the accuracy of personal data;","https://www.meity.gov.in/static/uploads/2025/02/f8a8e97a91091543fe19139cac7514a1.pdf#page=41"
"schedule-second-evidence-1","schedule-second","dpdp","final","Later source","Final, p. 34","(d) Processing is done while making reasonable efforts to ensure the completeness, accuracy and consistency of personal data;","https://www.meity.gov.in/static/uploads/2025/11/53450e6e5dc0bfa85ebd78686cadad39.pdf#page=34"
"schedule-third-evidence-0","schedule-third","dpdp","draft","Earlier source","Draft, p. 42","THIRD SCHEDULE [See rule 8(1)] S. no. Class of Data Fiduciaries Purposes Time period (1) (2) (3) (4) 1. Data Fiduciary who is an e- commerce entity having not less than two crore registered users in India For all purposes, except for the following: (a) Enabling the Data Principal to access her user account; and (b) Enabling the Data Principal to access any virtual token that is issued by or on behalf of the Data Fiduciary, is stored on the digital facility or platform of such Data Fiduciary, and may be used to get money, goods or services Three years from the date on which the Data Principal last approached the Data Fiduciary for the performance of the specified purpose or exercise of her rights, or the commencement of the Digital Personal Data Protection Rules, 2025, whichever is latest 2. Data Fiduciary who is an online gaming intermediary having not less than fifty lakh registered users in India For all purposes, except for the following: (a) Enabling the Data Principal to access her user account; and (b) Enabling the Data Principal to access any virtual token that is issued by or","https://www.meity.gov.in/static/uploads/2025/02/f8a8e97a91091543fe19139cac7514a1.pdf#page=42"
"schedule-third-evidence-1","schedule-third","dpdp","final","Later source","Final, p. 35","THIRD SCHEDULE [See rule 8(1)] S. no. Class of Data Fiduciaries Purposes Time period (1) (2) (3) (4) 1. Data Fiduciary who is an e-commerce entity having not less than two crore registered users in India. For all purposes, except for the following: (a) Enabling the Data Principal to access her user account; and (b) Enabling the Data Principal to access any virtual token that is issued by or on behalf of the Data Fiduciary, is stored on the digital facility or platform of such Data Fiduciary, and may be used to get money, goods or services. Three years from the date on which the Data Principal last approached the Data Fiduciary for the performance of the specified purpose or exercise of her rights, or the commencement of the Digital Personal Data Protection Rules, 2025, whichever is latest. 2. Data Fiduciary who is an online gaming intermediary having not less than fifty lakh registered users in India. For all purposes, except for the following: (a) Enabling the Data Principal to access her user account; and (b) Enabling the Data Principal to access any virtual token that is issued by","https://www.meity.gov.in/static/uploads/2025/11/53450e6e5dc0bfa85ebd78686cadad39.pdf#page=35"
"schedule-fourth-evidence-0","schedule-fourth","dpdp","draft","Earlier source","Draft, p. 44","4. For ensuring that information likely to cause any detrimental effect on the well- being of a child is not accessible to her Processing is restricted to the extent necessary to ensure that such information is not accessible to the child. 5. For confirmation by the Data Fiduciary that the Data Principal is not a child and observance of due diligence under rule Processing is restricted to the extent necessary for such confirmation or observance.","https://www.meity.gov.in/static/uploads/2025/02/f8a8e97a91091543fe19139cac7514a1.pdf#page=44"
"schedule-fourth-evidence-1","schedule-fourth","dpdp","final","Later source","Final, p. 36","4. For the determination of real-time location of a child. Processing is restricted to the tracking of real-time location of such child, in the interest of her safety and protection or security. 5. For ensuring that any information, service or advertisement likely to cause any detrimental effect on the well-being of a child is not accessible to her. Processing is restricted to the extent necessary to ensure that such information, service or advertisement is not accessible to the child. 6. For confirmation by the Data Fiduciary that the Data Principal is not a child and observance of due diligence under rule 10. Processing is restricted to the extent necessary for such confirmation or observance.","https://www.meity.gov.in/static/uploads/2025/11/53450e6e5dc0bfa85ebd78686cadad39.pdf#page=36"
"schedule-fifth-evidence-0","schedule-fifth","dpdp","draft","Earlier source","Draft, p. 46","FIFTH SCHEDULE [See rule 17] Terms and conditions of service of Chairperson and other Members 1. Salary.—(1) The Chairperson shall be entitled to receive a consolidated salary of rupees four lakh fifty thousand per month, without the facility of house and car. (2) Every Member other than the Chairperson shall be entitled to receive a consolidated salary of rupees four lakh per month, without the facility of house and car. 2. Provident Fund.—The Chairperson and every other Member shall be eligible to contribute to the Provident Fund of the Board, and the manner and terms and conditions applicable in this regard shall, mutatis mutandis, be the same as those applicable to other officers and employees of the Board for their Provident Fund. 3. Pension and gratuity.—The Chairperson and every other Member shall not be entitled to payment of pension or gratuity for service rendered in the Board. 4. Travelling allowance.—(1) The Chairperson and every other Member, while on transfer to join the Board, or on the expiry of her term with the Board for proceeding to her home town with family (incl","https://www.meity.gov.in/static/uploads/2025/02/f8a8e97a91091543fe19139cac7514a1.pdf#page=46"
"schedule-fifth-evidence-1","schedule-fifth","dpdp","final","Later source","Final, p. 38","FIFTH SCHEDULE [See rule 18] Terms and conditions of service of Chairperson and other Members 1. Salary. — (1) The Chairperson shall be entitled to receive a consolidated salary of rupees four lakh fifty thousand per month, without the facility of house and car. (2) Every Member other than the Chairperson shall be entitled to receive a consolidated salary of rupees four lakh per month, without the facility of house and car. 2. Provident Fund. —The Chairperson and every other Member shall be eligible to contribute to the Provident Fund of the Board, and the manner and terms and conditions applicable in this regard shall, mutatis mutandis, be the same as those applicable to other officers and employees of the Board for their Provident Fund. 3. Pension and gratuity. —The Chairperson and every other Member shall not be entitled to payment of pension or gratuity for service rendered in the Board. 4. Travelling allowance.—(1) The Chairperson and every other Member, while on transfer to join the Board, or on the expiry of her term with the Board for proceeding to her home town with family (","https://www.meity.gov.in/static/uploads/2025/11/53450e6e5dc0bfa85ebd78686cadad39.pdf#page=38"
"schedule-sixth-evidence-0","schedule-sixth","dpdp","draft","Earlier source","Draft, p. 49","SIXTH SCHEDULE [See rule 20(2)] Terms and conditions of appointment and service of officers and employees of Board 1. Classes of officials.—(1) The Board may, in accordance with the Fundamental Rules and applicable guidelines issued by the Ministry of Personnel, Public Grievances and Pensions, Department of Personnel and Training, appoint officers and employees on deputation from the Central Government, a State Government, an autonomous body under the overall control of the Central Government or a State Government, a statutory body, or a public sector enterprise, for a period not exceeding five years. (2) The Board may also receive or take on deputation any officer or other employee from the National Institute for Smart Government, for a period not exceeding five years, with salary and allowances guided by market standards and on such other terms and conditions as the Board may decide. 2. Gratuity.—The officers and employees shall be entitled to payment of such gratuity as may be admissible under the Payment of Gratuity Act, 1972 (39 of 1972). 3. Travelling allowance.—The travelling ","https://www.meity.gov.in/static/uploads/2025/02/f8a8e97a91091543fe19139cac7514a1.pdf#page=49"
"schedule-sixth-evidence-1","schedule-sixth","dpdp","final","Later source","Final, p. 40","SIXTH SCHEDULE [See rule 21(2)] Terms and conditions of appointment and service of officers and employees of Board 1. Classes of officials. — (1) The Board may, in accordance with the Fundamental Rules and applicable guidelines issued by the Ministry of Personnel, Public Grievances and Pensions, Department of Personnel and Training, appoint officers and employees on deputation from the Central Government, a State Government, an autonomous body under the overall control of the Central Government or a State Government, a statutory body, or a public sector enterprise, for a period not exceeding five years. (2) The Board may also receive or take on deputation any officer or other employee from the National Institute for Smart Government, for a period not exceeding five years, with salary and allowances guided by market standards and on such other terms and conditions as the Board may decide. 2. Gratuity. —The officers and employees shall be entitled to payment of such gratuity as may be admissible under the Payment of Gratuity Act, 1972 (39 of 1972). 3. Travelling allowance. —The travell","https://www.meity.gov.in/static/uploads/2025/11/53450e6e5dc0bfa85ebd78686cadad39.pdf#page=40"
"schedule-seventh-evidence-0","schedule-seventh","dpdp","draft","Earlier source","Draft, p. 51","SEVENTH SCHEDULE [See rule 22(1)] S. no. Purpose Authorised person (1) (2) (3) 1. Use by the State or any of its instrumentalities, of personal data of a Data Principal in the interest of sovereignty and integrity of India or security of the State Such officer of the State or of any of its instrumentalities notified under sub- section (2) of section 17 of the Act, as the Central Government or the head of such instrumentality, as the case may be, may designate in this behalf 2. Use by the State or any of its instrumentalities for the following purposes, namely:— (i) Performance of any function under any law for the time being in force in India; or (ii) Disclosure of any information for fulfilling any obligation under any law for the time being in force in India Person authorised under applicable law 3. Carrying out assessment for notifying any Data Fiduciary or class of Data Fiduciaries as Significant Data Fiduciary Such officer of the Central Government, in the Ministry of Electronics and Information Technology, as the Secretary in charge of the said Ministry may designate in this be","https://www.meity.gov.in/static/uploads/2025/02/f8a8e97a91091543fe19139cac7514a1.pdf#page=51"
"schedule-seventh-evidence-1","schedule-seventh","dpdp","final","Later source","Final, p. 40","SEVENTH SCHEDULE [See rule 23(1) and 8(3)] S. no. Purpose Authorised person (1) (2) (3) 1. Use, by the State or any of its instrumentalities, of personal data of a Data Principal in the interest of sovereignty and integrity of India or security of the State. Such officer of the State or of any of its instrumentalities notified under clause (a) of sub-section (2) of section 17 of the Act, as the Central Government or the head of such instrumentality, as the case may be, may designate in this behalf. 2. Use, by the State or any of its instrumentalities, of personal data of a Data Principal for the following purposes, namely: — (i) performance of any function under any law for the time being in force in India; or (ii) disclosure of any information for fulfilling any obligation under any law for the time being in force in India. Person authorised under applicable law. 3. Carrying out assessment for notifying any Data Fiduciary or class of Data Fiduciaries as Significant Data Fiduciary. Such officer of the Central Government, in the Ministry of Electronics and Information Technology, as t","https://www.meity.gov.in/static/uploads/2025/11/53450e6e5dc0bfa85ebd78686cadad39.pdf#page=40"
"sgi-commencement-evidence-0","sgi-commencement","sgi","sgi-draft","CONSULTATION DRAFT","Draft amendment 1","(2) They shall come into force on the ___ day of________, 2025.","https://www.meity.gov.in/static/uploads/2025/10/9de47fb06522b9e40a61e4731bc7de51.pdf"
"sgi-commencement-evidence-1","sgi-commencement","sgi","sgi-final","NOTIFIED AMENDMENT","Final amendment 1; Gazette p. 8","(2) They shall come into force on the 20 th day of February, 2026.","https://www.meity.gov.in/static/uploads/2026/02/f55fe52418b03f58b0669f6a8bc03b6d.pdf"
"sgi-definition-evidence-0","sgi-definition","sgi","sgi-draft","CONSULTATION DRAFT","Draft amendment 2(i)","information which is artificially or algorithmically created, generated, modified or altered using a computer resource, in a manner that such information reasonably appears to be authentic or true","https://www.meity.gov.in/static/uploads/2025/10/9de47fb06522b9e40a61e4731bc7de51.pdf"
"sgi-definition-evidence-1","sgi-definition","sgi","sgi-final","NOTIFIED AMENDMENT","Final amendment 2(a)(i)-(ii); Gazette p. 9","audio, visual or audio-visual information which is artificially or algorithmically created, generated, modified or altered using a computer resource, in a manner that such information appears to be real, authentic or true and depicts or portrays any individual or event in a manner that is, or is likely to be perceived as indistinguishable from a natural person or real-world event","https://www.meity.gov.in/static/uploads/2026/02/f55fe52418b03f58b0669f6a8bc03b6d.pdf"
"sgi-exclusions-evidence-0","sgi-exclusions","sgi","sgi-draft","CONSULTATION DRAFT","Draft amendment 2(i); no exclusion limbs","information which is artificially or algorithmically created, generated, modified or altered using a computer resource, in a manner that such information reasonably appears to be authentic or true","https://www.meity.gov.in/static/uploads/2025/10/9de47fb06522b9e40a61e4731bc7de51.pdf"
"sgi-exclusions-evidence-1","sgi-exclusions","sgi","sgi-final","NOTIFIED AMENDMENT","Final amendment 2(a)(ii), proviso (a)-(c); Gazette p. 9","routine or good-faith editing, formatting, enhancement, technical correction, colour adjustment, noise reduction, transcription, or compression that does not materially alter, distort, or misrepresent the substance, context, or meaning of the underlying audio, visual or audio-visual information","https://www.meity.gov.in/static/uploads/2026/02/f55fe52418b03f58b0669f6a8bc03b6d.pdf"
"sgi-unlawfulreferences-evidence-0","sgi-unlawfulreferences","sgi","sgi-draft","CONSULTATION DRAFT","Draft amendment 2(ii)","For the purposes of these rules, any reference to ‘information’ in the context of information being used to commit an unlawful act, including under clause (b) and (d) of sub-rule (1) of rule 3 and sub-rules (2) and (4) of rule 4, shall be construed to include synthetically generated information, unless the context otherwise requires","https://www.meity.gov.in/static/uploads/2025/10/9de47fb06522b9e40a61e4731bc7de51.pdf"
"sgi-unlawfulreferences-evidence-1","sgi-unlawfulreferences","sgi","sgi-final","NOTIFIED AMENDMENT","Final amendment 2(b), Rule 2(1A); Gazette p. 9","For the purposes of these rules, any reference to ‘information’ in the context of information being used to commit an unlawful act, including under clauses (b) and (d) of sub-rule (1) of rule 3 and sub-rules (2) and (4) of rule 4, shall be construed to include synthetically generated information, unless the context otherwise requires.","https://www.meity.gov.in/static/uploads/2026/02/f55fe52418b03f58b0669f6a8bc03b6d.pdf"
"sgi-removal-safeharbour-evidence-0","sgi-removal-safeharbour","sgi","sgi-draft","CONSULTATION DRAFT","Draft amendment 3","the removal or disabling of access to any information, including synthetically generated information, data or communication link within the categories of information specified under this clause as part of reasonable efforts or on the basis of grievances received under sub-rule (2) by such intermediary, shall not amount to a violation of the conditions of clauses (a) or (b) of sub-section (2) of section 79 of the Act","https://www.meity.gov.in/static/uploads/2025/10/9de47fb06522b9e40a61e4731bc7de51.pdf"
"sgi-removal-safeharbour-evidence-1","sgi-removal-safeharbour","sgi","sgi-final","NOTIFIED AMENDMENT","Final amendment 2(b), Rule 2(1B); Gazette p. 9","the removal of, or disabling of access to, any information, including synthetically generated information, data or communication link, by an intermediary in compliance with these rules, including in accordance with sub-rule (1), sub-rule (2) or sub-rule (3) of rule 3, or upon becoming aware of any violation thereunder by deploying reasonable and appropriate technical measures, including automated tools or other suitable mechanisms, shall not amount to a violation of the conditions specified under clauses (a) or (b) of sub-section (2) of section 79 of the Act","https://www.meity.gov.in/static/uploads/2026/02/f55fe52418b03f58b0669f6a8bc03b6d.pdf"
"sgi-user-notices-evidence-0","sgi-user-notices","sgi","sgi-baseline","PRIOR CONSOLIDATED RULE","Prior Rule 3(1)(c), updated 22 Oct 2025","an intermediary shall periodically inform its users, at least once every year, that in case of non-compliance with rules and regulations, privacy policy or user agreement for access or usage of the computer resource of such intermediary, it has the right to terminate the access or usage rights of the users to the computer resource immediately or remove non-compliant information or both, as the case may be","https://www.meity.gov.in/static/uploads/2025/10/708f6a344c74249c2e1bbb6890342f80.pdf"
"sgi-user-notices-evidence-1","sgi-user-notices","sgi","sgi-final","NOTIFIED AMENDMENT","Final amendment 3(a)(i); Gazette pp. 9-10","an intermediary shall periodically inform its users, at least once every three months, in a simple and effective manner through its rules and regulations, privacy policy, user agreement, or any other appropriate means, in English or any language specified in the Eighth Schedule to the Constitution,","https://www.meity.gov.in/static/uploads/2026/02/f55fe52418b03f58b0669f6a8bc03b6d.pdf"
"sgi-takedown-evidence-0","sgi-takedown","sgi","sgi-baseline","PRIOR CONSOLIDATED RULE","Prior Rule 3(1)(d), updated 22 Oct 2025","remove or disable access to such information within thirty-six hours of the receipt of such actual knowledge","https://www.meity.gov.in/static/uploads/2025/10/708f6a344c74249c2e1bbb6890342f80.pdf"
"sgi-takedown-evidence-1","sgi-takedown","sgi","sgi-final","NOTIFIED AMENDMENT","Final amendment 3(a)(ii); Gazette p. 11","for the words “thirty-six hours”, the words “within three hours” shall be substituted","https://www.meity.gov.in/static/uploads/2026/02/f55fe52418b03f58b0669f6a8bc03b6d.pdf"
"sgi-grievance-evidence-0","sgi-grievance","sgi","sgi-baseline","PRIOR CONSOLIDATED RULE","Prior Rule 3(2), updated 22 Oct 2025","resolve such complaint within a period of fifteen days from the date of its receipt","https://www.meity.gov.in/static/uploads/2025/10/708f6a344c74249c2e1bbb6890342f80.pdf"
"sgi-grievance-evidence-1","sgi-grievance","sgi","sgi-final","NOTIFIED AMENDMENT","Final amendment 3(b); Gazette p. 11","for the words “fifteen days”, the words “seven days” shall be substituted","https://www.meity.gov.in/static/uploads/2026/02/f55fe52418b03f58b0669f6a8bc03b6d.pdf"
"sgi-prevention-evidence-0","sgi-prevention","sgi","sgi-draft","CONSULTATION DRAFT","Draft amendment 4, Rule 3(3)","Where an intermediary offers a computer resource which may enable, permit, or facilitate the creation, generation, modification or alteration of information as synthetically generated information,","https://www.meity.gov.in/static/uploads/2025/10/9de47fb06522b9e40a61e4731bc7de51.pdf"
"sgi-prevention-evidence-1","sgi-prevention","sgi","sgi-final","NOTIFIED AMENDMENT","Final amendment 3(c), Rule 3(3)(a)(i); Gazette p. 11","it deploys reasonable and appropriate technical measures, including automated tools or other suitable mechanisms, to not allow any user to create, generate, modify, alter, publish, transmit, share, or disseminate, as the case may be, any such synthetically generated information that violates any law for the time being in force, including the Act, Bharatiya Nyaya Sanhita, 2023 (45 of 2023), Protection of Children from Sexual Offences Act, 2012 (32 of 2012), Explosive Substances Act, 1908 (6 of 1908),","https://www.meity.gov.in/static/uploads/2026/02/f55fe52418b03f58b0669f6a8bc03b6d.pdf"
"sgi-label-evidence-0","sgi-label","sgi","sgi-draft","CONSULTATION DRAFT","Draft amendment 4, Rule 3(3)(a)","covering at least ten percent of the surface area of the visual display or, in the case of audio content, during the initial ten percent of its duration","https://www.meity.gov.in/static/uploads/2025/10/9de47fb06522b9e40a61e4731bc7de51.pdf"
"sgi-label-evidence-1","sgi-label","sgi","sgi-final","NOTIFIED AMENDMENT","Final amendment 3(c), Rule 3(3)(a)(ii); Gazette p. 11","every such information not covered under sub-clause (i) of clause (a) is prominently labelled in a manner that ensures prominent visibility in the visual display that is easily noticeable and adequately perceivable, or, in the case of audio content, through a prominently prefixed audio disclosure, that can be used to immediately identify that such information is synthetically generated information which has been created, generated, modified or altered using a computer resource","https://www.meity.gov.in/static/uploads/2026/02/f55fe52418b03f58b0669f6a8bc03b6d.pdf"
"sgi-provenance-evidence-0","sgi-provenance","sgi","sgi-draft","CONSULTATION DRAFT","Draft amendment 4, Rule 3(3)(a)-(b)","labelled or embedded with a permanent unique metadata or identifier","https://www.meity.gov.in/static/uploads/2025/10/9de47fb06522b9e40a61e4731bc7de51.pdf"
"sgi-provenance-evidence-1","sgi-provenance","sgi","sgi-final","NOTIFIED AMENDMENT","Final amendment 3(c); Gazette pp. 11-12","such information shall be embedded with a permanent metadata or other appropriate technical provenance mechanisms, to the extent technically feasible, including a unique identifier, to identify the computer resource of the intermediary used to create, generate, modify or alter such information; 12 THE GAZETTE OF INDIA : EXTRAORDINARY [PART II—SEC. 3(i)]","https://www.meity.gov.in/static/uploads/2026/02/f55fe52418b03f58b0669f6a8bc03b6d.pdf"
"sgi-declarations-evidence-0","sgi-declarations","sgi","sgi-draft","CONSULTATION DRAFT","Draft amendment 5, Rule 4(1A)","deploy reasonable and appropriate technical measures, including automated tools or other suitable mechanisms","https://www.meity.gov.in/static/uploads/2025/10/9de47fb06522b9e40a61e4731bc7de51.pdf"
"sgi-declarations-evidence-1","sgi-declarations","sgi","sgi-final","NOTIFIED AMENDMENT","Final amendment 4(a); Gazette p. 12","deploy appropriate technical measures, including automated tools or other suitable mechanisms","https://www.meity.gov.in/static/uploads/2026/02/f55fe52418b03f58b0669f6a8bc03b6d.pdf"
"sgi-proactive-evidence-0","sgi-proactive","sgi","sgi-baseline","PRIOR CONSOLIDATED RULE","Prior Rule 4(4), updated 22 Oct 2025","endeavour to deploy technology-based measures, including automated tools or other mechanisms","https://www.meity.gov.in/static/uploads/2025/10/708f6a344c74249c2e1bbb6890342f80.pdf"
"sgi-proactive-evidence-1","sgi-proactive","sgi","sgi-final","NOTIFIED AMENDMENT","Final amendment 4(b); Gazette p. 12","deploy appropriate technical measures, including automated tools or other suitable mechanisms","https://www.meity.gov.in/static/uploads/2026/02/f55fe52418b03f58b0669f6a8bc03b6d.pdf"
"sgi-criminal-evidence-0","sgi-criminal","sgi","sgi-baseline","PRIOR CONSOLIDATED RULE","Prior Rule 7, updated 22 Oct 2025","including the provisions of the Act and the Indian Penal Code","https://www.meity.gov.in/static/uploads/2025/10/708f6a344c74249c2e1bbb6890342f80.pdf"
"sgi-criminal-evidence-1","sgi-criminal","sgi","sgi-final","NOTIFIED AMENDMENT","Final amendment 5; Gazette p. 12","“the Bharatiya Nyaya Sanhita, 2023 (45 of 2023)”","https://www.meity.gov.in/static/uploads/2026/02/f55fe52418b03f58b0669f6a8bc03b6d.pdf"
"aig-principles-evidence-0","aig-principles","aig","aig-consultation","CONSULTATION REPORT","Consultation report II.A; printed pp. 3-4","Transparency: AI systems should be accompanied with meaningful information on their development, processes, capabilities & limitations, and should be interpretable and explainable, as appropriate6. Users should know when they are dealing with AI.","https://indiaai.s3.ap-south-1.amazonaws.com/docs/subcommittee-report-dec26.pdf"
"aig-principles-evidence-1","aig-principles","aig","aig-guidelines","PUBLISHED GUIDELINES","Part 1; printed pp. 12-13","All other things being equal, responsible innovation should be prioritised over cautionary restraint. India AI Governance Guidelines 06 Part 2 – Key Recommendations: This section examines key issues in AI governance from India’s perspective & makes recommendations across six pillars: 01 Infrastructure Enable innovation and adoption of AI by expanding access to foundational resources such as data and compute, attract investments, and leverage the power of digital public infrastructure for scale, impact and, inclusion. 03 Policy & Regulation Adopt balanced, agile, and flexible frameworks that support innovation and mitigate the risks of AI. Review current laws, identify regulatory gaps in relation to AI systems, and address them with targeted amendments. 05 Accountability Adopt a graded liability system based on the function performed, level of risk, and whether due diligence was observed. Applicable laws should be enforced, while guidelines can assist organisations in meeting their obligations Greater transparency is required about how different actors in the AI value chain operate and their compliance with legal obligations. 06 Institutions Adopt a whole of government approach where ministries, sectoral regulators, and other public bodies work together to develop and implement AI governance frameworks. An AI Governance Group (AIGG) should be set up, to be supported by a Technology & Policy Expert Committee (TPEC). The AI Safety Institute (AISI) should be resourced to provide technical expertise on trust and safety issues, while sector regulators continue to exercise enforcement powers. 04 Risk Mitigation Develop an India-specific risk assessment framework that reflects real-world evidence of harm. Encourage compliance through voluntary measures supported by techno-legal solutions as appropriate. Additional obligations for risk mitigation may apply in specific contexts, for e.g. in relation to sensitive applications or to protect vulnerable groups 02 Capacity Building Initiate education, skilling, and training programs to empower people, build trust, and increase awareness about the risks and opportunities of AI. India AI Governance Guidelines 07 Part 3 - Action Plan The Action Plan identifies outcomes mapped to short, medium, and long-term timelines. Timeframe Short-term Key Priorities Establish key governance institutions Develop India-specific risk frameworks Adopt voluntary commitments Suggest legal amendments Develop clear liability regimes Expand access to infrastructure Launch awareness programmes Increase access to AI safety tools Medium-term Long-term Publish common standards Amend laws and regulations Operationalise AI incidents systems Pilot regulatory sandboxes Expand integration of DPI with AI Continue ongoing engagements (capacity building, standard setting, access and adoption, etc.) Review and update governance frameworks to ensure sustainability of the digital ecosystem. Draft new laws based on emerging risks and capabilities High-level body (AI Governance Group) Government agencies (MeitY, MHA, MEA, DoT, etc.) Sectoral regulators (RBI, SEBI, TRAI, CCI, etc.) Advisory bodies (NITI Aayog, Office of PSA, etc.) Standards bodies (BIS, TEC, etc.) An institutional framework to implement the AI governance guidelines has also been suggested. It maps key agencies to their expected role and functions and includes: India AI Governance Guidelines 08 Part 4 – Practical Guidelines This section provides practical guidance for industry actors and regulators to increase clarity, predictability, and accountability in the ecosystem. For industry: ensure compliance with all Indian laws; adopt voluntary frameworks; publish transparency reports; provide grievance redressal mechanisms; mitigate risks with techno-legal solutions. For regulators: support innovation while mitigating real harms; avoid compliance-heavy regimes; promote techno-legal approaches; ensure frameworks are flexible and subject to periodic review. Together, these guidelines create a balanced, agile, flexible, pro-innovation, and future-ready governance framework, enabling India to unlock AI’s benefits for growth, inclusion, and competitiveness, while safeguarding against risks to individuals and society. India AI Governance Guidelines 09 Overview of India’s AI Governance Framework Below are ten points that summarise India’s overall approach to AI governance: The goal is to encourage innovation and adoption, while protecting individuals and society from the risk of harm caused by the development or use of AI. An effective governance framework is one which balances these twin objectives. India’s approach in general is to govern the applications of AI by empowering the relevant sectoral regulators, and not to regulate the underlying technology itself. A balanced, agile, flexible, and pro-innovation approach to AI governance is best suited to India’s goals. The primary goal at this stage is to leverage AI for economic growth, inclusive development, resilience and global competitiveness. Given India’s talent advantage, the wide adoption of AI across sectors can result in productivity gains, which can drive economic growth and create jobs. Further, AI-based applications, with multilingual and voice-based support, are being deployed in agriculture, healthcare, education, disaster management, law, and finance are enabling digital inclusion and creating real positive impact. A balanced framework would help maximise these benefits, while retaining the regulatory agility and flexibility to intervene and mitigate risks as and when they emerge. Governance frameworks should boost awareness, infrastructure, investments and overall domestic capacity. Key sectors such as pharmaceuticals, telecommunications, manufacturing, media and social sectors hold significant potential for AI adoption, but to realize this potential requires a governance framework to enhance awareness, infrastructure, and investments. Initiatives like IndiaAI Mission are steps toward fostering AI adoption. Expanding domestic capacity while accelerating responsible adoption across sectors is critical to advancing India’s goals of inclusive growth and global competitiveness. Mitigating the risks of AI to individuals and society is a key pillar of the governance framework. In general, the risks of AI include malicious use (e.g. misrepresentation through deepfakes), algorithmic discrimination, lack of transparency, systemic risks and threats to national security. These risks are either created or exacerbated by AI. An India-specific risk assessment framework, based on empirical evidence of harm, is critical. Further, industry-led compliance efforts and a combination of different accountability models are useful to mitigate harm. India AI Governance Guidelines 10 Existing regulations can be applied to address many of the risks. Existing laws (for e.g. on information technology, data protection, consumer protection and statutory civil and criminal codes, etc.), can be used to govern AI applications. Therefore, at this stage, a separate law to regulate AI is not needed given the current assessment of risks. However, timely and consistent enforcement of applicable laws is required to build trust and mitigate harm. Legal amendments may be considered to encourage innovation and address gaps. Existing laws on copyright may need to be amended, for example, to enable the large-scale training of AI models, while ensuring adequate protections for copyright holders and data principals. Rules for how digital platforms are classified should also be updated to better describe the unique functions, obligations, and liability regime applicable to different actors in the AI value chain. Similarly, if existing regulations are unable to tackle the emerging risks to individuals, then additional rights or obligations may be introduced. For example, data portability rights could be adopted to give individuals more control over their data. Techno-legal approaches can be applied to support specific policy objectives. Techno-legal solutions can be effective tools of governance. They can be used to give effect to established policy through verifiable methods. While traditional approaches to governance have focused primarily on regulatory instruments, effective AI governance could benefit from technology-enabled solutions in areas such as content authentication, privacy preservation, and bias mitigation. Transparency about the AI value chain can promote accountability. The AI value chain comprises various actors (developers, deployers and users), operating at different layers of the technology stack (data center, models, applications), performing dynamic functions (training, customisation, distribution, etc.) through complex inter-personal relationships. Many aspects of these technical and organisational relationships are dynamic and not fully understood by regulators . Greater transparency about the technical and organisational aspects of AI development and deployment will help regulators design governance mechanisms that are targeted, proportionate and effective. Voluntary measures can help mitigate emerging risks. Voluntary frameworks, if proactively adopted in the form of principles, commitments, or standards, can help build trust. The goal of this approach is to enhance trust and safety without introducing burdensome regulations during the nascent stage of ecosystem development. As the industry matures, some baseline measures may be converted into mandatory requirements, which will be enforced by sectoral regulators. India AI Governance Guidelines 11 A ‘whole of government’ approach is required to coordinate policy actions and prepare for future AI development. Given the cross-sectoral nature of AI, the constraints on regulatory capacity , and the absence of a nodal regulator for emerging technologies, India’s AI governance framework would benefit from a coordinated institutional effort, wherein key agencies, sectoral regulators, and standard setting bodies are involved in the formulation and implementation of policy frameworks to give effect to the objectives of such AI governance frameworks. India AI Governance Guidelines 12 Part 1: Key Principles The Committee recommends that India’s AI governance framework be guided by certain principles or ‘sutras’, applicable across sectors and technologies. A useful set of principles in this regard has been published by a committee set up by the Reserve Bank of India (RBI) in August 2025. The committee to develop a Framework for Responsible and Ethical Enablement of Artificial Intelligence (“FREE-AI Committee”) recommends seven principles or sutras to guide AI development and risk mitigation in the financial sector. These principles have been suitably adapted below to ensure they have cross-sectoral applicability, are technology-neutral, and align with this Committee’s recommendations. 01 02 Trust is essential to support innovation, adoption, and progress, as well as risk mitigation. Without trust, the benefits of artificial intelligence will not be realised at scale. Trust must be embedded across the value chain – i.e. in the underlying technology, the organisations building these tools, the institutions responsible for supervision, and the trust that individuals will use these tools responsibly. Therefore, trust is the foundational principle that guides all AI development and deployment in India. AI governance frameworks should be human-centric. That means AI systems should be designed and deployed in ways that empower individuals and reflect the value systems of the people for whom the technology is built to serve. From a governance perspective, a people-first approach means that humans should, as far as possible, have final control over AI systems, and human oversight is essential to maintain accountability. A people-first approach also prioritises human capacity development, ethical safeguards, trust and safety. Trust is the Foundation People First India AI Governance Guidelines 13 04 A key goal of India’s approach to AI governance is to promote inclusive development. Therefore, AI systems should be designed and tested to ensure that outcomes are fair, unbiased, and do not discriminate against anyone, including those from marginalised communities. AI should be leveraged to promote inclusive development while mitigating risks of exclusion, bias, and discrimination. 05 03 To ensure that India AI’s ecosystem progresses based on trust, AI developers and deployers should remain visible and accountable. Accountability should be clearly assigned based on the function performed, risk of harm, and due diligence conditions imposed. Accountability may be ensured through a variety of policy, technical and market-led mechanisms. 06 Understandability is fundamental to building trust and should be a core design feature, not an afterthought. Though AI systems are probabilistic, they must have clear explanations and disclosures to help users and regulators understand how the system works, what it means for the user, and the likely outcomes intended by the entities deploying them, to the extent technically feasible. 07 AI systems should be designed with safeguards to minimise risks of harm and should be robust and resilient. These systems should have capabilities to detect anomalies and provide early warnings to limit harmful outcomes. AI development efforts should be environmentally responsible and resource-efficient, and the adoption of smaller, resource-efficient ‘lightweight’ models should be encouraged. AI-led innovation is a pathway to achieving national goals, such as socio-economic development, global competitiveness, and resilience. Therefore, AI governance frameworks should actively encourage adoption and serve as a catalyst for impactful innovation. That said, innovation should be carried out responsibly and should aim to maximise overall benefit while reducing potential harm. All other things being equal, responsible innovation should be prioritised over cautionary restraint.","https://static.pib.gov.in/WriteReadData/specificdocs/documents/2025/nov/doc2025115685601.pdf"
"aig-infrastructure-evidence-0","aig-infrastructure","aig","aig-consultation","CONSULTATION REPORT","Consultation report introduction; printed p. 1","The IndiaAI mission will establish a comprehensive ecosystem catalysing AI innovation through strategic programs and partnerships across the public and private sectors. By democratizing computing access, improving data quality, developing indigenous AI capabilities, attracting top AI talent, enabling industry collaboration, providing startup risk capital, ensuring socially impactful AI projects and bolstering ethical AI, it will drive responsible, inclusive growth of India's AI ecosystem.","https://indiaai.s3.ap-south-1.amazonaws.com/docs/subcommittee-report-dec26.pdf"
"aig-infrastructure-evidence-1","aig-infrastructure","aig","aig-guidelines","PUBLISHED GUIDELINES","Part 2.1; printed pp. 14-16","Empower the India AI mission, line ministries, sectoral regulators and state governments to increase AI adoption through initiatives on infrastructure development and increasing access to data and computing resources.","https://static.pib.gov.in/WriteReadData/specificdocs/documents/2025/nov/doc2025115685601.pdf"
"aig-capacity-evidence-0","aig-capacity","aig","aig-consultation","CONSULTATION REPORT","Consultation recommendation 6; printed p. 19","review and strengthen the mechanisms for redress and adjudication of matters concerning digital technologies (including the risks posed by AI applications) keeping in mind the rapid growth in the digital ecosystem and the adoption of digital technologies at scale.","https://indiaai.s3.ap-south-1.amazonaws.com/docs/subcommittee-report-dec26.pdf"
"aig-capacity-evidence-1","aig-capacity","aig","aig-guidelines","PUBLISHED GUIDELINES","Part 2.2; printed p. 17","Conduct training programs for government officials, regulators and civil servants to understand AI technology developments, to manage public procurements effectively, and to encourage the responsible use of AI in the public sector.","https://static.pib.gov.in/WriteReadData/specificdocs/documents/2025/nov/doc2025115685601.pdf"
"aig-policy-evidence-0","aig-policy","aig","aig-consultation","CONSULTATION REPORT","Consultation recommendation 6; printed p. 19","Form a sub-group to work with MEITY to suggest specific measures that may be considered under the proposed legislation like Digital India Act (DIA) to strengthen and harmonise the legal framework, regulatory and technical capacity and the adjudicatory set-up for the digital industries to ensure effective grievance redressal and ease of doing business.","https://indiaai.s3.ap-south-1.amazonaws.com/docs/subcommittee-report-dec26.pdf"
"aig-policy-evidence-1","aig-policy","aig","aig-guidelines","PUBLISHED GUIDELINES","Part 2.3; printed pp. 18-24","The Committee’s current assessment is that many of the risks emerging from AI can be addressed through existing laws.","https://static.pib.gov.in/WriteReadData/specificdocs/documents/2025/nov/doc2025115685601.pdf"
"aig-risk-evidence-0","aig-risk","aig","aig-consultation","CONSULTATION REPORT","Consultation report III.B; printed pp. 11-12","The risks posed by a system depends not just on their capability, but on the context of deployment as well. The categorisations of systems purely based on computational capacity or data parameters may not be effective.","https://indiaai.s3.ap-south-1.amazonaws.com/docs/subcommittee-report-dec26.pdf"
"aig-risk-evidence-1","aig-risk","aig","aig-guidelines","PUBLISHED GUIDELINES","Part 2.4; printed pp. 25-30","the Committee recommends that a suitable risk assessment and classification framework be developed for India that accounts for its unique social, economic, and cultural context, on the basis of which appropriate risk mitigation measures can be deployed.","https://static.pib.gov.in/WriteReadData/specificdocs/documents/2025/nov/doc2025115685601.pdf"
"aig-incidents-evidence-0","aig-incidents","aig","aig-consultation","CONSULTATION REPORT","Consultation recommendation 3; printed pp. 16-17","the database should receive reports from public sector organisations deploying AI systems (whether directly or through public-private partnerships).","https://indiaai.s3.ap-south-1.amazonaws.com/docs/subcommittee-report-dec26.pdf"
"aig-incidents-evidence-1","aig-incidents","aig","aig-guidelines","PUBLISHED GUIDELINES","Part 2.4; printed pp. 26-27","The database should be a national-level centralised system that has the ability to query and collect data from smaller, local databases in a federated manner.","https://static.pib.gov.in/WriteReadData/specificdocs/documents/2025/nov/doc2025115685601.pdf"
"aig-voluntary-evidence-0","aig-voluntary","aig","aig-consultation","CONSULTATION REPORT","Consultation recommendation 4; printed pp. 17-18","The voluntary commitments are expected to complement the legal framework and should minimise the need for prescriptive/ onerous regulations. The voluntary commitments should provide the requisite flexibility to the industry to commit to measures which are meaningful and implementable while providing the much-needed visibility to the regulators and government to the governance measures being implemented.","https://indiaai.s3.ap-south-1.amazonaws.com/docs/subcommittee-report-dec26.pdf"
"aig-voluntary-evidence-1","aig-voluntary","aig","aig-guidelines","PUBLISHED GUIDELINES","Part 2.4; printed pp. 27-28","Their essential features include optionality, flexibility, adaptability, and lack of legal enforceability or punitive action.","https://static.pib.gov.in/WriteReadData/specificdocs/documents/2025/nov/doc2025115685601.pdf"
"aig-techno-evidence-0","aig-techno","aig","aig-consultation","CONSULTATION REPORT","Consultation recommendation 5; printed pp. 18-19","examine the viability of such technological solutions, including watermarking, platform labelling, and other fact-checking tools.","https://indiaai.s3.ap-south-1.amazonaws.com/docs/subcommittee-report-dec26.pdf"
"aig-techno-evidence-1","aig-techno","aig","aig-guidelines","PUBLISHED GUIDELINES","Part 2.4; printed pp. 28-30","DEPA for AI Training) is an example of a techno-legal approach with both opportunities and challenges.","https://static.pib.gov.in/WriteReadData/specificdocs/documents/2025/nov/doc2025115685601.pdf"
"aig-accountability-evidence-0","aig-accountability","aig","aig-consultation","CONSULTATION REPORT","Consultation recommendation 6; printed p. 19","review and strengthen the mechanisms for redress and adjudication of matters concerning digital technologies (including the risks posed by AI applications) keeping in mind the rapid growth in the digital ecosystem and the adoption of digital technologies at scale.","https://indiaai.s3.ap-south-1.amazonaws.com/docs/subcommittee-report-dec26.pdf"
"aig-accountability-evidence-1","aig-accountability","aig","aig-guidelines","PUBLISHED GUIDELINES","Part 2.5; printed pp. 31-33","These grievance redressal systems should also be separate from the AI Incidents Database that the Committee has recommended.","https://static.pib.gov.in/WriteReadData/specificdocs/documents/2025/nov/doc2025115685601.pdf"
"aig-institutions-evidence-0","aig-institutions","aig","aig-consultation","CONSULTATION REPORT","Consultation recommendations 1-2; printed pp. 13-16","MeitY should establish and host a technical secretariat that brings in officers on deputation from departments and regulators participating in the Committee/ Group as well as experts from academia and industry.","https://indiaai.s3.ap-south-1.amazonaws.com/docs/subcommittee-report-dec26.pdf"
"aig-institutions-evidence-1","aig-institutions","aig","aig-guidelines","PUBLISHED GUIDELINES","Part 2.6; printed pp. 34-37","It should be supported by a Technology & Policy Expert Committee (TPEC), which will advise the group on strategy and implementation.","https://static.pib.gov.in/WriteReadData/specificdocs/documents/2025/nov/doc2025115685601.pdf"
"aig-action-plan-evidence-0","aig-action-plan","aig","aig-consultation","CONSULTATION REPORT","Consultation report IV; six recommendations","The committee recommends the following:","https://indiaai.s3.ap-south-1.amazonaws.com/docs/subcommittee-report-dec26.pdf"
"aig-action-plan-evidence-1","aig-action-plan","aig","aig-guidelines","PUBLISHED GUIDELINES","Part 3; printed pp. 38-41","The Action Plan below identifies outcomes mapped to short, medium and long-term timelines.","https://static.pib.gov.in/WriteReadData/specificdocs/documents/2025/nov/doc2025115685601.pdf"
"aig-practical-evidence-0","aig-practical","aig","aig-consultation","CONSULTATION REPORT","Consultation recommendation 4; printed pp. 17-18","commitments to release regular transparency reports by AI developers and deployers; •","https://indiaai.s3.ap-south-1.amazonaws.com/docs/subcommittee-report-dec26.pdf"
"aig-practical-evidence-1","aig-practical","aig","aig-guidelines","PUBLISHED GUIDELINES","Part 4; printed pp. 42-43","Proposed AI governance frameworks should avoid compliance-heavy requirements (for example, mandatory approvals, licensing conditions, etc.) unless deemed necessary.","https://static.pib.gov.in/WriteReadData/specificdocs/documents/2025/nov/doc2025115685601.pdf"
"impl-aigeg-evidence-0","impl-aigeg","impl","impl-aigeg-order","AIGEG constitution memorandum","Office memorandum, p. 1","Subject: - Constitution of AI Governance and Economic Group (AIGEG) -reg. The undersigned is directed to convey constitution olAI Governance and Economic Group (AIGEG).","https://www.meity.gov.in/static/uploads/2026/04/43a4ec455c26b0f061cc7cca98770a45.pdf"
"impl-aigeg-evidence-1","impl-aigeg","impl","impl-aigeg-release","AIGEG constitution announcement","Constitution announcement, opening paragraphs","The constitution of the AIGEG gives formal effect to institutional recommendations made in India’s AI Governance Guidelines and the Economic Survey.","https://www.pib.gov.in/PressReleasePage.aspx?PRID=2252739&reg=1&lang=1"
"impl-aigeg-evidence-2","impl-aigeg","impl","impl-aigeg-order","AIGEG constitution memorandum","Office memorandum, terms of reference","Terms of Reference of AIGEG . Coordinate policy across ministries, departments and sectoral regulators, and oversee cross- sectoral govemance issues. . Review existing mechanisms and issue guidelines to ensure that firms are held accountable for compliance with local laws. . Oversee national initiatives on A[ govemance across the public and private sector. . Promote responsible Al innovation and beneficial deployment ofAI in key sectors. . Study the emerging risks olAI, regulatory gaps. and need for legal amendments. . Develop and oversee India's position and strategy on Al governance. . Work with industry and other stakeholders to develop a roadmap for Al deployment over the next decade, including assessment ofjob profiles affected, geographical concentration of impacts. and extent of automation and augmentation. . Classi& AI use cases into categories such as ""deploy"", ""pilot"" and ""defer"" based on readiness in terms of data availability, skills, legal frameworks and capacity for labour adjustment. r Assess the labour market impacts ofAI adoption in advance, and develop mitigation strategies and transition plans that account for informality. skilldiversity and regional variations.","https://www.meity.gov.in/static/uploads/2026/04/43a4ec455c26b0f061cc7cca98770a45.pdf"
"impl-tpec-evidence-0","impl-tpec","impl","impl-tpec-order","TPEC constitution memorandum","Office memorandum, p. 1","Subject: - Constitution of Technology and Policy Expert Committee (TPEC).-reg. The undersigned is directed to convey constitution olTechnology and Policy Expert Committee (TPEC).","https://d12aarmt01l54a.cloudfront.net/cms/files/constitution-of-tpec/1776447206.pdf"
"impl-tpec-evidence-1","impl-tpec","impl","impl-tpec-order","TPEC constitution memorandum","Office memorandum, composition table, p. 1","S.No Name and Designation I Secretary, MeitY Chairperson 2. Prof'. B. Ravindran. IIT Madras Member 3 Prol Raj at Moona. Director. ll f Gandhinagar Member 4 Representative of NASSCOM Member 5 Representative of DSCI Member 6 Representative of MAIT Member","https://d12aarmt01l54a.cloudfront.net/cms/files/constitution-of-tpec/1776447206.pdf"
"impl-tpec-evidence-2","impl-tpec","impl","impl-tpec-release","TPEC constitution announcement","Announcement, advisory-remit paragraph","As an advisory body for the AIGEG, it will provide the Group with expert inputs necessary to make well-informed decisions on policy design, regulatory measures and India’s engagements in AI governance across international forums.","https://www.pib.gov.in/PressReleasePage.aspx?PRID=2253322&reg=1&lang=1"
"impl-aisi-status-evidence-0","impl-aisi-status","impl","impl-safety-status","Safe & Trusted AI parliamentary explanation","27 July release, Safe & Trusted AI section","The AI Safety Institute has been established for AI safety, security and developing trust with diverse stakeholders, engaging academia, startups, industry and Government bodies through a hub-and-spoke model.","https://www.pib.gov.in/PressReleasePage.aspx?PRID=2289946&reg=3&lang=1"
"impl-aisi-status-evidence-1","impl-aisi-status","impl","impl-mission-status","IndiaAI Mission governance progress explanation","29 July release, institutional progress section","An **IndiaAI Safety Institute** is being established as a hub for indigenous research and development on AI safety, to support India’s technical and institutional infrastructure for AI governance.","https://www.pib.gov.in/PressReleasePage.aspx?PRID=2291062&reg=48&lang=1"
"impl-aisi-leadership-evidence-0","impl-aisi-leadership","impl","impl-director","Safety Institute director recruitment","Recruitment notice, position and deadline table","India AI is currently inviting applications for the position of **Director – IndiaAI Safety Institute** on a purely contractual/ consolidated basis. |Position|Director – IndiaAI Safety Institute| |--|--| |No. of Positions|01| |Last Date|02.06.2026|","https://dic.gov.in/jobs/director-indiaai-safety-institute/"
"impl-aisi-leadership-evidence-1","impl-aisi-leadership","impl","impl-director","Safety Institute director recruitment","Recruitment notice, roles and responsibilities","Provide overall strategic direction, leadership and oversight for the IndiaAI Safety Institute, including finalisation of its scope of work.","https://dic.gov.in/jobs/director-indiaai-safety-institute/"
"impl-aisi-partners-evidence-0","impl-aisi-partners","impl","impl-partners","IndiaAI Safety Institute partner EOI","EOI section 7, timelines","Date of EoI Publishing 9th May 2025 b) Last Date for EoI Submission 9th June 2025","https://indiaai.s3.ap-south-1.amazonaws.com/docs/sg-call-for-partnerships-indiaai-safety-institute.pdf"
"impl-aisi-partners-evidence-1","impl-aisi-partners","impl","impl-partners","IndiaAI Safety Institute partner EOI","EOI section 6.2(a)","Partner institutions are to support 50% of the total project cost estimated.","https://indiaai.s3.ap-south-1.amazonaws.com/docs/sg-call-for-partnerships-indiaai-safety-institute.pdf"
"impl-aisi-partners-evidence-2","impl-aisi-partners","impl","impl-partners","IndiaAI Safety Institute partner EOI","EOI section 6.5","Each selected partner institution will be required to enter into an agreement with IndiaAI, which will also include their agreed-upon mandate and scope of work.","https://indiaai.s3.ap-south-1.amazonaws.com/docs/sg-call-for-partnerships-indiaai-safety-institute.pdf"
"impl-aisi-partners-evidence-3","impl-aisi-partners","impl","impl-partners","IndiaAI Safety Institute partner EOI","EOI section 8.3","8.3 IndiaAI may classify certain Collective Outputs as confidential and may restrict the publication of such outputs, including any outputs that may raise national security concerns. All efforts will be undertaken by IndiaAI to make all relevant partners aware of such classification prior to","https://indiaai.s3.ap-south-1.amazonaws.com/docs/sg-call-for-partnerships-indiaai-safety-institute.pdf"
"impl-projects-evidence-0","impl-projects","impl","impl-safety-status","Safe & Trusted AI parliamentary explanation","27 July release, Safe & Trusted AI pillar","13 Responsible AI projects have been approved in educational institutions across the country. These include topics such as bias mitigation, machine unlearning, privacy-preserving AI, explainability, deepfake detection and AI risk assessment.","https://www.pib.gov.in/PressReleasePage.aspx?PRID=2289946&reg=3&lang=1"
"impl-projects-evidence-1","impl-projects","impl","impl-mission-status","IndiaAI Mission governance progress explanation","29 July release, responsible AI projects","Under the **Safe & Trusted AI pillar** of the IndiaAI Mission, 13 Responsible AI projects have been selected across themes including AI bias mitigation, algorithm auditing, explainable AI, privacy-preserving AI and deepfake detection, being implemented by academic institutions, start-ups, industry and civil-society organisations to develop indigenous tools and frameworks including tools for assessing model fairness and an open-source framework for participatory algorithmic auditing. -","https://www.pib.gov.in/PressReleasePage.aspx?PRID=2291062&reg=48&lang=1"
"impl-tool-delivery-evidence-0","impl-tool-delivery","impl","impl-projects","Second Safe & Trusted AI EOI selections","Second EOI selection table","List of Projects selected under Second EOI in Safe & Trusted AI pillar of IndiaAI Mission Theme Project Title Selected Applicant Deepfake Detection Tool Saakshya: Multi-Agent, RAG-Enhanced Framework for Deepfake Detection and Governance IIT Jodhpur (CI) & IIT Madras AI Vishleshak: Improving Audio-Visual Deepfake Detection and Handwritten Signature Forgery Detection with Adversarial Robustness, Explainability & Domain Generalization IIT Mandi & Directorate of Forensic Services, Himachal Pradesh Real-Time Voice Deepfake Detection System IIT Kharagpur Bias Mitigation Evaluating Gender Bias in Agriculture LLMs- Creating Digital Public Goods (DPG) for Benchmarking and Fair Data Work Digital Futures Lab & Karya Penetration Testing & Evaluation Anvil: Penetration Testing & Evaluation Tool for LLM and Generative AI Globals ITES Pvt Ltd & IIIT Dharwad","https://www.pib.gov.in/PressReleasePage.aspx?PRID=2175698"
"impl-tool-delivery-evidence-1","impl-tool-delivery","impl","impl-safety-status","Safe & Trusted AI parliamentary explanation","27 July release, named initiatives","Key initiatives include: - Saakshya, multi-agent framework developed by IIT Jodhpur & IIT Madras for deep fake detection - AI Vishleshak for improving Audio-Visual forgery detection system - IIT Kharagpur’s project on Real-Time Voice Deepfake Detection System","https://www.pib.gov.in/PressReleasePage.aspx?PRID=2289946&reg=3&lang=1"
"impl-incident-repository-evidence-0","impl-incident-repository","impl","aig-guidelines","India AI Governance Guidelines","Guidelines Part 2.4; printed pp. 26–27","The database should be a national-level centralised system that has the ability to query and collect data from smaller, local databases in a federated manner.","https://static.pib.gov.in/WriteReadData/specificdocs/documents/2025/nov/doc2025115685601.pdf"
"impl-incident-repository-evidence-1","impl-incident-repository","impl","impl-cert-directions","CERT-In cyber incident directions","Directions clause (ii), PDF p. 3","Any service provider, intermediary, data centre, body corporate and Government organisation shall mandatorily report cyber incidents as mentioned in Annexure I to CERT-In within 6 hours of noticing such incidents or being brought to notice about such incidents. The incidents can be reported to CERT-In via email (incident@cert-in.org.in), Phone (1800- 11-4949) and Fax (1800-11-6969). The details regarding methods and formats of reporting cyber security incidents is also published on the website of CERT-In www.cert-in.org.in and will be updated from time to time. Page 3 of 8","https://www.cert-in.org.in/PDF/CERT-In_Directions_70B_28.04.2022.pdf"
"impl-incident-repository-evidence-2","impl-incident-repository","impl","impl-cert-directions","CERT-In cyber incident directions","Annexure I, category xx, PDF p. 7","Attacks or malicious/ suspicious activities affecting systems/ servers/software/ applications related to Artificial Intelligence and Machine Learning","https://www.cert-in.org.in/PDF/CERT-In_Directions_70B_28.04.2022.pdf"
"impl-redress-evidence-0","impl-redress","impl","impl-redress","Deepfake safeguards and grievance explanation","30 July release, Grievance Redressal Mechanism","Intermediaries are required to appoint Grievance Officers and resolve complaints within the prescribed timelines. Users can appeal online at https://www.gac.gov.in if their complaints are not addressed by the intermediaries’ Grievance Officers. GACs ensure accountability and transparency of content moderation decisions. The complaints registered with the Police are investigated by the concerned Law Enforcement Agencies (LEAs) under the relevant statutory framework. Since ‘Police’ and ‘Public Order’ are State subjects as per the Seventh Schedule of the Constitution of India, the States/UTs are primarily responsible for the prevention, detection, investigation and prosecution of crimes including cybercrime through their Law Enforcement Agencies (LEAs).","https://www.pib.gov.in/PressReleasePage.aspx?PRID=2291671&reg=3&lang=1"
"impl-redress-evidence-1","impl-redress","impl","aig-guidelines","India AI Governance Guidelines","Guidelines Part 2.5; printed p. 32","The Committee recommends that organisations deploying AI systems should establish accessible and effective grievance redressal mechanisms as part of their accountability obligations. Such mechanisms should be designed to make it easy and reliable for individuals to report harms or concerns, without fear of retaliation or undue burden. Organisations should adopt a proactive approach, ensuring that redressal channels are clearly visible, available in multiple languages and formats, and responsive within reasonable timelines. Feedback received through these channels should be systematically analysed and integrated into product improvements, creating a loop between user experience and risk mitigation. These grievance redressal systems should also be separate from the AI Incidents Database that the Committee has recommended.","https://static.pib.gov.in/WriteReadData/specificdocs/documents/2025/nov/doc2025115685601.pdf"
"impl-voluntary-evidence-0","impl-voluntary","impl","impl-commitments","AI Impact Summit deliverables","2 March release, global declarations section","The New Delhi Frontier AI Impact Commitments were announced by 13 leading global and Indian frontier model developers to promote trustworthy and inclusive AI deployment.","https://www.pib.gov.in/PressReleasePage.aspx?PRID=2234343&reg=3&lang=1"
"impl-voluntary-evidence-1","impl-voluntary","impl","impl-safety-status","Safe & Trusted AI parliamentary explanation","27 July release, summit deliverables","As part of New Delhi Frontier AI Impact Commitments, leading AI developers made voluntary commitments on the safe and responsible development of frontier AI - Guidance Note on AI Governance, oﬀered practical guidance to countries on designing context-appropriate AI governance frameworks - Trusted AI Commons, a shared repository of open resources to democratise access to safe and trusted AI","https://www.pib.gov.in/PressReleasePage.aspx?PRID=2289946&reg=3&lang=1"
"service-upsc-evidence-0","service-upsc","service","service-upsc-live","UPSC face authentication implementation","4 June release, implementation and developer","The face authentication application has been developed and implemented by UPSC with technical support from the National e-Governance Division (NeGD) of Ministry of Electronics and IT.","https://www.pib.gov.in/PressReleasePage.aspx?PRID=2268879&reg=3&lang=1"
"service-upsc-evidence-1","service-upsc","service","service-upsc-october","UPSC centenary current-status explanation","4 October release, examination reform","Following a pilot at select centres in Gurugram during the NDA & NA (II) and CDS (II) examinations in September 2025, the system was implemented at scale for the Civil Services (Preliminary) Examination on 24 May 2026, covering approximately 5.50 lakh candidates.","https://www.pib.gov.in/PressReleaseDetail.aspx?PRID=2317336&reg=48&lang=1"
"service-upsc-evidence-2","service-upsc","service","service-upsc-live","UPSC face authentication implementation","4 June release, mobile workflow","It works on any Android smartphone, and invigilators used their own mobile phones for the purpose, thereby reducing hardware costs and easing the logistical burden.","https://www.pib.gov.in/PressReleasePage.aspx?PRID=2268879&reg=3&lang=1"
"service-upsc-evidence-3","service-upsc","service","service-upsc-tender","UPSC biometric/AI tender specification","2024 tender, cover/scope","Tender responses are invited from PSUs for Aadhaar based Fingerprint Authentication/Digital Fingerprint Capturing & Facial Recognition of Candidates, QR Code Scanning of e-Admit Cards and Live AI-based CCTV Surveillance","https://upsc.gov.in/sites/default/files/Tender-AadhaarQRFaceRecgAI-Corrgn_Eng-180724.pdf"
"service-upsc-evidence-4","service-upsc","service","service-upsc-live","UPSC face authentication implementation","4 June release, reported timing","The time required for a typical face authentication of a candidate is only about 6–8 seconds, which ensured smooth entry and prevented queuing at examination centres.","https://www.pib.gov.in/PressReleasePage.aspx?PRID=2268879&reg=3&lang=1"
"service-upsc-evidence-5","service-upsc","service","service-upsc-tender","UPSC biometric/AI tender specification","2024 tender clause 6.1.11","6.1.11 The Service Provider has to perform physical verification of candidates’ photos with Application Database (provided by UPSC) at the time of security gate entry.","https://upsc.gov.in/sites/default/files/Tender-AadhaarQRFaceRecgAI-Corrgn_Eng-180724.pdf"
"service-upsc-evidence-6","service-upsc","service","service-upsc-tender","UPSC biometric/AI tender specification","2024 tender clause 6.1.12","6.1.12 After the completion of the entire process as per the scope of work, the Service Provider will hold the data on its Secured Cloud Server with 256-bit encryption for a minimum period of one (01) year from the date of the examination or 30 days after the declaration of final result of the examination, whichever is later.","https://upsc.gov.in/sites/default/files/Tender-AadhaarQRFaceRecgAI-Corrgn_Eng-180724.pdf"
"service-cyberguard-evidence-0","service-cyberguard","service","service-cyber-winners","CyberGuard hackathon results","Hackathon explanation","The Hackathon resulted in the development of AI-based solutions to enhance the classification of cybercrime complaints and support the identification of emerging crime patterns, trends, and modus operandi on the National Cyber Crime Reporting Portal (NCRP).","https://www.pib.gov.in/PressReleasePage.aspx?PRID=2132817&reg=3&lang=1"
"service-cyberguard-evidence-1","service-cyberguard","service","impl-mission-status","IndiaAI Mission governance progress explanation","29 July release, CyberGuard paragraph","The shortlisted solution has been integrated with I4C systems.","https://www.pib.gov.in/PressReleasePage.aspx?PRID=2291062&reg=48&lang=1"
"service-cyberguard-evidence-2","service-cyberguard","service","service-cyber-winners","CyberGuard hackathon results","Annexure I, winner table","Winners of IndiaAI I4C CyberGuard AI Hackathon Team Lead Names of the Team members Affiliated Organization Nisarg Gandhi Patel Darshankumar Shankarbhai and Bhensdadiya Kevin Vasantbhai S4AI Technologies LLP Lasya Ippagunta Shubham Luharuka and Puneet Hegde CloudSEK Information Security Limited Meet Bisht Rohit Ganaka and Yukta Chauhan Voldebug Innovations Pvt. Ltd.","https://www.pib.gov.in/PressReleasePage.aspx?PRID=2132817&reg=3&lang=1"
"service-cyberguard-evidence-3","service-cyberguard","service","service-cyber-winners","CyberGuard hackathon results","Hackathon explanation, supported inputs","These models can interpret complex inputs such as handwritten FIRs, screenshots, and audio calls with improved speed and accuracy.","https://www.pib.gov.in/PressReleasePage.aspx?PRID=2132817&reg=3&lang=1"
"service-suvas-evidence-0","service-suvas","service","service-judiciary","Official judicial AI backgrounder","Judgment translation section","For this, **SUVAS** **(Supreme Court Vidhik Anuvaad Software)**, an AI-driven translation tool of the Supreme Court, converts English judgments and orders into vernacular languages, enhancing accessibility and regional language use in courts. These translated judgments are hosted on the **e-SCR portal**, significantly expanding public access.","https://www.pib.gov.in/PressReleasePage.aspx?PRID=2226283&reg=48&lang=2"
"service-suvas-evidence-1","service-suvas","service","service-judiciary","Official judicial AI backgrounder","Translation committee oversight","**Supreme Court and High Court AI Translation Committees** oversee quality and constitutional accuracy. AI use remains assistive, with translations reviewed within judicial frameworks to support access to justice.","https://www.pib.gov.in/PressReleasePage.aspx?PRID=2226283&reg=48&lang=2"
"service-suvas-evidence-2","service-suvas","service","service-translation-vetting","Allahabad translation-vetting notice","Allahabad notice, remuneration","The remuneration for vetting & correction of the software generated translation of the judgments of this Court will be paid at the rate of Re. 1/- per word of the English version.","https://www.allahabadhighcourt.in/event/event_16290_18-09-2023.pdf"
"service-suvas-evidence-3","service-suvas","service","service-translation-guidelines","Court translation scheme and Supreme Court AI Committee guidelines","Annexure A, guideline 10","Amounts required for paying reasonable remuneration to the panel of translators shall be from grants sought for by the High Court and sanctioned by the State Government.","https://cdnbbsr.s3waas.gov.in/s3ec03ac73001b1d44f4925449ce09d9f5/uploads/2023/09/2023092013.pdf"
"service-suvas-evidence-4","service-suvas","service","service-translation-vetting","Allahabad translation-vetting notice","Allahabad notice, condition 2","After due vetting & corrections, the said Vetters shall return the same, certifying the correctness of the translation.","https://www.allahabadhighcourt.in/event/event_16290_18-09-2023.pdf"
"service-suvas-evidence-5","service-suvas","service","service-translation-guidelines","Court translation scheme and Supreme Court AI Committee guidelines","Annexure A, guideline 4","Care should be taken by verifying the correctness of translation through the translators/reviewers (retired or in-service translators or retired judicial officers).","https://cdnbbsr.s3waas.gov.in/s3ec03ac73001b1d44f4925449ce09d9f5/uploads/2023/09/2023092013.pdf"
"service-suvas-evidence-6","service-suvas","service","service-translation-vetting","Allahabad translation-vetting notice","Allahabad notice, condition 4","A disclaimer shall be included in the footer of each page of the vetted judgment.","https://www.allahabadhighcourt.in/event/event_16290_18-09-2023.pdf"
"service-suvas-evidence-7","service-suvas","service","service-translation-vetting","Allahabad translation-vetting notice","Allahabad notice, opening","High Court of Judicature at Allahabad invites application from desirous Advocates practising at this High Court to create a panel of Vetters for vetting of software generated translation of its Reportable Judgments from English into Hindi.","https://www.allahabadhighcourt.in/event/event_16290_18-09-2023.pdf"
"service-supace-evidence-0","service-supace","service","service-judiciary","Official judicial AI backgrounder","SUPACE research-assistance section","The **Supreme Court Portal for Assistance in Court Efficiency (SUPACE)** is an AI-based system **designed to help identify relevant precedents and understand the factual matrix of cases**. SUPACE remains in an experimental stage and is not yet deployed for regular judicial use.","https://www.pib.gov.in/PressReleasePage.aspx?PRID=2226283&reg=48&lang=2"
"service-supace-evidence-1","service-supace","service","service-court-draft","Court AI consultation draft","Draft human-primacy provision","(2) Every AI System shall function solely in an assistive capacity and shall not supplant or compromise the independent exercise of judicial authority by a duly appointed judicial officer.","https://cdnbbsr.s3waas.gov.in/s3ec0490f1f4972d133619a60c30f3559e/uploads/2026/06/2026060342.pdf"
"service-supace-evidence-2","service-supace","service","service-court-draft","Court AI consultation draft","3 June consultation notice","Sub.: Seeking views/suggestions of all stakeholders and the general public on draft ‘Regulations for Use of Artificial Intelligence (AI) in Courts, 2026’.","https://cdnbbsr.s3waas.gov.in/s3ec0490f1f4972d133619a60c30f3559e/uploads/2026/06/2026060342.pdf"
"service-esanjeevani-evidence-0","service-esanjeevani","service","service-health-platform","C-DAC eSanjeevani product description","Product brief","eSanjeevani is an indigenous, cloud-native telemedicine platform developed by C-DAC Mohali to address critical healthcare accessibility challenges, including the shortage and uneven distribution of healthcare professionals, limited access to specialist care in rural and remote areas, and gaps in continuity of care.","https://cdac.in/index.aspx?id=product_details&productId=eSanjeevaniNationalTelemedicineService"
"service-esanjeevani-evidence-1","service-esanjeevani","service","service-health-parliament","Lok Sabha telemedicine/CDSS response","Parliamentary CDSS explanation","Further, the AI based Clinical Decision Support System (CDSS) available on this platform also enables a systematic capture of the diseases symptoms through a detailed patient assistance form, and identification of possible diseases.","https://sansad.in/getFile/lsapps/loksabhaquestions/annex/188/AS284_ZZWF4R.pdf?source=lsapps"
"service-esanjeevani-evidence-2","service-esanjeevani","service","service-health-parliament","Lok Sabha telemedicine/CDSS response","Rule engine and hub-doctor workflow","It also makes recommendation of a specialist doctor through a ‘rule engine’ and offers a differential diagnosis of possible diseases to the doctor at the hub end, thus facilitating connect of the patients with specialists as well as aiding consultations.","https://sansad.in/getFile/lsapps/loksabhaquestions/annex/188/AS284_ZZWF4R.pdf?source=lsapps"
"service-esanjeevani-evidence-3","service-esanjeevani","service","service-health-parliament","Lok Sabha telemedicine/CDSS response","April 2023 integration and July 2026 usage","Since its integration in April, 2023 till July, 2026, nearly 30.4 crore eSanjeevani consultations across all States/UTs have been benefited from standardized data capture and nearly 2.13 crore AI based differential diagnosis, ensuring consistency across health and wellness centres.","https://sansad.in/getFile/lsapps/loksabhaquestions/annex/188/AS284_ZZWF4R.pdf?source=lsapps"
"service-esanjeevani-evidence-4","service-esanjeevani","service","service-health-developer-current","Wadhwani AI healthcare programme page","Developer programme page, March integration claim","CDSS structures telemedicine patient data via eSanjeevani, suggesting diagnoses and treatments in real time. Integrated since March 2023, it supports 350,000 daily consultations across 31 conditions.","https://www.wadhwaniai.org/impact/healthcare/"
"service-esanjeevani-evidence-5","service-esanjeevani","service","service-health-developer-submission","Wadhwani AI eSanjeevani developer submission","Developer submission, C-DAC collaboration","We also collaborate closely with C-DAC, the technology service provider for the eSanjeevani platform, to ensure that our code is easy to integrate with the existing platform and meets the high standards required for deployment in public healthcare.","https://solve.mit.edu/solutions/73043"
"service-esanjeevani-evidence-6","service-esanjeevani","service","service-health-implementation-study","National eSanjeevani CDSS implementation-study abstract","Research funding declaration, not deployment budget","This study did not receive any funding.","https://doi.org/10.1101/2025.11.22.25340800"
"service-esanjeevani-evidence-7","service-esanjeevani","service","service-health-privacy","eSanjeevani privacy policy","Privacy policy clause 1(a)","When the Community Health Officer registers patient on eSanjeevani, the following information besides the users' information is collected from the patient and stored on a server operated and managed by C-DAC Mohali – name, gender, age, address, mobile number, Email ID, health records, etc.","https://esanjeevani.mohfw.gov.in/assets/guidelines/esanjeevani2.0_Private_Policy.pdf"
"service-esanjeevani-evidence-8","service-esanjeevani","service","service-health-implementation-study","National eSanjeevani CDSS implementation-study abstract","Retrieved research abstract, methods","This study, conducted between 2022–2024 by an AI Centre of Excellence of the Government of India, focused on developing, validating, and implementing a knowledge-based CDSS symptom entry Physician Assistance Form (PAF) within eSanjeevani—India’s national teleconsultation platform.","https://doi.org/10.1101/2025.11.22.25340800"
"service-esanjeevani-evidence-9","service-esanjeevani","service","service-health-developer-submission","Wadhwani AI eSanjeevani developer submission","Developer submission, rule-based form","The SIPF uses a rule-based logical workflow to enable the accurate collection of chief complaints by engaging patients with relevant questions.","https://solve.mit.edu/solutions/73043"
"service-esanjeevani-evidence-10","service-esanjeevani","service","service-health-implementation-study","National eSanjeevani CDSS implementation-study abstract","Retrieved research abstract, phase 2","Expert clinicians validated the symptom repository, logic flow, and AI-generated diagnoses.","https://doi.org/10.1101/2025.11.22.25340800"
"service-esanjeevani-evidence-11","service-esanjeevani","service","service-health-implementation-study","National eSanjeevani CDSS implementation-study abstract","Retrieved research abstract, phase 3","The validated CDSS was implemented in eSanjeevani 2.0, providing real-time differential diagnosis and departmental recommendations during assisted and non-assisted teleconsultations.","https://doi.org/10.1101/2025.11.22.25340800"
"service-esanjeevani-evidence-12","service-esanjeevani","service","service-health-local-study","ICMR local telemedicine research brief","Local study recommendation, integration proposal","the AI-driven Clinical Decision Support System (AI-CDSS), which has achieved 90% validation accuracy using 4,401 locally sourced patient records, should be integrated into the eSanjeevani platform","https://nihrjodhpur.icmr.org.in/uploads/policybriefs/1782386587_1.PolicyBrief_Telemedicine.pdf"
"service-esanjeevani-evidence-13","service-esanjeevani","service","service-health-practice-guidelines","Telemedicine Practice Guidelines","Practice Guidelines section 5.4, AI/ML platforms","Technology platforms based on Artificial Intelligence/Machine Learning are not allowed to counsel the patients or prescribe any medicines to a patient.","https://esanjeevani.mohfw.gov.in/assets/guidelines/Telemedicine_Practice_Guidelines.pdf"
"service-esanjeevani-evidence-14","service-esanjeevani","service","service-health-practice-guidelines","Telemedicine Practice Guidelines","Practice Guidelines section 5.4, RMP final delivery","the final prescription or counseling has to be directly delivered by the RMP","https://esanjeevani.mohfw.gov.in/assets/guidelines/Telemedicine_Practice_Guidelines.pdf"
"service-esanjeevani-evidence-15","service-esanjeevani","service","service-health-privacy","eSanjeevani privacy policy","Privacy policy clause 3(a)","All personal information collected from you under Clause 1(a) at the time of registration and later will be retained for as long as your account remains in existence and in sync with telemedicine practice guidelines issued by Niti Aayog/Board of Governors MCI and if any academic or medical or public health and administrative interventions have been commenced under Clause 2, for such period thereafter as is required.","https://esanjeevani.mohfw.gov.in/assets/guidelines/esanjeevani2.0_Private_Policy.pdf"
"service-esanjeevani-evidence-16","service-esanjeevani","service","service-health-privacy","eSanjeevani privacy policy","Privacy policy clause 3(b)","Nothing set out herein shall apply to medical reports, diagnoses or other medical information generated by medical professionals in the course of treatment.","https://esanjeevani.mohfw.gov.in/assets/guidelines/esanjeevani2.0_Private_Policy.pdf"
"service-esanjeevani-evidence-17","service-esanjeevani","service","service-health-privacy","eSanjeevani privacy policy","Privacy policy clause 10","If you have any suggestions, concerns or queries in relation to this Privacy Policy, you may address them at esanjeevaniopd@cdac.in","https://esanjeevani.mohfw.gov.in/assets/guidelines/esanjeevani2.0_Private_Policy.pdf"
"service-esanjeevani-evidence-18","service-esanjeevani","service","service-health-practice-guidelines","Telemedicine Practice Guidelines","Practice Guidelines section 5.6, grievance mechanism","Technology Platform must ensure that there is a proper mechanism in place to address any queries or grievances that the end-customer may have","https://esanjeevani.mohfw.gov.in/assets/guidelines/Telemedicine_Practice_Guidelines.pdf"
"service-esanjeevani-evidence-19","service-esanjeevani","service","service-health-report","NHSRC telemedicine utilisation study","Programme utilisation study, concluding recommendations","Efforts should be made to address privacy concerns by implementing robust safeguards, ensuring inclusivity through initiatives by the Government to improve access to technology, and expanding the scope of telemedicine services to cater to a broader range of healthcare needs.","https://www.nhsrcindia.org/sites/default/files/2025-09/Telemedicine%20Final%20Report%202025.pdf"
"service-mahacrimeos-evidence-0","service-mahacrimeos","service","service-police-summary","Microsoft CrimeOS customer story","Customer story, supplier and adaptation","MARVEL worked to adapt CrimeOS AI, developed by CyberEye - Microsoft AI Partner, to finetune it for compliance with state investigation protocols and further configure it in Marathi for easy adoption across the force.","https://www.microsoft.com/en-in/aifirstmovers/FY26CrimeOS"
"service-mahacrimeos-evidence-1","service-mahacrimeos","service","service-police-vendor","Microsoft MahaCrimeOS feature","Vendor account, reported pilot use","Since April, police there have been using MahaCrimeOS AI, a customized crime investigation platform powered by Microsoft Foundry that helps them process complaints faster and navigate complex data and procedures — all crucial functions for handling cybercrime.","https://news.microsoft.com/source/asia/features/a-race-against-time-maharashtra-police-get-an-ai-copilot-to-fight-cybercrime/"
"service-mahacrimeos-evidence-2","service-mahacrimeos","service","service-police-vendor","Microsoft MahaCrimeOS feature","Vendor account, expansion announcement","On Dec. 12, 2025, the government of Maharashtra and Microsoft announced that MahaCrimeOS AI will be extended from Nagpur’s 23 police stations to all 1,100 police stations across the state.","https://news.microsoft.com/source/asia/features/a-race-against-time-maharashtra-police-get-an-ai-copilot-to-fight-cybercrime/"
"service-mahacrimeos-evidence-3","service-mahacrimeos","service","service-police-summary","Microsoft CrimeOS customer story","Customer story, pilot count","This was successfully deployed as a pilot across 25 police stations in Nagpur Rural, including the Cyber Crime Police Station (CCPS).","https://www.microsoft.com/en-in/aifirstmovers/FY26CrimeOS"
"service-mahacrimeos-evidence-4","service-mahacrimeos","service","service-police-reporting","Indian Express MahaCrimeOS reporting","News report, pilot count","This was successfully deployed as a pilot across 23 police stations in Nagpur Rural, including the cybercrime police stations (CCPS).","https://indianexpress.com/article/explained/mahacrimeos-ai-maharashtra-10418600/"
"service-mahacrimeos-evidence-5","service-mahacrimeos","service","service-police-summary","Microsoft CrimeOS customer story","Customer story, inputs","MahaCrimeOS AI ingests complaints in any format such as PDFs, audio, handwritten notes, or images, and then uses multimodal intelligence to extract critical information in any language.","https://www.microsoft.com/en-in/aifirstmovers/FY26CrimeOS"