"ID","Final provision","Earlier counterpart","Title","Type","Actor","Observation","Interpretation","Caution","Earlier URL","Later URL","Collection","Comparison kind","Legal status","Accountability fields (JSON)"
"rule-1","Rule 1","Rule 1","Phased commencement","Timing","All regulated entities","Blank date replaced by phased commencement; later corrigendum affects terminology. Timing change.","A notified provision is not necessarily already operative. Preserve the official formula and the unresolved publication-date basis.","13 versus 14 November appears in official metadata and explanations. Do not treat a computed compliance date as settled.","https://www.meity.gov.in/static/uploads/2025/02/f8a8e97a91091543fe19139cac7514a1.pdf#page=28","https://www.meity.gov.in/static/uploads/2025/11/53450e6e5dc0bfa85ebd78686cadad39.pdf#page=24","dpdp","Draft to final","Notified rules; timing limits apply","[]"
"rule-2","Rule 2","Rule 2 and dispersed definitions","Definitions and relocated terms","Wording","All regulated entities","Named definitions assembled, including user account and verifiable consent. Consolidation, not evidence that the concepts are all new.","This record documents continuity or a wording/procedural change. Significance must be assessed in its legal and operational context.","Analyst review is not legal advice. No claim of actual compliance or real-world harm is made.","https://www.meity.gov.in/static/uploads/2025/02/f8a8e97a91091543fe19139cac7514a1.pdf#page=28","https://www.meity.gov.in/static/uploads/2025/11/53450e6e5dc0bfa85ebd78686cadad39.pdf#page=24","dpdp","Draft to final","Notified rules; timing limits apply","[]"
"rule-3","Rule 3","Rule 3","Consent notices","Wording","Data Fiduciaries","Purpose pluralization and itemised-to-specific service-description wording; data list remains itemised. Wording/scope review.","The personal-data description remains itemised; only the goods/services/uses description changes to specific.","Wording change alone does not establish unlimited bundled consent.","https://www.meity.gov.in/static/uploads/2025/02/f8a8e97a91091543fe19139cac7514a1.pdf#page=28","https://www.meity.gov.in/static/uploads/2025/11/53450e6e5dc0bfa85ebd78686cadad39.pdf#page=24","dpdp","Draft to final","Notified rules; timing limits apply","[]"
"rule-4","Rule 4","Rule 4","Consent Manager registration","Continuity","Consent Managers","Registration, obligations, inquiry and suspension/cancellation structure retained; commencement handled separately. No material body change identified.","This record documents continuity or a wording/procedural change. Significance must be assessed in its legal and operational context.","Analyst review is not legal advice. No claim of actual compliance or real-world harm is made.","https://www.meity.gov.in/static/uploads/2025/02/f8a8e97a91091543fe19139cac7514a1.pdf#page=29","https://www.meity.gov.in/static/uploads/2025/11/53450e6e5dc0bfa85ebd78686cadad39.pdf#page=25","dpdp","Draft to final","Notified rules; timing limits apply","[]"
"rule-5","Rule 5","Rule 5","State provision of benefits and services","Wording","State bodies","Express section 7(b) enabling sentence removed; schedule-compliance duty retained and sub-rules rearranged. Restructure; statutory limits still need reading.","The enabling sentence is removed from the rule, not the parent statute. Read section 7(b) and the Second Schedule together.","Do not infer unrestricted state processing from a shortened rule.","https://www.meity.gov.in/static/uploads/2025/02/f8a8e97a91091543fe19139cac7514a1.pdf#page=29","https://www.meity.gov.in/static/uploads/2025/11/53450e6e5dc0bfa85ebd78686cadad39.pdf#page=25","dpdp","Draft to final","Notified rules; timing limits apply","[]"
"rule-6","Rule 6","Rule 6","Reasonable security safeguards","Qualification","Data Fiduciaries","Applicability qualifiers and illustrative wording added; one-year security-purpose provision retained. Qualified obligation.","The access-control and processor-contract clauses acquire applicability qualifiers; the general security duty remains.","This is not a blanket exemption for small organizations.","https://www.meity.gov.in/static/uploads/2025/02/f8a8e97a91091543fe19139cac7514a1.pdf#page=30","https://www.meity.gov.in/static/uploads/2025/11/53450e6e5dc0bfa85ebd78686cadad39.pdf#page=26","dpdp","Draft to final","Notified rules; timing limits apply","[]"
"rule-7","Rule 7","Rule 7","Personal data breach notices","Scope change","Data Fiduciaries","Location removed from individual-notice description, retained for Board; user-account definition relocated. Recipient-specific deletion plus consolidation.","Location is removed from individual notice requirements, but remains in the Board notice. The recipient matters.","The 72-hour detailed Board report is not a 72-hour grace period for every notification.","https://www.meity.gov.in/static/uploads/2025/02/f8a8e97a91091543fe19139cac7514a1.pdf#page=30","https://www.meity.gov.in/static/uploads/2025/11/53450e6e5dc0bfa85ebd78686cadad39.pdf#page=26","dpdp","Draft to final","Notified rules; timing limits apply","[]"
"rule-8","Rule 8","Rule 8","Retention and erasure","Addition","Data Fiduciaries","New general retention floor and examples; sub-rule (1) adds “or” and rearranges conditional syntax. Addition; conditional wording requires legal review.","A general minimum one-year retention provision is added alongside existing security-purpose retention. Erasure, purpose and lawful exceptions must be read together.","Rule 8(1)'s changed conditional syntax requires legal review. These duties are in the delayed-commencement group. The draft sub-rule (3) user-account definition moved to final Rule 2; comparing its excerpt with the new retention sub-rule does not mean that definition was abolished.","https://www.meity.gov.in/static/uploads/2025/02/f8a8e97a91091543fe19139cac7514a1.pdf#page=31","https://www.meity.gov.in/static/uploads/2025/11/53450e6e5dc0bfa85ebd78686cadad39.pdf#page=27","dpdp","Draft to final","Notified rules; timing limits apply","[]"
"rule-9","Rule 9","Rule 9","Processing contact information","Continuity","Data Fiduciaries","Publication of contact information and inclusion in rights responses retained. No material change identified.","This record documents continuity or a wording/procedural change. Significance must be assessed in its legal and operational context.","Analyst review is not legal advice. No claim of actual compliance or real-world harm is made.","https://www.meity.gov.in/static/uploads/2025/02/f8a8e97a91091543fe19139cac7514a1.pdf#page=32","https://www.meity.gov.in/static/uploads/2025/11/53450e6e5dc0bfa85ebd78686cadad39.pdf#page=27","dpdp","Draft to final","Notified rules; timing limits apply","[]"
"rule-10","Rule 10","Child portion of rule 10","Children's verifiable consent","Wording","Children and parents","Child-only rule; authorized-entity definition uses issuance instead of maintenance; examples clarify parent's identity and adulthood. Split and verification wording.","Authorized-entity wording moves from maintenance to issuance; examples clarify the parent/adult verification workflow.","The draft source rule contains both children and disability provisions; the final splits them.","https://www.meity.gov.in/static/uploads/2025/02/f8a8e97a91091543fe19139cac7514a1.pdf#page=32","https://www.meity.gov.in/static/uploads/2025/11/53450e6e5dc0bfa85ebd78686cadad39.pdf#page=27","dpdp","Draft to final","Notified rules; timing limits apply","[]"
"rule-11","Rule 11","Disability portion of rule 10","Disability and lawful-guardian consent","Qualification","Persons with disabilities","Separate rule and added inability-despite-support condition in the second definition limb. Split and scope condition.","A functional inability-despite-support condition is added to the second disability-definition limb.","A diagnosis alone should not be treated by this tool as a legal-capacity finding. This is a split of draft rule 10.","https://www.meity.gov.in/static/uploads/2025/02/f8a8e97a91091543fe19139cac7514a1.pdf#page=33","https://www.meity.gov.in/static/uploads/2025/11/53450e6e5dc0bfa85ebd78686cadad39.pdf#page=28","dpdp","Draft to final","Notified rules; timing limits apply","[]"
"rule-12","Rule 12","Rule 11","Children's-data exemptions","Continuity","Children and parents","Exemption mechanism retained, while Fourth Schedule changes materially. Renumbered body; linked schedule change.","This record documents continuity or a wording/procedural change. Significance must be assessed in its legal and operational context.","Analyst review is not legal advice. No claim of actual compliance or real-world harm is made.","https://www.meity.gov.in/static/uploads/2025/02/f8a8e97a91091543fe19139cac7514a1.pdf#page=34","https://www.meity.gov.in/static/uploads/2025/11/53450e6e5dc0bfa85ebd78686cadad39.pdf#page=29","dpdp","Draft to final","Notified rules; timing limits apply","[]"
"rule-13","Rule 13","Rule 12","Significant Data Fiduciary duties","Scope change","Significant Data Fiduciaries","Technical-measures scope broadened and committee composition specified; audit/DPIA structure retained. Broadened obligation and definition addition.","The obligation now covers technical measures including algorithmic software, and the transfer-related committee has a stated composition.","This duty concerns Significant Data Fiduciaries; it is not a general AI licensing rule.","https://www.meity.gov.in/static/uploads/2025/02/f8a8e97a91091543fe19139cac7514a1.pdf#page=34","https://www.meity.gov.in/static/uploads/2025/11/53450e6e5dc0bfa85ebd78686cadad39.pdf#page=29","dpdp","Draft to final","Notified rules; timing limits apply","[]"
"rule-14","Rule 14","Rule 13","Rights and grievance mechanisms","Addition","Data Principals","Prominent publication, broader rights-request wording, ninety-day grievance language, email/mobile identifiers; some “published” particulars become “required” particulars. Several mechanics changes.","The final text introduces ninety-day grievance language and changes rights-request mechanics. The sentence is awkward; practitioner readings concern grievances.","Do not describe this as a universal ninety-day deadline for every access, correction or erasure request.","https://www.meity.gov.in/static/uploads/2025/02/f8a8e97a91091543fe19139cac7514a1.pdf#page=34","https://www.meity.gov.in/static/uploads/2025/11/53450e6e5dc0bfa85ebd78686cadad39.pdf#page=29","dpdp","Draft to final","Notified rules; timing limits apply","[]"
"rule-15","Rule 15","Rule 14","Cross-border transfers","Wording","Data Fiduciaries","Transfers rephrased around data processed under Act; foreign-state availability condition retained. Scope/wording review, not automatic liberalization.","The transfer rule is recast around processing under the Act, while government requirements remain relevant.","Read section 16 of the Act. This is not proof of unrestricted international transfers.","https://www.meity.gov.in/static/uploads/2025/02/f8a8e97a91091543fe19139cac7514a1.pdf#page=35","https://www.meity.gov.in/static/uploads/2025/11/53450e6e5dc0bfa85ebd78686cadad39.pdf#page=30","dpdp","Draft to final","Notified rules; timing limits apply","[]"
"rule-16","Rule 16","Rule 15","Research, archiving and statistics","Continuity","Researchers","Research/archiving/statistics exemption rule substantially retained; read parent Act condition and changed standards. Continuity with dependency.","The rule is substantially retained, but the parent Act limits the research exemption to data not used for a decision specific to a Data Principal.","Read section 17(2)(b) of the Act and the changed Second Schedule.","https://www.meity.gov.in/static/uploads/2025/02/f8a8e97a91091543fe19139cac7514a1.pdf#page=35","https://www.meity.gov.in/static/uploads/2025/11/53450e6e5dc0bfa85ebd78686cadad39.pdf#page=30","dpdp","Draft to final","Notified rules; timing limits apply","[]"
"rule-17","Rule 17","Rule 16","Board appointment committees","Scope change","Data Protection Board","Vacancy/absence/constitution protection now refers to both selection committees, rather than just sub-rule (1). Governance scope clarification.","This record documents continuity or a wording/procedural change. Significance must be assessed in its legal and operational context.","Analyst review is not legal advice. No claim of actual compliance or real-world harm is made.","https://www.meity.gov.in/static/uploads/2025/02/f8a8e97a91091543fe19139cac7514a1.pdf#page=35","https://www.meity.gov.in/static/uploads/2025/11/53450e6e5dc0bfa85ebd78686cadad39.pdf#page=30","dpdp","Draft to final","Notified rules; timing limits apply","[]"
"rule-18","Rule 18","Rule 17","Board member service terms","Continuity","Data Protection Board","Service terms continue by reference to Fifth Schedule. No material body change identified.","This record documents continuity or a wording/procedural change. Significance must be assessed in its legal and operational context.","Analyst review is not legal advice. No claim of actual compliance or real-world harm is made.","https://www.meity.gov.in/static/uploads/2025/02/f8a8e97a91091543fe19139cac7514a1.pdf#page=36","https://www.meity.gov.in/static/uploads/2025/11/53450e6e5dc0bfa85ebd78686cadad39.pdf#page=30","dpdp","Draft to final","Notified rules; timing limits apply","[]"
"rule-19","Rule 19","Rule 18","Board meetings and inquiries","Continuity","Data Protection Board","Meetings, quorum, voting, ratification and inquiry periods retained. No material change identified.","This record documents continuity or a wording/procedural change. Significance must be assessed in its legal and operational context.","Analyst review is not legal advice. No claim of actual compliance or real-world harm is made.","https://www.meity.gov.in/static/uploads/2025/02/f8a8e97a91091543fe19139cac7514a1.pdf#page=36","https://www.meity.gov.in/static/uploads/2025/11/53450e6e5dc0bfa85ebd78686cadad39.pdf#page=30","dpdp","Draft to final","Notified rules; timing limits apply","[]"
"rule-20","Rule 20","Rule 19","The Board as a digital office","Continuity","Data Protection Board","Digital-office mechanism retained with grammatical rephrasing. No material change identified.","This record documents continuity or a wording/procedural change. Significance must be assessed in its legal and operational context.","Analyst review is not legal advice. No claim of actual compliance or real-world harm is made.","https://www.meity.gov.in/static/uploads/2025/02/f8a8e97a91091543fe19139cac7514a1.pdf#page=36","https://www.meity.gov.in/static/uploads/2025/11/53450e6e5dc0bfa85ebd78686cadad39.pdf#page=31","dpdp","Draft to final","Notified rules; timing limits apply","[]"
"rule-21","Rule 21","Rule 20","Board officers and employees","Wording","Data Protection Board","Deletes express reference to appointment “in such manner” as government may specify by general/special order; prior approval retained. Procedural wording change.","This record documents continuity or a wording/procedural change. Significance must be assessed in its legal and operational context.","Analyst review is not legal advice. No claim of actual compliance or real-world harm is made.","https://www.meity.gov.in/static/uploads/2025/02/f8a8e97a91091543fe19139cac7514a1.pdf#page=37","https://www.meity.gov.in/static/uploads/2025/11/53450e6e5dc0bfa85ebd78686cadad39.pdf#page=31","dpdp","Draft to final","Notified rules; timing limits apply","[]"
"rule-22","Rule 22","Rule 21","Appeals to the Tribunal","Wording","Appellants","Digital filing recast; explicit website-publication references for procedure/payment system removed. Procedural transparency wording change, not proof publication will cease.","This record documents continuity or a wording/procedural change. Significance must be assessed in its legal and operational context.","Analyst review is not legal advice. No claim of actual compliance or real-world harm is made.","https://www.meity.gov.in/static/uploads/2025/02/f8a8e97a91091543fe19139cac7514a1.pdf#page=37","https://www.meity.gov.in/static/uploads/2025/11/53450e6e5dc0bfa85ebd78686cadad39.pdf#page=31","dpdp","Draft to final","Notified rules; timing limits apply","[]"
"rule-23","Rule 23","Rule 22","Information-calling powers","Wording","State bodies","Information-calling mechanism restructured, section 36 sentence deleted and intermediary definition added. Later order-phrase correction.","The section 36 sentence is removed from the rule, but statutory power remains in the Act; confidentiality language is restructured.","A removed cross-reference is not proof that statutory power disappears.","https://www.meity.gov.in/static/uploads/2025/02/f8a8e97a91091543fe19139cac7514a1.pdf#page=37","https://www.meity.gov.in/static/uploads/2025/11/53450e6e5dc0bfa85ebd78686cadad39.pdf#page=32","dpdp","Draft to final","Notified rules; timing limits apply","[]"
"schedule-first","First Schedule","First Schedule","Consent Manager conditions and duties","Continuity","Consent Managers","₹2 crore net-worth condition, registration framework and consent-manager obligations retained; print errors corrected later. No material framework change identified.","This record documents continuity or a wording/procedural change. Significance must be assessed in its legal and operational context.","Analyst review is not legal advice. No claim of actual compliance or real-world harm is made.","https://www.meity.gov.in/static/uploads/2025/02/f8a8e97a91091543fe19139cac7514a1.pdf#page=38","https://www.meity.gov.in/static/uploads/2025/11/53450e6e5dc0bfa85ebd78686cadad39.pdf#page=32","dpdp","Draft to final","Notified rules; timing limits apply","[]"
"schedule-second","Second Schedule","Second Schedule","State and research processing standards","Scope change","State bodies","Completeness and consistency added alongside accuracy. Quality-standard expansion and updated cross-references.","The standard expands from accuracy to completeness, accuracy and consistency.","This standard does not prove that a particular dataset is faulty.","https://www.meity.gov.in/static/uploads/2025/02/f8a8e97a91091543fe19139cac7514a1.pdf#page=41","https://www.meity.gov.in/static/uploads/2025/11/53450e6e5dc0bfa85ebd78686cadad39.pdf#page=34","dpdp","Draft to final","Notified rules; timing limits apply","[]"
"schedule-third","Third Schedule","Third Schedule","Purpose-expiry periods and thresholds","Wording","Large online platforms","Classes, thresholds, exceptions and three-year formula retained; social-media definition switches to incorporation of 2021 IT Rules definition. Definition-source change; cell order is not substance.","Thresholds and periods are retained; the social-media definition's source changes.","Flattened PDF table reading order creates false token differences. No automatic table highlighting is shown.","https://www.meity.gov.in/static/uploads/2025/02/f8a8e97a91091543fe19139cac7514a1.pdf#page=42","https://www.meity.gov.in/static/uploads/2025/11/53450e6e5dc0bfa85ebd78686cadad39.pdf#page=35","dpdp","Draft to final","Notified rules; timing limits apply","[]"
"schedule-fourth","Fourth Schedule","Fourth Schedule","Conditional children's-data exemptions","Addition","Children and parents","Location purpose added; detrimental information scope extends to services/ads; clinical-establishment definition loses express armed-forces extension and incorporates statutory definition; other definition references refined. Material and definition changes.","Real-time child-location and expanded protective information/service/advertisement purposes are added conditionally.","These are exemptions from specified section 9 obligations, not all privacy duties or a general targeted-ad permission.","https://www.meity.gov.in/static/uploads/2025/02/f8a8e97a91091543fe19139cac7514a1.pdf#page=44","https://www.meity.gov.in/static/uploads/2025/11/53450e6e5dc0bfa85ebd78686cadad39.pdf#page=36","dpdp","Draft to final","Notified rules; timing limits apply","[]"
"schedule-fifth","Fifth Schedule","Fifth Schedule","Board member salary and service terms","Continuity","Data Protection Board","Salary and service-benefit structure retained; cross-reference and minor wording changes. No material change identified.","This record documents continuity or a wording/procedural change. Significance must be assessed in its legal and operational context.","Analyst review is not legal advice. No claim of actual compliance or real-world harm is made.","https://www.meity.gov.in/static/uploads/2025/02/f8a8e97a91091543fe19139cac7514a1.pdf#page=46","https://www.meity.gov.in/static/uploads/2025/11/53450e6e5dc0bfa85ebd78686cadad39.pdf#page=38","dpdp","Draft to final","Notified rules; timing limits apply","[]"
"schedule-sixth","Sixth Schedule","Sixth Schedule","Board employee service terms","Continuity","Data Protection Board","Deputation and service-term structure retained; associated rule reference updated. No material change identified.","This record documents continuity or a wording/procedural change. Significance must be assessed in its legal and operational context.","Analyst review is not legal advice. No claim of actual compliance or real-world harm is made.","https://www.meity.gov.in/static/uploads/2025/02/f8a8e97a91091543fe19139cac7514a1.pdf#page=49","https://www.meity.gov.in/static/uploads/2025/11/53450e6e5dc0bfa85ebd78686cadad39.pdf#page=40","dpdp","Draft to final","Notified rules; timing limits apply","[]"
"schedule-seventh","Seventh Schedule","Seventh Schedule","Information purposes and authorised persons","Scope change","State bodies","Adds rule 8(3) linkage; State-use entry expressly says personal data of a Data Principal; first entry specifies section 17(2)(a). Dependency and precision changes.","The schedule acquires a linkage to the general retention rule while retaining its information-purpose framework.","A listed purpose is not evidence of a specific information demand or deployment.","https://www.meity.gov.in/static/uploads/2025/02/f8a8e97a91091543fe19139cac7514a1.pdf#page=51","https://www.meity.gov.in/static/uploads/2025/11/53450e6e5dc0bfa85ebd78686cadad39.pdf#page=40","dpdp","Draft to final","Notified rules; timing limits apply","[]"
"sgi-commencement","Amendment 1","Draft amendment 1","An express commencement date","Timing","Intermediaries","The draft's blank date becomes 20 February 2026 in the notification.","A specified operative date replaces the placeholder. It is not the same as the notification's 10 February date.","This verifies the instrument's date, not an exhaustive court-order or later-amendment chain.","https://www.meity.gov.in/static/uploads/2025/10/9de47fb06522b9e40a61e4731bc7de51.pdf","https://www.meity.gov.in/static/uploads/2026/02/f55fe52418b03f58b0669f6a8bc03b6d.pdf","sgi","Draft to final","Notified amendment; operative-date and court-status limits apply","[]"
"sgi-definition","Rule 2(1)(wa)","Draft amendment 2(i)","SGI narrows to realistic audio and visual media","Scope change","Creators and platforms","The draft covered information generally; the final adds audio/visual forms and a real-person or event resemblance test.","A headline about all AI-generated text being covered by this SGI definition would be overbroad. Other laws may still apply to text.","The final also inserts Rule 2(1)(ca) defining audio/visual information. Scope is not an exemption from other applicable law.","https://www.meity.gov.in/static/uploads/2025/10/9de47fb06522b9e40a61e4731bc7de51.pdf","https://www.meity.gov.in/static/uploads/2026/02/f55fe52418b03f58b0669f6a8bc03b6d.pdf","sgi","Draft to final","Notified amendment; operative-date and court-status limits apply","[]"
"sgi-exclusions","Rule 2(1)(wa) proviso","Draft amendment 2(i); no exclusion limbs","Routine editing is conditionally outside the SGI definition","Qualification","Journalists and researchers","The final adds three exclusion limbs for good-faith editing, document preparation and limited accessibility/quality uses.","Routine editing is treated differently from materially misleading alterations. Educational or research content is not unconditionally exempt.","Read all three limbs: material distortion, false records and material manipulation remain limiting conditions.","https://www.meity.gov.in/static/uploads/2025/10/9de47fb06522b9e40a61e4731bc7de51.pdf","https://www.meity.gov.in/static/uploads/2026/02/f55fe52418b03f58b0669f6a8bc03b6d.pdf","sgi","Draft to final","Notified amendment; operative-date and court-status limits apply","[]"
"sgi-unlawfulreferences","Rule 2(1A)","Draft amendment 2(ii)","Unlawful-information references retain SGI coverage","Continuity","Intermediaries","The draft's rule making unlawful-information references include SGI is carried into the final.","This is continuity, not a newly invented standalone offence for every use of synthetic media.","The qualifying context and underlying applicable law still matter.","https://www.meity.gov.in/static/uploads/2025/10/9de47fb06522b9e40a61e4731bc7de51.pdf","https://www.meity.gov.in/static/uploads/2026/02/f55fe52418b03f58b0669f6a8bc03b6d.pdf","sgi","Draft to final","Notified amendment; operative-date and court-status limits apply","[]"
"sgi-removal-safeharbour","Rule 2(1B)","Draft amendment 3","The removal clarification moves and broadens","Scope change","Intermediaries","The proposed Rule 3(1)(b) removal proviso becomes a broader clarification in Rule 2(1B).","The final expressly addresses rule-compliant removal and awareness from technical measures in relation to section 79(2)(a)-(b). It does not grant blanket immunity.","Do not treat this limited clarification as removing all other safe-harbour conditions or legal remedies.","https://www.meity.gov.in/static/uploads/2025/10/9de47fb06522b9e40a61e4731bc7de51.pdf","https://www.meity.gov.in/static/uploads/2026/02/f55fe52418b03f58b0669f6a8bc03b6d.pdf","sgi","Draft to final","Notified amendment; operative-date and court-status limits apply","[]"
"sgi-user-notices","Rule 3(1)(c), (ca), (cb)","Prior Rule 3(1)(c), updated 22 Oct 2025","Quarterly notices and SGI-specific consequences","Scope change","Intermediaries and users","The final replaces annual reminders with at least quarterly notices and inserts SGI consequence and response clauses.","Notifications now describe penalties, account action, evidence preservation, conditional identity disclosure and mandatory-reporting situations. Those are not automatic penalties in every case.","This is prior-law-to-amended-law context, not an October draft proposal. The two English criminal-law citations were later corrected; identity disclosure is expressly subject to applicable law.","https://www.meity.gov.in/static/uploads/2025/10/708f6a344c74249c2e1bbb6890342f80.pdf","https://www.meity.gov.in/static/uploads/2026/02/f55fe52418b03f58b0669f6a8bc03b6d.pdf","sgi","Prior law to amended law","Notified amendment; operative-date and court-status limits apply","[]"
"sgi-takedown","Rule 3(1)(d)","Prior Rule 3(1)(d), updated 22 Oct 2025","Three-hour ordered takedowns are not a universal complaint clock","Timing","Intermediaries and public authorities","The final shortens the actual-knowledge takedown clock and changes authorisation wording and the police rank threshold.","The three-hour change belongs to Rule 3(1)(d)'s actual-knowledge pathway. Ordinary user grievances have separate clocks.","The October draft did not propose this change. Read the underlying court/government actual-knowledge conditions; not every complaint starts this clock.","https://www.meity.gov.in/static/uploads/2025/10/708f6a344c74249c2e1bbb6890342f80.pdf","https://www.meity.gov.in/static/uploads/2026/02/f55fe52418b03f58b0669f6a8bc03b6d.pdf","sgi","Prior law to amended law","Notified amendment; operative-date and court-status limits apply","[]"
"sgi-grievance","Rule 3(2)","Prior Rule 3(2), updated 22 Oct 2025","Three grievance clocks become shorter","Timing","Complainants and grievance officers","General resolution becomes seven days, the specified removal-request category becomes 36 hours, and Rule 3(2)(b) becomes two hours.","The clocks refer to different triggers and classes of grievance. A single 'all deepfakes removed in two hours' statement loses these distinctions.","These substitutions were absent from the October draft. The two-hour category retains the underlying complaint-content requirements; acknowledgement remains a separate matter.","https://www.meity.gov.in/static/uploads/2025/10/708f6a344c74249c2e1bbb6890342f80.pdf","https://www.meity.gov.in/static/uploads/2026/02/f55fe52418b03f58b0669f6a8bc03b6d.pdf","sgi","Prior law to amended law","Notified amendment; operative-date and court-status limits apply","[]"
"sgi-prevention","Rule 3(3)(a)(i)","Draft amendment 4, Rule 3(3)","Prevention duties extend beyond a labelling-only draft","Scope change","SGI-enabling intermediaries","The final extends covered activities through publication and sharing, and adds technical prevention duties for unlawful SGI.","The instrument now separates unlawful SGI prevention from labelling other covered SGI. This can affect distribution services, not only generation tools.","The duties are tied to the final definition and applicable-law context. This desk does not decide whether a particular tool is an intermediary or a particular item is unlawful.","https://www.meity.gov.in/static/uploads/2025/10/9de47fb06522b9e40a61e4731bc7de51.pdf","https://www.meity.gov.in/static/uploads/2026/02/f55fe52418b03f58b0669f6a8bc03b6d.pdf","sgi","Draft to final","Notified amendment; operative-date and court-status limits apply","[]"
"sgi-label","Rule 3(3)(a)(ii)","Draft amendment 4, Rule 3(3)(a)","The fixed ten-percent label is replaced","Qualification","Platforms and publishers","The final removes the draft's ten-percent visual/audio formula in favour of prominent visibility or prefixed audio disclosure.","Dropping the numeric formula does not drop the labelling duty. The revised standard leaves practical design and accessibility questions.","This obligation applies through the defined SGI and covered-service conditions, not every edited asset.","https://www.meity.gov.in/static/uploads/2025/10/9de47fb06522b9e40a61e4731bc7de51.pdf","https://www.meity.gov.in/static/uploads/2026/02/f55fe52418b03f58b0669f6a8bc03b6d.pdf","sgi","Draft to final","Notified amendment; operative-date and court-status limits apply","[]"
"sgi-provenance","Rule 3(3)(a)(ii), (b)","Draft amendment 4, Rule 3(3)(a)-(b)","Visible labels and feasible provenance are distinct","Qualification","Platforms and provenance providers","The final uses a visible/audible label plus provenance metadata or another appropriate mechanism, to the extent technically feasible.","The draft's 'or' formulation changes to distinct labelling and provenance requirements. Technical feasibility qualifies provenance, not an unrestricted permission to hide the label.","The no-removal limb is retained in revised wording. Metadata does not by itself prove that a depicted event is true.","https://www.meity.gov.in/static/uploads/2025/10/9de47fb06522b9e40a61e4731bc7de51.pdf","https://www.meity.gov.in/static/uploads/2026/02/f55fe52418b03f58b0669f6a8bc03b6d.pdf","sgi","Draft to final","Notified amendment; operative-date and court-status limits apply","[]"
"sgi-declarations","Rule 4(1A)","Draft amendment 5, Rule 4(1A)","Upload declarations survive with revised verification wording","Qualification","Significant social media intermediaries","Declaration, technical verification and prominent notice remain; the operative verification phrase is revised.","This is not removal of the declaration workflow. The explanation still requires reasonable and proportionate verification measures.","The difference between the operative clause and retained explanation must be read together. Not every intermediary is an SSMI.","https://www.meity.gov.in/static/uploads/2025/10/9de47fb06522b9e40a61e4731bc7de51.pdf","https://www.meity.gov.in/static/uploads/2026/02/f55fe52418b03f58b0669f6a8bc03b6d.pdf","sgi","Draft to final","Notified amendment; operative-date and court-status limits apply","[]"
"sgi-proactive","Rule 4(4)","Prior Rule 4(4), updated 22 Oct 2025","Proactive identification changes from endeavour to deploy","Scope change","Significant social media intermediaries","A pre-existing proactive-identification clause shifts from 'endeavour to deploy' to 'deploy'.","The final strengthens the operative wording for the existing categories, rather than introducing unlimited monitoring of every content type.","Read the unchanged Rule 4(4) category limits and safeguards in the consolidated rules. This was not an October SGI draft amendment.","https://www.meity.gov.in/static/uploads/2025/10/708f6a344c74249c2e1bbb6890342f80.pdf","https://www.meity.gov.in/static/uploads/2026/02/f55fe52418b03f58b0669f6a8bc03b6d.pdf","sgi","Prior law to amended law","Notified amendment; operative-date and court-status limits apply","[]"
"sgi-criminal","Rule 7","Prior Rule 7, updated 22 Oct 2025","The criminal-code cross-reference is updated","Wording","Intermediaries","Rule 7's Indian Penal Code reference is replaced with the Bharatiya Nyaya Sanhita citation.","This updates the named criminal-law reference; it is not evidence that every breach automatically creates criminal guilt.","This final substitution was absent from the October draft. Legal liability depends on the applicable law and facts.","https://www.meity.gov.in/static/uploads/2025/10/708f6a344c74249c2e1bbb6890342f80.pdf","https://www.meity.gov.in/static/uploads/2026/02/f55fe52418b03f58b0669f6a8bc03b6d.pdf","sgi","Prior law to amended law","Notified amendment; operative-date and court-status limits apply","[]"
"aig-principles","Part 1","Consultation report II.A; printed pp. 3-4","Seven principles are reframed as seven sutras","Scope change","AI developers, regulators and public institutions","The earlier seven-principle list is reorganised into seven sutras, including explicit innovation-over-restraint framing.","The new framing is a policy priority, not permission to disregard binding privacy, equality or safety law.","Recommendation lineage, not a one-to-one legal deletion/insertion. A principle disappearing as a standalone heading does not establish that its substance or legal protection was abolished.","https://indiaai.s3.ap-south-1.amazonaws.com/docs/subcommittee-report-dec26.pdf","https://static.pib.gov.in/WriteReadData/specificdocs/documents/2025/nov/doc2025115685601.pdf","aig","Recommendation lineage","Recommendations; not a new standalone legal mandate","[]"
"aig-infrastructure","Part 2.1","Consultation report introduction; printed p. 1","Infrastructure becomes an explicit governance pillar","Scope change","AI developers, regulators and public institutions","Infrastructure moves from mission background to a dedicated pillar covering data, compute and DPI.","Governance is framed as enabling access and safety evaluation as well as setting restrictions.","Recommendation lineage, not a one-to-one legal deletion/insertion. The historical infrastructure figures in the November report are not verified current inventory or scheme eligibility.","https://indiaai.s3.ap-south-1.amazonaws.com/docs/subcommittee-report-dec26.pdf","https://static.pib.gov.in/WriteReadData/specificdocs/documents/2025/nov/doc2025115685601.pdf","aig","Recommendation lineage","Recommendations; not a new standalone legal mandate","[]"
"aig-capacity","Part 2.2","Consultation recommendation 6; printed p. 19","Public procurement and enforcement training gain explicit attention","Scope change","AI developers, regulators and public institutions","The earlier regulatory-capacity recommendation broadens into training for officials, public procurement, police and wider public literacy.","The final makes administrative capability a visible condition for responsible adoption.","Recommendation lineage, not a one-to-one legal deletion/insertion. This is a thematic successor, not a claim that the earlier adjudication proposal was enacted.","https://indiaai.s3.ap-south-1.amazonaws.com/docs/subcommittee-report-dec26.pdf","https://static.pib.gov.in/WriteReadData/specificdocs/documents/2025/nov/doc2025115685601.pdf","aig","Recommendation lineage","Recommendations; not a new standalone legal mandate","[]"
"aig-policy","Part 2.3","Consultation recommendation 6; printed p. 19","A proposed Digital India Act path becomes targeted legal review","Scope change","AI developers, regulators and public institutions","The final broadens the legal-review approach across existing statutes, classification, liability, copyright, authentication and sectoral gaps.","The guidelines do not themselves enact a standalone AI law, grant a copyright licence or settle intermediary liability.","Recommendation lineage, not a one-to-one legal deletion/insertion. The November document's DPDP discussion predates the final DPDP Rules. Copyright and other later policy developments require separate current-law checks.","https://indiaai.s3.ap-south-1.amazonaws.com/docs/subcommittee-report-dec26.pdf","https://static.pib.gov.in/WriteReadData/specificdocs/documents/2025/nov/doc2025115685601.pdf","aig","Recommendation lineage","Recommendations; not a new standalone legal mandate","[]"
"aig-risk","Part 2.4","Consultation report III.B; printed pp. 11-12","Context-sensitive risk analysis becomes an explicit India framework","Scope change","AI developers, regulators and public institutions","The final sets out risk categories, vulnerable-group concerns and a locally adapted classification framework.","The recommended response is based on context and harm evidence, not merely model size or computational capacity.","Recommendation lineage, not a one-to-one legal deletion/insertion. This is a recommended framework, not a verified operational classification system or binding risk-tier schedule.","https://indiaai.s3.ap-south-1.amazonaws.com/docs/subcommittee-report-dec26.pdf","https://static.pib.gov.in/WriteReadData/specificdocs/documents/2025/nov/doc2025115685601.pdf","aig","Recommendation lineage","Recommendations; not a new standalone legal mandate","[]"
"aig-incidents","Part 2.4","Consultation recommendation 3; printed pp. 16-17","An incident repository becomes a federated reporting proposal","Scope change","AI developers, regulators and public institutions","The final adds a federated national/local architecture, common schemas and wider participation to the earlier incident-database proposal.","The design provides useful accountability questions: reporting access, confidentiality, interoperability and feedback into risk assessment.","Recommendation lineage, not a one-to-one legal deletion/insertion. Both documents discourage punitive reporting design. Recommendations and launch rhetoric do not prove the database is live; grievance channels are separately recommended.","https://indiaai.s3.ap-south-1.amazonaws.com/docs/subcommittee-report-dec26.pdf","https://static.pib.gov.in/WriteReadData/specificdocs/documents/2025/nov/doc2025115685601.pdf","aig","Recommendation lineage","Recommendations; not a new standalone legal mandate","[]"
"aig-voluntary","Part 2.4","Consultation recommendation 4; printed pp. 17-18","Voluntary commitments get incentives and a possible mandatory trajectory","Scope change","AI developers, regulators and public institutions","The final describes voluntary frameworks as non-binding and says some baseline measures may later become mandatory.","A future mandatory trajectory should not be misreported as already enforceable obligations imposed by this document.","Recommendation lineage, not a one-to-one legal deletion/insertion. Any eventual mandatory measure needs its own legal basis and instrument. Adoption and enforcement are not established here.","https://indiaai.s3.ap-south-1.amazonaws.com/docs/subcommittee-report-dec26.pdf","https://static.pib.gov.in/WriteReadData/specificdocs/documents/2025/nov/doc2025115685601.pdf","aig","Recommendation lineage","Recommendations; not a new standalone legal mandate","[]"
"aig-techno","Part 2.4","Consultation recommendation 5; printed pp. 18-19","Techno-legal solutions acquire explicit limitations","Scope change","AI developers, regulators and public institutions","The final expands the technology-measures proposal into compliance-by-design and DEPA examples, while acknowledging downstream and performance limitations.","Technical architecture is not presented as sufficient governance on its own.","Recommendation lineage, not a one-to-one legal deletion/insertion. No product efficacy is certified by this collection; a recommendation or architecture diagram does not prove compliance in deployment.","https://indiaai.s3.ap-south-1.amazonaws.com/docs/subcommittee-report-dec26.pdf","https://static.pib.gov.in/WriteReadData/specificdocs/documents/2025/nov/doc2025115685601.pdf","aig","Recommendation lineage","Recommendations; not a new standalone legal mandate","[]"
"aig-accountability","Part 2.5","Consultation recommendation 6; printed p. 19","Grievance redress is kept separate from incident learning","Scope change","AI developers, regulators and public institutions","The final adds accessible, multilingual grievance recommendations, graded liability and non-statutory accountability mechanisms.","A channel for resolving an individual's harm is not interchangeable with an incident repository for learning.","Recommendation lineage, not a one-to-one legal deletion/insertion. The report's '9-12 months' possible schedule is not treated as a statutory deadline. Liability and mandatory redress require applicable legal authority.","https://indiaai.s3.ap-south-1.amazonaws.com/docs/subcommittee-report-dec26.pdf","https://static.pib.gov.in/WriteReadData/specificdocs/documents/2025/nov/doc2025115685601.pdf","aig","Recommendation lineage","Recommendations; not a new standalone legal mandate","[]"
"aig-institutions","Part 2.6","Consultation recommendations 1-2; printed pp. 13-16","The technical secretariat proposal becomes a broader institutional architecture","Scope change","AI developers, regulators and public institutions","The final specifies AIGG coordination, TPEC expert advice and AISI technical functions, rather than repeating the earlier secretariat structure.","The useful reporting task is to trace mandates, membership, budgets and issued decisions, not infer institutional implementation from a recommendation.","Recommendation lineage, not a one-to-one legal deletion/insertion. Do not call every institution merely proposed: the November report describes AISI as recently established. Current establishment and operational status need separate records.","https://indiaai.s3.ap-south-1.amazonaws.com/docs/subcommittee-report-dec26.pdf","https://static.pib.gov.in/WriteReadData/specificdocs/documents/2025/nov/doc2025115685601.pdf","aig","Recommendation lineage","Recommendations; not a new standalone legal mandate","[]"
"aig-action-plan","Part 3","Consultation report IV; six recommendations","The final introduces a staged action plan without exact dates","Addition","AI developers, regulators and public institutions","The final groups action items into short-, medium- and long-term stages and illustrates institutional responsibilities.","This creates a useful implementation checklist, but not a precise countdown or proof of completion.","Recommendation lineage, not a one-to-one legal deletion/insertion. The table's qualitative timelines should not be converted into invented dates. Flattened table extraction is not automatically diff-highlighted.","https://indiaai.s3.ap-south-1.amazonaws.com/docs/subcommittee-report-dec26.pdf","https://static.pib.gov.in/WriteReadData/specificdocs/documents/2025/nov/doc2025115685601.pdf","aig","Recommendation lineage","Recommendations; not a new standalone legal mandate","[]"
"aig-practical","Part 4","Consultation recommendation 4; printed pp. 17-18","Industry and regulators receive separate practical recommendations","Scope change","AI developers, regulators and public institutions","The final adds a distinct practical part for industry and regulators, including transparency, redress, proportionality and instrument choice.","Recommended practices can guide reporting enquiries and procurement discussions without being mislabelled as a new statutory compliance checklist.","Recommendation lineage, not a one-to-one legal deletion/insertion. Existing legal obligations remain binding through their own instruments. Recommendations to comply with them do not change their commencement or exemptions.","https://indiaai.s3.ap-south-1.amazonaws.com/docs/subcommittee-report-dec26.pdf","https://static.pib.gov.in/WriteReadData/specificdocs/documents/2025/nov/doc2025115685601.pdf","aig","Recommendation lineage","Recommendations; not a new standalone legal mandate","[]"
"impl-aigeg","AIGEG","Part 2.6; printed p. 34","A constitution order exists; policy delivery needs separate evidence","Evidence checkpoint","IndiaAI, MeitY and oversight bodies","A 13 April memorandum constitutes AIGEG; the public announcement follows on 16 April.","The recommendation has a formal institutional response, with a ten-seat composition and terms of reference. Constitution is not evidence that the group has met, issued decisions or delivered its labour-transition roadmap.","The reviewed order and announcement do not establish meeting activity or outcomes. OCR errors are visible in the order snapshot; use the original for quoting names and exact wording.","https://static.pib.gov.in/WriteReadData/specificdocs/documents/2025/nov/doc2025115685601.pdf","https://www.meity.gov.in/static/uploads/2026/04/43a4ec455c26b0f061cc7cca98770a45.pdf","impl","Recommendation to implementation evidence","Formal constitution documented","[]"
"impl-tpec","TPEC","Part 2.6; printed p. 35","The expert committee has an order and an advisory remit","Evidence checkpoint","IndiaAI, MeitY and oversight bodies","The TPEC memorandum is dated 13 April; its public announcement is dated 18 April.","The six-seat composition combines the MeitY secretary, two academic seats and representatives of NASSCOM, DSCI and MAIT. An advisory remit is not a statutory licence to approve or ban every AI system.","This verifies the order, not completion of work, attendance or the currently serving individuals. No inference about legitimacy follows solely from the composition. OCR text needs checking against the PDF.","https://static.pib.gov.in/WriteReadData/specificdocs/documents/2025/nov/doc2025115685601.pdf","https://d12aarmt01l54a.cloudfront.net/cms/files/constitution-of-tpec/1776447206.pdf","impl","Recommendation to implementation evidence","Formal constitution documented","[]"
"impl-aisi-status","AISI status","Part 2.6; printed p. 36","Official Safety Institute wording does not settle operational readiness","Evidence checkpoint","IndiaAI, MeitY and oversight bodies","The 27 July record says the institute has been established; the 29 July record says it is being established.","An institutional creation claim is documented, but these adjacent statements do not establish the institute's staffing, budget, testing capacity or live public services. Preserve both descriptions rather than choose the more convenient one.","The statements may describe different stages rather than a factual contradiction. This ledger does not declare the institute nonexistent or fully operational.","https://static.pib.gov.in/WriteReadData/specificdocs/documents/2025/nov/doc2025115685601.pdf","https://www.pib.gov.in/PressReleasePage.aspx?PRID=2289946&reg=3&lang=1","impl","Recommendation to implementation evidence","Official wording unresolved","[]"
"impl-aisi-leadership","AISI leadership","Part 2.6; printed p. 36","A director advertisement is not an appointment record","Evidence checkpoint","IndiaAI, MeitY and oversight bodies","DIC advertises one contractual director position with a 2 June 2026 application deadline.","Recruitment is concrete administrative action, but the historical advertisement cannot show whether a director was appointed, when they joined or whether the position is vacant now.","A past deadline is not an open job listing. The appointment outcome was not verified in the reviewed corpus.","https://static.pib.gov.in/WriteReadData/specificdocs/documents/2025/nov/doc2025115685601.pdf","https://dic.gov.in/jobs/director-indiaai-safety-institute/","impl","Recommendation to implementation evidence","Process documented; outcome unverified","[]"
"impl-aisi-partners","AISI partners","Part 2.6; printed p. 36","The partner call specifies cells and cost sharing, not awarded partners","Evidence checkpoint","IndiaAI, MeitY and oversight bodies","The partner EOI sets 9 May/9 June 2025 publication and submission dates, dedicated Safety Cells and a 50% partner cost contribution.","The hub-and-spoke architecture has a concrete application process. A call and requirements are not evidence that partners were selected, agreements executed or funds spent.","Do not treat an expired EOI as an open application window or its funding rules as disbursement evidence. Confidential-output exceptions also limit what can legitimately be inferred from missing public reports.","https://static.pib.gov.in/WriteReadData/specificdocs/documents/2025/nov/doc2025115685601.pdf","https://indiaai.s3.ap-south-1.amazonaws.com/docs/sg-call-for-partnerships-indiaai-safety-institute.pdf","impl","Recommendation to implementation evidence","Process documented; outcome unverified","[]"
"impl-projects","Responsible AI portfolio","Part 2.6; printed p. 36","Thirteen approved projects are not thirteen validated tools","Evidence checkpoint","IndiaAI, MeitY and oversight bodies","The July official record reports 13 approved Responsible AI projects across safety themes.","There is documentary evidence of a selected programme portfolio, but approvals and ongoing development are not completion certificates, independent benchmarks or proof that every tool is available.","The mission-wide financial outlay is not an institute-specific or project-specific expenditure figure. No portfolio-wide effectiveness score is assigned.","https://static.pib.gov.in/WriteReadData/specificdocs/documents/2025/nov/doc2025115685601.pdf","https://www.pib.gov.in/PressReleasePage.aspx?PRID=2289946&reg=3&lang=1","impl","Recommendation to implementation evidence","Programme activity reported","[]"
"impl-tool-delivery","Technical tools","Part 2.6; printed p. 36","Named selections identify owners, not proven detection performance","Evidence checkpoint","IndiaAI, MeitY and oversight bodies","The second EOI names five selected projects: three detection projects, an agriculture bias project and Anvil.","The table gives journalists identifiable project owners and themes. It does not establish accuracy, robustness, licensing, release status or operational deployment.","The October 2025 selection predates the November framework; it is relevant programme lineage, not an outcome caused by that framework. The five selections are a subset, not five additional projects beyond the reported thirteen.","https://static.pib.gov.in/WriteReadData/specificdocs/documents/2025/nov/doc2025115685601.pdf","https://www.pib.gov.in/PressReleasePage.aspx?PRID=2175698","impl","Recommendation to implementation evidence","Programme activity reported","[]"
"impl-incident-repository","Incident reporting","Part 2.4; printed pp. 26–27","Existing cyber duties do not prove a national AI-harm repository is live","Evidence checkpoint","IndiaAI, MeitY and oversight bodies","The framework proposes a federated AI incident database; the reviewed corpus does not establish a live national intake mechanism.","CERT-In's existing directions cover specified cyber incidents, including listed attacks or suspicious activity affecting AI/ML systems. That is a different scope from the proposed broader repository of AI harms.","No verified national repository launch or public intake endpoint was found in this bounded review. That is not proof of absence. The six-hour cyber duty is not a universal deadline for every AI harm, and current legal advice requires checking later instruments.","https://static.pib.gov.in/WriteReadData/specificdocs/documents/2025/nov/doc2025115685601.pdf","https://static.pib.gov.in/WriteReadData/specificdocs/documents/2025/nov/doc2025115685601.pdf","impl","Recommendation to implementation evidence","Implementation not established by reviewed records","[]"
"impl-redress","Grievance redress","Part 2.5; printed p. 32","Platform appeals exist; universal AI-harm redress is not established","Evidence checkpoint","IndiaAI, MeitY and oversight bodies","The July explanation documents intermediary grievance officers and online GAC appeals.","These are concrete routes for relevant platform-content disputes, not an all-purpose appeal against healthcare, hiring, credit or government AI decisions. A general governance recommendation is not itself a new complaint portal.","The reviewed records do not establish universal AI-specific redress. Other sectoral, consumer, constitutional or legal remedies may exist; their eligibility and current procedures require separate verification.","https://static.pib.gov.in/WriteReadData/specificdocs/documents/2025/nov/doc2025115685601.pdf","https://www.pib.gov.in/PressReleasePage.aspx?PRID=2291671&reg=3&lang=1","impl","Recommendation to implementation evidence","Limited-scope route documented","[]"
"impl-voluntary","Voluntary commitments","Part 2.4; printed pp. 27-28","Frontier commitments were announced; compliance needs different evidence","Evidence checkpoint","IndiaAI, MeitY and oversight bodies","The March summit release reports voluntary frontier AI impact commitments, and the July explanation reiterates them.","A voluntary commitment is a real governance artefact but does not prove implementation or create a universal statutory mandate. Global summit deliverables should not be conflated with every domestic voluntary framework proposed in the guidelines.","The ledger verifies the official reporting of commitments, not every signatory, exact commitment text, follow-through or legal enforceability. No compliance ranking is inferred from pledges.","https://static.pib.gov.in/WriteReadData/specificdocs/documents/2025/nov/doc2025115685601.pdf","https://www.pib.gov.in/PressReleasePage.aspx?PRID=2234343&reg=3&lang=1","impl","Recommendation to implementation evidence","Commitments reported; compliance unverified","[]"
"service-upsc","UPSC face authentication","4 June release, implementation and developer","UPSC face authentication: decision-accountability case","Public-service case","Public examinations","UPSC reports nationwide mobile face authentication in May 2026; the current application is described as developed with NeGD support.","Identity verification can affect entry to an examination. Throughput, coverage and an older tender are not a measured false-rejection rate or proof that a rejected candidate has a documented fallback route.","Do not equate the 2024 biometric/CCTV procurement package with the 2026 in-house mobile application. Tender requirements are not current deployed behaviour. No candidate case or device inspection was undertaken.","https://www.pib.gov.in/PressReleasePage.aspx?PRID=2268879&reg=3&lang=1","https://www.pib.gov.in/PressReleaseDetail.aspx?PRID=2317336&reg=48&lang=1","service","System claim to accountability evidence","Official deployment reported","[{""name"":""Owner & purpose"",""status"":""Documented"",""statement"":""UPSC with technical support from NeGD; exam identity authentication."",""evidence"":[{""sourceId"":""service-upsc-live"",""title"":""UPSC face authentication implementation"",""url"":""https://www.pib.gov.in/PressReleasePage.aspx?PRID=2268879&reg=3&lang=1"",""quote"":""The face authentication application has been developed and implemented by UPSC with technical support from the National e-Governance Division (NeGD) of Ministry of Electronics and IT."",""locator"":""4 June release, implementation and developer""}]},{""name"":""Decision role & affected people"",""status"":""Partial"",""statement"":""Mobile identity matching concerns examination candidates; detailed adverse-decision rules are not verified."",""evidence"":[{""sourceId"":""service-upsc-october"",""title"":""UPSC centenary current-status explanation"",""url"":""https://www.pib.gov.in/PressReleaseDetail.aspx?PRID=2317336&reg=48&lang=1"",""quote"":""Following a pilot at select centres in Gurugram during the NDA & NA (II) and CDS (II) examinations in September 2025, the system was implemented at scale for the Civil Services (Preliminary) Examination on 24 May 2026, covering approximately 5.50 lakh candidates."",""locator"":""4 October release, examination reform""},{""sourceId"":""service-upsc-live"",""title"":""UPSC face authentication implementation"",""url"":""https://www.pib.gov.in/PressReleasePage.aspx?PRID=2268879&reg=3&lang=1"",""quote"":""It works on any Android smartphone, and invigilators used their own mobile phones for the purpose, thereby reducing hardware costs and easing the logistical burden."",""locator"":""4 June release, mobile workflow""}]},{""name"":""Deployment & date"",""status"":""Documented"",""statement"":""A September 2025 pilot and scaled use on 24 May 2026 are officially reported, with about 5.50 lakh candidates."",""evidence"":[{""sourceId"":""service-upsc-october"",""title"":""UPSC centenary current-status explanation"",""url"":""https://www.pib.gov.in/PressReleaseDetail.aspx?PRID=2317336&reg=48&lang=1"",""quote"":""Following a pilot at select centres in Gurugram during the NDA & NA (II) and CDS (II) examinations in September 2025, the system was implemented at scale for the Civil Services (Preliminary) Examination on 24 May 2026, covering approximately 5.50 lakh candidates."",""locator"":""4 October release, examination reform""}]},{""name"":""Procurement & supplier"",""status"":""Partial"",""statement"":""A 2024 PSU tender covered biometrics, facial recognition, QR scans and AI CCTV; the June record describes in-house development. The contract link between them is unverified."",""evidence"":[{""sourceId"":""service-upsc-tender"",""title"":""UPSC biometric/AI tender specification"",""url"":""https://upsc.gov.in/sites/default/files/Tender-AadhaarQRFaceRecgAI-Corrgn_Eng-180724.pdf"",""quote"":""Tender responses are invited from PSUs for Aadhaar based Fingerprint Authentication/Digital Fingerprint Capturing & Facial Recognition of Candidates, QR Code Scanning of e-Admit Cards and Live AI-based CCTV Surveillance"",""locator"":""2024 tender, cover/scope""},{""sourceId"":""service-upsc-live"",""title"":""UPSC face authentication implementation"",""url"":""https://www.pib.gov.in/PressReleasePage.aspx?PRID=2268879&reg=3&lang=1"",""quote"":""The face authentication application has been developed and implemented by UPSC with technical support from the National e-Governance Division (NeGD) of Ministry of Electronics and IT."",""locator"":""4 June release, implementation and developer""}]},{""name"":""Funding & contract"",""status"":""Not verified"",""statement"":""n.a. Awarded supplier, current application budget and contract value were not verified; the tender alone is not an award."",""evidence"":[]},{""name"":""Data & integration"",""status"":""Partial"",""statement"":""Invigilators' Android phones were used. The current data-flow diagram and device/data lifecycle were not verified."",""evidence"":[{""sourceId"":""service-upsc-live"",""title"":""UPSC face authentication implementation"",""url"":""https://www.pib.gov.in/PressReleasePage.aspx?PRID=2268879&reg=3&lang=1"",""quote"":""It works on any Android smartphone, and invigilators used their own mobile phones for the purpose, thereby reducing hardware costs and easing the logistical burden."",""locator"":""4 June release, mobile workflow""}]},{""name"":""Evaluation & error rates"",""status"":""Partial"",""statement"":""UPSC reports six-to-eight-second typical authentication; no independent false-accept/reject or subgroup evaluation was verified."",""evidence"":[{""sourceId"":""service-upsc-live"",""title"":""UPSC face authentication implementation"",""url"":""https://www.pib.gov.in/PressReleasePage.aspx?PRID=2268879&reg=3&lang=1"",""quote"":""The time required for a typical face authentication of a candidate is only about 6–8 seconds, which ensured smooth entry and prevented queuing at examination centres."",""locator"":""4 June release, reported timing""}]},{""name"":""Human review & overrides"",""status"":""Partial"",""statement"":""The older tender requires physical photo verification. The current mismatch/technical-failure SOP was not verified."",""evidence"":[{""sourceId"":""service-upsc-tender"",""title"":""UPSC biometric/AI tender specification"",""url"":""https://upsc.gov.in/sites/default/files/Tender-AadhaarQRFaceRecgAI-Corrgn_Eng-180724.pdf"",""quote"":""6.1.11 The Service Provider has to perform physical verification of candidates’ photos with Application Database (provided by UPSC) at the time of security gate entry."",""locator"":""2024 tender clause 6.1.11""}]},{""name"":""Privacy & retention"",""status"":""Partial"",""statement"":""The older tender specifies encrypted cloud holding for at least one year or 30 days after final results, whichever is later. Applying it to the current mobile system is not established."",""evidence"":[{""sourceId"":""service-upsc-tender"",""title"":""UPSC biometric/AI tender specification"",""url"":""https://upsc.gov.in/sites/default/files/Tender-AadhaarQRFaceRecgAI-Corrgn_Eng-180724.pdf"",""quote"":""6.1.12 After the completion of the entire process as per the scope of work, the Service Provider will hold the data on its Secured Cloud Server with 256-bit encryption for a minimum period of one (01) year from the date of the examination or 30 days after the declaration of final result of the examination, whichever is later."",""locator"":""2024 tender clause 6.1.12""}]},{""name"":""Complaints & appeal"",""status"":""Not verified"",""statement"":""n.a. A system-specific candidate mismatch appeal, deadline and non-biometric fallback were not verified."",""evidence"":[]},{""name"":""Public outputs & access"",""status"":""Partial"",""statement"":""UPSC publishes implementation descriptions; the actual current failure-handling SOP, audit and test report were not obtained."",""evidence"":[{""sourceId"":""service-upsc-live"",""title"":""UPSC face authentication implementation"",""url"":""https://www.pib.gov.in/PressReleasePage.aspx?PRID=2268879&reg=3&lang=1"",""quote"":""The face authentication application has been developed and implemented by UPSC with technical support from the National e-Governance Division (NeGD) of Ministry of Electronics and IT."",""locator"":""4 June release, implementation and developer""},{""sourceId"":""service-upsc-october"",""title"":""UPSC centenary current-status explanation"",""url"":""https://www.pib.gov.in/PressReleaseDetail.aspx?PRID=2317336&reg=48&lang=1"",""quote"":""Following a pilot at select centres in Gurugram during the NDA & NA (II) and CDS (II) examinations in September 2025, the system was implemented at scale for the Civil Services (Preliminary) Examination on 24 May 2026, covering approximately 5.50 lakh candidates."",""locator"":""4 October release, examination reform""}]},{""name"":""Current-status limits"",""status"":""Partial"",""statement"":""The October source confirms reported scaled use, not independently audited accuracy or every current operational detail."",""evidence"":[{""sourceId"":""service-upsc-october"",""title"":""UPSC centenary current-status explanation"",""url"":""https://www.pib.gov.in/PressReleaseDetail.aspx?PRID=2317336&reg=48&lang=1"",""quote"":""Following a pilot at select centres in Gurugram during the NDA & NA (II) and CDS (II) examinations in September 2025, the system was implemented at scale for the Civil Services (Preliminary) Examination on 24 May 2026, covering approximately 5.50 lakh candidates."",""locator"":""4 October release, examination reform""}]}]"
"service-cyberguard","I4C CyberGuard","Hackathon explanation","I4C CyberGuard: decision-accountability case","Public-service case","Cybercrime administration","Government reporting says the shortlisted classifier was integrated with I4C systems; the hackathon results identify teams but do not identify an executed production contract.","Complaint classification may influence routing and prioritisation, but the records do not establish that a model decides FIR registration or rejects a complaint. Research metrics from a different hackathon entry cannot be transferred to the production system.","Winner selection is not proof of the deployed supplier or a service contract. Integration does not establish measured operational accuracy, complaint outcomes, or automatic adverse decisions.","https://www.pib.gov.in/PressReleasePage.aspx?PRID=2132817&reg=3&lang=1","https://www.pib.gov.in/PressReleasePage.aspx?PRID=2291062&reg=48&lang=1","service","System claim to accountability evidence","Official integration reported","[{""name"":""Owner & purpose"",""status"":""Documented"",""statement"":""IndiaAI and I4C developed a challenge around NCRP complaint classification and crime-pattern identification."",""evidence"":[{""sourceId"":""service-cyber-winners"",""title"":""CyberGuard hackathon results"",""url"":""https://www.pib.gov.in/PressReleasePage.aspx?PRID=2132817&reg=3&lang=1"",""quote"":""The Hackathon resulted in the development of AI-based solutions to enhance the classification of cybercrime complaints and support the identification of emerging crime patterns, trends, and modus operandi on the National Cyber Crime Reporting Portal (NCRP)."",""locator"":""Hackathon explanation""}]},{""name"":""Decision role & affected people"",""status"":""Partial"",""statement"":""The task is complaint classification/pattern support; effects on registration, prioritisation and investigations are not specified in the reviewed record."",""evidence"":[{""sourceId"":""service-cyber-winners"",""title"":""CyberGuard hackathon results"",""url"":""https://www.pib.gov.in/PressReleasePage.aspx?PRID=2132817&reg=3&lang=1"",""quote"":""The Hackathon resulted in the development of AI-based solutions to enhance the classification of cybercrime complaints and support the identification of emerging crime patterns, trends, and modus operandi on the National Cyber Crime Reporting Portal (NCRP)."",""locator"":""Hackathon explanation""}]},{""name"":""Deployment & date"",""status"":""Documented"",""statement"":""The 29 July official record reports integration with I4C systems."",""evidence"":[{""sourceId"":""impl-mission-status"",""title"":""IndiaAI Mission governance progress explanation"",""url"":""https://www.pib.gov.in/PressReleasePage.aspx?PRID=2291062&reg=48&lang=1"",""quote"":""The shortlisted solution has been integrated with I4C systems."",""locator"":""29 July release, CyberGuard paragraph""}]},{""name"":""Procurement & supplier"",""status"":""Partial"",""statement"":""The results list winning organisations. Which finalist supplied the integrated production system and on what contract is not verified."",""evidence"":[{""sourceId"":""service-cyber-winners"",""title"":""CyberGuard hackathon results"",""url"":""https://www.pib.gov.in/PressReleasePage.aspx?PRID=2132817&reg=3&lang=1"",""quote"":""Winners of IndiaAI I4C CyberGuard AI Hackathon Team Lead Names of the Team members Affiliated Organization Nisarg Gandhi Patel Darshankumar Shankarbhai and Bhensdadiya Kevin Vasantbhai S4AI Technologies LLP Lasya Ippagunta Shubham Luharuka and Puneet Hegde CloudSEK Information Security Limited Meet Bisht Rohit Ganaka and Yukta Chauhan Voldebug Innovations Pvt. Ltd."",""locator"":""Annexure I, winner table""}]},{""name"":""Funding & contract"",""status"":""Not verified"",""statement"":""n.a. Production award, fees, ongoing support terms and project-specific expenditure were not verified."",""evidence"":[]},{""name"":""Data & integration"",""status"":""Partial"",""statement"":""The challenge description mentions handwritten FIRs, screenshots and audio calls. The production ingestion schema and access controls were not verified."",""evidence"":[{""sourceId"":""service-cyber-winners"",""title"":""CyberGuard hackathon results"",""url"":""https://www.pib.gov.in/PressReleasePage.aspx?PRID=2132817&reg=3&lang=1"",""quote"":""These models can interpret complex inputs such as handwritten FIRs, screenshots, and audio calls with improved speed and accuracy."",""locator"":""Hackathon explanation, supported inputs""}]},{""name"":""Evaluation & error rates"",""status"":""Not verified"",""statement"":""n.a. 'Improved speed and accuracy' is an official qualitative claim, not a production benchmark with error distributions."",""evidence"":[{""sourceId"":""service-cyber-winners"",""title"":""CyberGuard hackathon results"",""url"":""https://www.pib.gov.in/PressReleasePage.aspx?PRID=2132817&reg=3&lang=1"",""quote"":""These models can interpret complex inputs such as handwritten FIRs, screenshots, and audio calls with improved speed and accuracy."",""locator"":""Hackathon explanation, supported inputs""}]},{""name"":""Human review & overrides"",""status"":""Not verified"",""statement"":""n.a. Human correction, routing overrides and audit-log procedures were not verified."",""evidence"":[]},{""name"":""Privacy & retention"",""status"":""Not verified"",""statement"":""n.a. System-specific retention, training reuse, processors and minimisation rules were not verified."",""evidence"":[]},{""name"":""Complaints & appeal"",""status"":""Not verified"",""statement"":""n.a. A classifier-specific correction/appeal route was not verified; ordinary cybercrime reporting is not proof of an AI-error appeal."",""evidence"":[]},{""name"":""Public outputs & access"",""status"":""Partial"",""statement"":""The winner table and integration statement are public; no production model card or evaluation report was verified."",""evidence"":[{""sourceId"":""service-cyber-winners"",""title"":""CyberGuard hackathon results"",""url"":""https://www.pib.gov.in/PressReleasePage.aspx?PRID=2132817&reg=3&lang=1"",""quote"":""Winners of IndiaAI I4C CyberGuard AI Hackathon Team Lead Names of the Team members Affiliated Organization Nisarg Gandhi Patel Darshankumar Shankarbhai and Bhensdadiya Kevin Vasantbhai S4AI Technologies LLP Lasya Ippagunta Shubham Luharuka and Puneet Hegde CloudSEK Information Security Limited Meet Bisht Rohit Ganaka and Yukta Chauhan Voldebug Innovations Pvt. Ltd."",""locator"":""Annexure I, winner table""},{""sourceId"":""impl-mission-status"",""title"":""IndiaAI Mission governance progress explanation"",""url"":""https://www.pib.gov.in/PressReleasePage.aspx?PRID=2291062&reg=48&lang=1"",""quote"":""The shortlisted solution has been integrated with I4C systems."",""locator"":""29 July release, CyberGuard paragraph""}]},{""name"":""Current-status limits"",""status"":""Partial"",""statement"":""Official integration is documented as a source claim; live access, coverage and decision impact were not independently tested."",""evidence"":[{""sourceId"":""impl-mission-status"",""title"":""IndiaAI Mission governance progress explanation"",""url"":""https://www.pib.gov.in/PressReleasePage.aspx?PRID=2291062&reg=48&lang=1"",""quote"":""The shortlisted solution has been integrated with I4C systems."",""locator"":""29 July release, CyberGuard paragraph""}]}]"
"service-suvas","SUVAS judicial translation","Judgment translation section","SUVAS judicial translation: decision-accountability case","Public-service case","Judicial access","The official backgrounder describes translations hosted on e-SCR and judicial translation committees; a separate Allahabad notice documents a local vetting workflow.","A translation aids access to a judgment but is not an automated judicial determination. The local vetting record shows concrete human review, without establishing one nationwide SOP or a current universal correction route.","The 2023 Allahabad process is jurisdiction-specific and historical. Do not infer that its remuneration, panel or disclaimer governs every court or every current SUVAS output.","https://www.pib.gov.in/PressReleasePage.aspx?PRID=2226283&reg=48&lang=2","https://www.pib.gov.in/PressReleasePage.aspx?PRID=2226283&reg=48&lang=2","service","System claim to accountability evidence","Official use reported","[{""name"":""Owner & purpose"",""status"":""Documented"",""statement"":""Supreme Court SUVAS translates judgments and orders to vernacular languages."",""evidence"":[{""sourceId"":""service-judiciary"",""title"":""Official judicial AI backgrounder"",""url"":""https://www.pib.gov.in/PressReleasePage.aspx?PRID=2226283&reg=48&lang=2"",""quote"":""For this, **SUVAS** **(Supreme Court Vidhik Anuvaad Software)**, an AI-driven translation tool of the Supreme Court, converts English judgments and orders into vernacular languages, enhancing accessibility and regional language use in courts. These translated judgments are hosted on the **e-SCR portal**, significantly expanding public access."",""locator"":""Judgment translation section""}]},{""name"":""Decision role & affected people"",""status"":""Documented"",""statement"":""Translation supports people reading court records; it is not itself a decision on the merits of a case."",""evidence"":[{""sourceId"":""service-judiciary"",""title"":""Official judicial AI backgrounder"",""url"":""https://www.pib.gov.in/PressReleasePage.aspx?PRID=2226283&reg=48&lang=2"",""quote"":""For this, **SUVAS** **(Supreme Court Vidhik Anuvaad Software)**, an AI-driven translation tool of the Supreme Court, converts English judgments and orders into vernacular languages, enhancing accessibility and regional language use in courts. These translated judgments are hosted on the **e-SCR portal**, significantly expanding public access."",""locator"":""Judgment translation section""},{""sourceId"":""service-judiciary"",""title"":""Official judicial AI backgrounder"",""url"":""https://www.pib.gov.in/PressReleasePage.aspx?PRID=2226283&reg=48&lang=2"",""quote"":""**Supreme Court and High Court AI Translation Committees** oversee quality and constitutional accuracy. AI use remains assistive, with translations reviewed within judicial frameworks to support access to justice."",""locator"":""Translation committee oversight""}]},{""name"":""Deployment & date"",""status"":""Documented"",""statement"":""The February official explanation reports use and hosting on e-SCR; current court-by-court coverage is not certified."",""evidence"":[{""sourceId"":""service-judiciary"",""title"":""Official judicial AI backgrounder"",""url"":""https://www.pib.gov.in/PressReleasePage.aspx?PRID=2226283&reg=48&lang=2"",""quote"":""For this, **SUVAS** **(Supreme Court Vidhik Anuvaad Software)**, an AI-driven translation tool of the Supreme Court, converts English judgments and orders into vernacular languages, enhancing accessibility and regional language use in courts. These translated judgments are hosted on the **e-SCR portal**, significantly expanding public access."",""locator"":""Judgment translation section""}]},{""name"":""Procurement & supplier"",""status"":""Not verified"",""statement"":""n.a. Software/model contract, procurement award and current supplier chain were not verified."",""evidence"":[]},{""name"":""Funding & contract"",""status"":""Partial"",""statement"":""The historical Allahabad notice quotes Re. 1 per English-source word. Circulated scheme guidance describes High Court grants sanctioned by State Governments for translator remuneration; neither is a national software budget or verified expenditure."",""evidence"":[{""sourceId"":""service-translation-vetting"",""title"":""Allahabad translation-vetting notice"",""url"":""https://www.allahabadhighcourt.in/event/event_16290_18-09-2023.pdf"",""quote"":""The remuneration for vetting & correction of the software generated translation of the judgments of this Court will be paid at the rate of Re. 1/- per word of the English version."",""locator"":""Allahabad notice, remuneration""},{""sourceId"":""service-translation-guidelines"",""title"":""Court translation scheme and Supreme Court AI Committee guidelines"",""url"":""https://cdnbbsr.s3waas.gov.in/s3ec03ac73001b1d44f4925449ce09d9f5/uploads/2023/09/2023092013.pdf"",""quote"":""Amounts required for paying reasonable remuneration to the panel of translators shall be from grants sought for by the High Court and sanctioned by the State Government."",""locator"":""Annexure A, guideline 10""}]},{""name"":""Data & integration"",""status"":""Partial"",""statement"":""English judgments/orders are translated; model training, confidential-case exclusions and processor access were not verified."",""evidence"":[{""sourceId"":""service-judiciary"",""title"":""Official judicial AI backgrounder"",""url"":""https://www.pib.gov.in/PressReleasePage.aspx?PRID=2226283&reg=48&lang=2"",""quote"":""For this, **SUVAS** **(Supreme Court Vidhik Anuvaad Software)**, an AI-driven translation tool of the Supreme Court, converts English judgments and orders into vernacular languages, enhancing accessibility and regional language use in courts. These translated judgments are hosted on the **e-SCR portal**, significantly expanding public access."",""locator"":""Judgment translation section""}]},{""name"":""Evaluation & error rates"",""status"":""Not verified"",""statement"":""n.a. Independent legal-semantic error rates by language, case type and model version were not verified."",""evidence"":[]},{""name"":""Human review & overrides"",""status"":""Documented"",""statement"":""Translation committees are described; circulated 2023 scheme guidance requires correctness checks by translators/reviewers. Allahabad's separate certification process is local, not universal. Current implementation across all courts is not audited."",""evidence"":[{""sourceId"":""service-judiciary"",""title"":""Official judicial AI backgrounder"",""url"":""https://www.pib.gov.in/PressReleasePage.aspx?PRID=2226283&reg=48&lang=2"",""quote"":""**Supreme Court and High Court AI Translation Committees** oversee quality and constitutional accuracy. AI use remains assistive, with translations reviewed within judicial frameworks to support access to justice."",""locator"":""Translation committee oversight""},{""sourceId"":""service-translation-vetting"",""title"":""Allahabad translation-vetting notice"",""url"":""https://www.allahabadhighcourt.in/event/event_16290_18-09-2023.pdf"",""quote"":""After due vetting & corrections, the said Vetters shall return the same, certifying the correctness of the translation."",""locator"":""Allahabad notice, condition 2""},{""sourceId"":""service-translation-guidelines"",""title"":""Court translation scheme and Supreme Court AI Committee guidelines"",""url"":""https://cdnbbsr.s3waas.gov.in/s3ec03ac73001b1d44f4925449ce09d9f5/uploads/2023/09/2023092013.pdf"",""quote"":""Care should be taken by verifying the correctness of translation through the translators/reviewers (retired or in-service translators or retired judicial officers)."",""locator"":""Annexure A, guideline 4""}]},{""name"":""Privacy & retention"",""status"":""Not verified"",""statement"":""n.a. Tool-specific retention, confidential-document handling and training-data reuse rules were not verified."",""evidence"":[]},{""name"":""Complaints & appeal"",""status"":""Partial"",""statement"":""The notice requires a disclaimer but does not establish a national translation-error appeal route."",""evidence"":[{""sourceId"":""service-translation-vetting"",""title"":""Allahabad translation-vetting notice"",""url"":""https://www.allahabadhighcourt.in/event/event_16290_18-09-2023.pdf"",""quote"":""A disclaimer shall be included in the footer of each page of the vetted judgment."",""locator"":""Allahabad notice, condition 4""}]},{""name"":""Public outputs & access"",""status"":""Documented"",""statement"":""The official explanation reports translated judgments on e-SCR; the local notice exposes a review mechanism."",""evidence"":[{""sourceId"":""service-judiciary"",""title"":""Official judicial AI backgrounder"",""url"":""https://www.pib.gov.in/PressReleasePage.aspx?PRID=2226283&reg=48&lang=2"",""quote"":""For this, **SUVAS** **(Supreme Court Vidhik Anuvaad Software)**, an AI-driven translation tool of the Supreme Court, converts English judgments and orders into vernacular languages, enhancing accessibility and regional language use in courts. These translated judgments are hosted on the **e-SCR portal**, significantly expanding public access."",""locator"":""Judgment translation section""},{""sourceId"":""service-translation-vetting"",""title"":""Allahabad translation-vetting notice"",""url"":""https://www.allahabadhighcourt.in/event/event_16290_18-09-2023.pdf"",""quote"":""High Court of Judicature at Allahabad invites application from desirous Advocates practising at this High Court to create a panel of Vetters for vetting of software generated translation of its Reportable Judgments from English into Hindi."",""locator"":""Allahabad notice, opening""}]},{""name"":""Current-status limits"",""status"":""Partial"",""statement"":""The reviewed records support assistive translation use, not perfect equivalence or current uniform governance across courts."",""evidence"":[{""sourceId"":""service-judiciary"",""title"":""Official judicial AI backgrounder"",""url"":""https://www.pib.gov.in/PressReleasePage.aspx?PRID=2226283&reg=48&lang=2"",""quote"":""**Supreme Court and High Court AI Translation Committees** oversee quality and constitutional accuracy. AI use remains assistive, with translations reviewed within judicial frameworks to support access to justice."",""locator"":""Translation committee oversight""}]}]"
"service-supace","SUPACE research assistance","SUPACE research-assistance section","SUPACE research assistance: decision-accountability case","Public-service case","Judicial administration","The February official explanation explicitly calls SUPACE experimental and not yet used regularly; later general commentary is not a deployment certificate.","This is a deliberately included counterexample to a deployed-only directory. It helps a journalist distinguish a designed capability from a routinely operating decision system.","The June court-AI instrument is a consultation draft in this corpus, not verified enacted regulation. The February deployment description does not establish October status; no court-registry confirmation was requested.","https://www.pib.gov.in/PressReleasePage.aspx?PRID=2226283&reg=48&lang=2","https://cdnbbsr.s3waas.gov.in/s3ec0490f1f4972d133619a60c30f3559e/uploads/2026/06/2026060342.pdf","service","System claim to accountability evidence","Experimental in reviewed official record","[{""name"":""Owner & purpose"",""status"":""Documented"",""statement"":""Supreme Court research-assistance system for identifying precedents and case facts."",""evidence"":[{""sourceId"":""service-judiciary"",""title"":""Official judicial AI backgrounder"",""url"":""https://www.pib.gov.in/PressReleasePage.aspx?PRID=2226283&reg=48&lang=2"",""quote"":""The **Supreme Court Portal for Assistance in Court Efficiency (SUPACE)** is an AI-based system **designed to help identify relevant precedents and understand the factual matrix of cases**. SUPACE remains in an experimental stage and is not yet deployed for regular judicial use."",""locator"":""SUPACE research-assistance section""}]},{""name"":""Decision role & affected people"",""status"":""Partial"",""statement"":""The stated role is assistance with relevant material, not autonomous adjudication; operational influence on actual cases is unverified."",""evidence"":[{""sourceId"":""service-judiciary"",""title"":""Official judicial AI backgrounder"",""url"":""https://www.pib.gov.in/PressReleasePage.aspx?PRID=2226283&reg=48&lang=2"",""quote"":""The **Supreme Court Portal for Assistance in Court Efficiency (SUPACE)** is an AI-based system **designed to help identify relevant precedents and understand the factual matrix of cases**. SUPACE remains in an experimental stage and is not yet deployed for regular judicial use."",""locator"":""SUPACE research-assistance section""}]},{""name"":""Deployment & date"",""status"":""Documented"",""statement"":""The February official source describes experimental status and no regular judicial use, rather than completed deployment."",""evidence"":[{""sourceId"":""service-judiciary"",""title"":""Official judicial AI backgrounder"",""url"":""https://www.pib.gov.in/PressReleasePage.aspx?PRID=2226283&reg=48&lang=2"",""quote"":""The **Supreme Court Portal for Assistance in Court Efficiency (SUPACE)** is an AI-based system **designed to help identify relevant precedents and understand the factual matrix of cases**. SUPACE remains in an experimental stage and is not yet deployed for regular judicial use."",""locator"":""SUPACE research-assistance section""}]},{""name"":""Procurement & supplier"",""status"":""Not verified"",""statement"":""n.a. Current supplier, procurement award, GPU/infrastructure contract and production acceptance were not verified."",""evidence"":[]},{""name"":""Funding & contract"",""status"":""Not verified"",""statement"":""n.a. SUPACE-specific budget and expenditure were not verified; an eCourts-wide allocation is not a system budget."",""evidence"":[]},{""name"":""Data & integration"",""status"":""Partial"",""statement"":""The source describes precedent and factual-matrix assistance; actual ingestion, training and access-control configuration are unverified."",""evidence"":[{""sourceId"":""service-judiciary"",""title"":""Official judicial AI backgrounder"",""url"":""https://www.pib.gov.in/PressReleasePage.aspx?PRID=2226283&reg=48&lang=2"",""quote"":""The **Supreme Court Portal for Assistance in Court Efficiency (SUPACE)** is an AI-based system **designed to help identify relevant precedents and understand the factual matrix of cases**. SUPACE remains in an experimental stage and is not yet deployed for regular judicial use."",""locator"":""SUPACE research-assistance section""}]},{""name"":""Evaluation & error rates"",""status"":""Not verified"",""statement"":""n.a. Current independent citation, omission and hallucination tests or courtroom outcome evaluations were not verified."",""evidence"":[]},{""name"":""Human review & overrides"",""status"":""Partial"",""statement"":""The June draft proposes assistive operation and human primacy; this proposal is not proof of an enacted or implemented operational SOP."",""evidence"":[{""sourceId"":""service-court-draft"",""title"":""Court AI consultation draft"",""url"":""https://cdnbbsr.s3waas.gov.in/s3ec0490f1f4972d133619a60c30f3559e/uploads/2026/06/2026060342.pdf"",""quote"":""(2) Every AI System shall function solely in an assistive capacity and shall not supplant or compromise the independent exercise of judicial authority by a duly appointed judicial officer."",""locator"":""Draft human-primacy provision""}]},{""name"":""Privacy & retention"",""status"":""Not verified"",""statement"":""n.a. System-specific confidential-case handling, data retention and model-provider terms were not verified."",""evidence"":[]},{""name"":""Complaints & appeal"",""status"":""Not verified"",""statement"":""n.a. A system-output correction/objection route was not verified; ordinary judicial remedies are not analysed here."",""evidence"":[]},{""name"":""Public outputs & access"",""status"":""Partial"",""statement"":""Official descriptions and a draft governance instrument are public; no current public operational/test record was verified."",""evidence"":[{""sourceId"":""service-judiciary"",""title"":""Official judicial AI backgrounder"",""url"":""https://www.pib.gov.in/PressReleasePage.aspx?PRID=2226283&reg=48&lang=2"",""quote"":""The **Supreme Court Portal for Assistance in Court Efficiency (SUPACE)** is an AI-based system **designed to help identify relevant precedents and understand the factual matrix of cases**. SUPACE remains in an experimental stage and is not yet deployed for regular judicial use."",""locator"":""SUPACE research-assistance section""},{""sourceId"":""service-court-draft"",""title"":""Court AI consultation draft"",""url"":""https://cdnbbsr.s3waas.gov.in/s3ec0490f1f4972d133619a60c30f3559e/uploads/2026/06/2026060342.pdf"",""quote"":""Sub.: Seeking views/suggestions of all stakeholders and the general public on draft ‘Regulations for Use of Artificial Intelligence (AI) in Courts, 2026’."",""locator"":""3 June consultation notice""}]},{""name"":""Current-status limits"",""status"":""Not verified"",""statement"":""n.a. A later final regulation or routine SUPACE deployment was not verified after recency searches. This is not proof that neither exists."",""evidence"":[{""sourceId"":""service-court-draft"",""title"":""Court AI consultation draft"",""url"":""https://cdnbbsr.s3waas.gov.in/s3ec0490f1f4972d133619a60c30f3559e/uploads/2026/06/2026060342.pdf"",""quote"":""Sub.: Seeking views/suggestions of all stakeholders and the general public on draft ‘Regulations for Use of Artificial Intelligence (AI) in Courts, 2026’."",""locator"":""3 June consultation notice""},{""sourceId"":""service-judiciary"",""title"":""Official judicial AI backgrounder"",""url"":""https://www.pib.gov.in/PressReleasePage.aspx?PRID=2226283&reg=48&lang=2"",""quote"":""The **Supreme Court Portal for Assistance in Court Efficiency (SUPACE)** is an AI-based system **designed to help identify relevant precedents and understand the factual matrix of cases**. SUPACE remains in an experimental stage and is not yet deployed for regular judicial use."",""locator"":""SUPACE research-assistance section""}]}]"
"service-esanjeevani","eSanjeevani clinical support","Product brief","eSanjeevani clinical support: decision-accountability case","Public-service case","Public healthcare","Government reporting describes an AI-labelled CDSS integrated in April 2023, with specialist recommendations through a rule engine and differential diagnoses supplied to a doctor.","This is clinician support, not evidence of an autonomous diagnosis. Consultation counts are not safety or diagnostic-accuracy results, and a local CDSS study proposing later integration cannot validate the existing national component.","Not clinical advice. Components are not all established as machine learning. The study abstract was retrieved, but full manuscript access was blocked; no independent numeric accuracy is assigned. March/April integration wording is retained. The undated privacy policy's treatment-output carve-out matters; historical practice guidance is not certification of current compliance.","https://cdac.in/index.aspx?id=product_details&productId=eSanjeevaniNationalTelemedicineService","https://sansad.in/getFile/lsapps/loksabhaquestions/annex/188/AS284_ZZWF4R.pdf?source=lsapps","service","System claim to accountability evidence","Official integration reported","[{""name"":""Owner & purpose"",""status"":""Documented"",""statement"":""C-DAC Mohali developed the national platform; the parliamentary record describes CDSS functionality."",""evidence"":[{""sourceId"":""service-health-platform"",""title"":""C-DAC eSanjeevani product description"",""url"":""https://cdac.in/index.aspx?id=product_details&productId=eSanjeevaniNationalTelemedicineService"",""quote"":""eSanjeevani is an indigenous, cloud-native telemedicine platform developed by C-DAC Mohali to address critical healthcare accessibility challenges, including the shortage and uneven distribution of healthcare professionals, limited access to specialist care in rural and remote areas, and gaps in continuity of care."",""locator"":""Product brief""},{""sourceId"":""service-health-parliament"",""title"":""Lok Sabha telemedicine/CDSS response"",""url"":""https://sansad.in/getFile/lsapps/loksabhaquestions/annex/188/AS284_ZZWF4R.pdf?source=lsapps"",""quote"":""Further, the AI based Clinical Decision Support System (CDSS) available on this platform also enables a systematic capture of the diseases symptoms through a detailed patient assistance form, and identification of possible diseases."",""locator"":""Parliamentary CDSS explanation""}]},{""name"":""Decision role & affected people"",""status"":""Documented"",""statement"":""Possible diseases and specialist referral support are presented to a doctor at the hub end, affecting patient consultations."",""evidence"":[{""sourceId"":""service-health-parliament"",""title"":""Lok Sabha telemedicine/CDSS response"",""url"":""https://sansad.in/getFile/lsapps/loksabhaquestions/annex/188/AS284_ZZWF4R.pdf?source=lsapps"",""quote"":""Further, the AI based Clinical Decision Support System (CDSS) available on this platform also enables a systematic capture of the diseases symptoms through a detailed patient assistance form, and identification of possible diseases."",""locator"":""Parliamentary CDSS explanation""},{""sourceId"":""service-health-parliament"",""title"":""Lok Sabha telemedicine/CDSS response"",""url"":""https://sansad.in/getFile/lsapps/loksabhaquestions/annex/188/AS284_ZZWF4R.pdf?source=lsapps"",""quote"":""It also makes recommendation of a specialist doctor through a ‘rule engine’ and offers a differential diagnosis of possible diseases to the doctor at the hub end, thus facilitating connect of the patients with specialists as well as aiding consultations."",""locator"":""Rule engine and hub-doctor workflow""}]},{""name"":""Deployment & date"",""status"":""Conflicting sources"",""statement"":""The parliamentary response dates integration to April 2023 and usage through July 2026; the developer page says March 2023. These descriptions may refer to different components/stages; they are not silently reconciled."",""evidence"":[{""sourceId"":""service-health-parliament"",""title"":""Lok Sabha telemedicine/CDSS response"",""url"":""https://sansad.in/getFile/lsapps/loksabhaquestions/annex/188/AS284_ZZWF4R.pdf?source=lsapps"",""quote"":""Since its integration in April, 2023 till July, 2026, nearly 30.4 crore eSanjeevani consultations across all States/UTs have been benefited from standardized data capture and nearly 2.13 crore AI based differential diagnosis, ensuring consistency across health and wellness centres."",""locator"":""April 2023 integration and July 2026 usage""},{""sourceId"":""service-health-developer-current"",""title"":""Wadhwani AI healthcare programme page"",""url"":""https://www.wadhwaniai.org/impact/healthcare/"",""quote"":""CDSS structures telemedicine patient data via eSanjeevani, suggesting diagnoses and treatments in real time. Integrated since March 2023, it supports 350,000 daily consultations across 31 conditions."",""locator"":""Developer programme page, March integration claim""}]},{""name"":""Procurement & supplier"",""status"":""Partial"",""statement"":""C-DAC is the platform developer; Wadhwani AI describes collaboration on the CDSS in a developer submission. Executed component contracts, production version and full supplier chain were not verified."",""evidence"":[{""sourceId"":""service-health-platform"",""title"":""C-DAC eSanjeevani product description"",""url"":""https://cdac.in/index.aspx?id=product_details&productId=eSanjeevaniNationalTelemedicineService"",""quote"":""eSanjeevani is an indigenous, cloud-native telemedicine platform developed by C-DAC Mohali to address critical healthcare accessibility challenges, including the shortage and uneven distribution of healthcare professionals, limited access to specialist care in rural and remote areas, and gaps in continuity of care."",""locator"":""Product brief""},{""sourceId"":""service-health-developer-submission"",""title"":""Wadhwani AI eSanjeevani developer submission"",""url"":""https://solve.mit.edu/solutions/73043"",""quote"":""We also collaborate closely with C-DAC, the technology service provider for the eSanjeevani platform, to ensure that our code is easy to integrate with the existing platform and meets the high standards required for deployment in public healthcare."",""locator"":""Developer submission, C-DAC collaboration""}]},{""name"":""Funding & contract"",""status"":""Partial"",""statement"":""The retrieved study declares no funding for that study; this is not a zero-cost deployment claim. CDSS-specific contract, licensing, budget and maintenance expenditure remain unverified."",""evidence"":[{""sourceId"":""service-health-implementation-study"",""title"":""National eSanjeevani CDSS implementation-study abstract"",""url"":""https://doi.org/10.1101/2025.11.22.25340800"",""quote"":""This study did not receive any funding."",""locator"":""Research funding declaration, not deployment budget""}]},{""name"":""Data & integration"",""status"":""Documented"",""statement"":""Patient assistance forms collect symptoms; the privacy policy identifies a C-DAC-managed server. Developer and study descriptions identify a rule-based/knowledge-based form; all deployed components are not thereby identified."",""evidence"":[{""sourceId"":""service-health-parliament"",""title"":""Lok Sabha telemedicine/CDSS response"",""url"":""https://sansad.in/getFile/lsapps/loksabhaquestions/annex/188/AS284_ZZWF4R.pdf?source=lsapps"",""quote"":""Further, the AI based Clinical Decision Support System (CDSS) available on this platform also enables a systematic capture of the diseases symptoms through a detailed patient assistance form, and identification of possible diseases."",""locator"":""Parliamentary CDSS explanation""},{""sourceId"":""service-health-privacy"",""title"":""eSanjeevani privacy policy"",""url"":""https://esanjeevani.mohfw.gov.in/assets/guidelines/esanjeevani2.0_Private_Policy.pdf"",""quote"":""When the Community Health Officer registers patient on eSanjeevani, the following information besides the users' information is collected from the patient and stored on a server operated and managed by C-DAC Mohali – name, gender, age, address, mobile number, Email ID, health records, etc."",""locator"":""Privacy policy clause 1(a)""},{""sourceId"":""service-health-implementation-study"",""title"":""National eSanjeevani CDSS implementation-study abstract"",""url"":""https://doi.org/10.1101/2025.11.22.25340800"",""quote"":""This study, conducted between 2022–2024 by an AI Centre of Excellence of the Government of India, focused on developing, validating, and implementing a knowledge-based CDSS symptom entry Physician Assistance Form (PAF) within eSanjeevani—India’s national teleconsultation platform."",""locator"":""Retrieved research abstract, methods""},{""sourceId"":""service-health-developer-submission"",""title"":""Wadhwani AI eSanjeevani developer submission"",""url"":""https://solve.mit.edu/solutions/73043"",""quote"":""The SIPF uses a rule-based logical workflow to enable the accurate collection of chief complaints by engaging patients with relevant questions."",""locator"":""Developer submission, rule-based form""}]},{""name"":""Evaluation & error rates"",""status"":""Partial"",""statement"":""A national implementation-study abstract reports expert-clinician validation and implementation, but independent numeric error rates were not established in the retrieved text and full manuscript access was blocked. A separate local 4,401-record study's 90% figure is not the existing national system's score."",""evidence"":[{""sourceId"":""service-health-implementation-study"",""title"":""National eSanjeevani CDSS implementation-study abstract"",""url"":""https://doi.org/10.1101/2025.11.22.25340800"",""quote"":""This study, conducted between 2022–2024 by an AI Centre of Excellence of the Government of India, focused on developing, validating, and implementing a knowledge-based CDSS symptom entry Physician Assistance Form (PAF) within eSanjeevani—India’s national teleconsultation platform."",""locator"":""Retrieved research abstract, methods""},{""sourceId"":""service-health-implementation-study"",""title"":""National eSanjeevani CDSS implementation-study abstract"",""url"":""https://doi.org/10.1101/2025.11.22.25340800"",""quote"":""Expert clinicians validated the symptom repository, logic flow, and AI-generated diagnoses."",""locator"":""Retrieved research abstract, phase 2""},{""sourceId"":""service-health-implementation-study"",""title"":""National eSanjeevani CDSS implementation-study abstract"",""url"":""https://doi.org/10.1101/2025.11.22.25340800"",""quote"":""The validated CDSS was implemented in eSanjeevani 2.0, providing real-time differential diagnosis and departmental recommendations during assisted and non-assisted teleconsultations."",""locator"":""Retrieved research abstract, phase 3""},{""sourceId"":""service-health-local-study"",""title"":""ICMR local telemedicine research brief"",""url"":""https://nihrjodhpur.icmr.org.in/uploads/policybriefs/1782386587_1.PolicyBrief_Telemedicine.pdf"",""quote"":""the AI-driven Clinical Decision Support System (AI-CDSS), which has achieved 90% validation accuracy using 4,401 locally sourced patient records, should be integrated into the eSanjeevani platform"",""locator"":""Local study recommendation, integration proposal""}]},{""name"":""Human review & overrides"",""status"":""Partial"",""statement"":""Differential diagnosis is supplied to a hub doctor. Historical practice guidance reserves final prescribing/counselling to an RMP and prohibits AI/ML platforms from independently doing it; actual override, escalation and safety-monitoring SOPs remain unverified."",""evidence"":[{""sourceId"":""service-health-parliament"",""title"":""Lok Sabha telemedicine/CDSS response"",""url"":""https://sansad.in/getFile/lsapps/loksabhaquestions/annex/188/AS284_ZZWF4R.pdf?source=lsapps"",""quote"":""It also makes recommendation of a specialist doctor through a ‘rule engine’ and offers a differential diagnosis of possible diseases to the doctor at the hub end, thus facilitating connect of the patients with specialists as well as aiding consultations."",""locator"":""Rule engine and hub-doctor workflow""},{""sourceId"":""service-health-practice-guidelines"",""title"":""Telemedicine Practice Guidelines"",""url"":""https://esanjeevani.mohfw.gov.in/assets/guidelines/Telemedicine_Practice_Guidelines.pdf"",""quote"":""Technology platforms based on Artificial Intelligence/Machine Learning are not allowed to counsel the patients or prescribe any medicines to a patient."",""locator"":""Practice Guidelines section 5.4, AI/ML platforms""},{""sourceId"":""service-health-practice-guidelines"",""title"":""Telemedicine Practice Guidelines"",""url"":""https://esanjeevani.mohfw.gov.in/assets/guidelines/Telemedicine_Practice_Guidelines.pdf"",""quote"":""the final prescription or counseling has to be directly delivered by the RMP"",""locator"":""Practice Guidelines section 5.4, RMP final delivery""}]},{""name"":""Privacy & retention"",""status"":""Partial"",""statement"":""The policy ties some data retention to account existence and further interventions, but excludes medical reports/diagnoses generated in treatment from that clause; no single universal retention period follows."",""evidence"":[{""sourceId"":""service-health-privacy"",""title"":""eSanjeevani privacy policy"",""url"":""https://esanjeevani.mohfw.gov.in/assets/guidelines/esanjeevani2.0_Private_Policy.pdf"",""quote"":""All personal information collected from you under Clause 1(a) at the time of registration and later will be retained for as long as your account remains in existence and in sync with telemedicine practice guidelines issued by Niti Aayog/Board of Governors MCI and if any academic or medical or public health and administrative interventions have been commenced under Clause 2, for such period thereafter as is required."",""locator"":""Privacy policy clause 3(a)""},{""sourceId"":""service-health-privacy"",""title"":""eSanjeevani privacy policy"",""url"":""https://esanjeevani.mohfw.gov.in/assets/guidelines/esanjeevani2.0_Private_Policy.pdf"",""quote"":""Nothing set out herein shall apply to medical reports, diagnoses or other medical information generated by medical professionals in the course of treatment."",""locator"":""Privacy policy clause 3(b)""}]},{""name"":""Complaints & appeal"",""status"":""Partial"",""statement"":""The privacy policy has a privacy contact, and historical practice guidance calls for platform grievance mechanisms. A functioning current support form or CDSS clinical-error review/remedy procedure was not verified; the platform support page was blocked during this review."",""evidence"":[{""sourceId"":""service-health-privacy"",""title"":""eSanjeevani privacy policy"",""url"":""https://esanjeevani.mohfw.gov.in/assets/guidelines/esanjeevani2.0_Private_Policy.pdf"",""quote"":""If you have any suggestions, concerns or queries in relation to this Privacy Policy, you may address them at esanjeevaniopd@cdac.in"",""locator"":""Privacy policy clause 10""},{""sourceId"":""service-health-practice-guidelines"",""title"":""Telemedicine Practice Guidelines"",""url"":""https://esanjeevani.mohfw.gov.in/assets/guidelines/Telemedicine_Practice_Guidelines.pdf"",""quote"":""Technology Platform must ensure that there is a proper mechanism in place to address any queries or grievances that the end-customer may have"",""locator"":""Practice Guidelines section 5.6, grievance mechanism""}]},{""name"":""Public outputs & access"",""status"":""Partial"",""statement"":""Developer, parliamentary and privacy records and a national implementation-study abstract are public; no complete national CDSS model card or independent validation dossier was verified."",""evidence"":[{""sourceId"":""service-health-platform"",""title"":""C-DAC eSanjeevani product description"",""url"":""https://cdac.in/index.aspx?id=product_details&productId=eSanjeevaniNationalTelemedicineService"",""quote"":""eSanjeevani is an indigenous, cloud-native telemedicine platform developed by C-DAC Mohali to address critical healthcare accessibility challenges, including the shortage and uneven distribution of healthcare professionals, limited access to specialist care in rural and remote areas, and gaps in continuity of care."",""locator"":""Product brief""},{""sourceId"":""service-health-parliament"",""title"":""Lok Sabha telemedicine/CDSS response"",""url"":""https://sansad.in/getFile/lsapps/loksabhaquestions/annex/188/AS284_ZZWF4R.pdf?source=lsapps"",""quote"":""Since its integration in April, 2023 till July, 2026, nearly 30.4 crore eSanjeevani consultations across all States/UTs have been benefited from standardized data capture and nearly 2.13 crore AI based differential diagnosis, ensuring consistency across health and wellness centres."",""locator"":""April 2023 integration and July 2026 usage""},{""sourceId"":""service-health-privacy"",""title"":""eSanjeevani privacy policy"",""url"":""https://esanjeevani.mohfw.gov.in/assets/guidelines/esanjeevani2.0_Private_Policy.pdf"",""quote"":""If you have any suggestions, concerns or queries in relation to this Privacy Policy, you may address them at esanjeevaniopd@cdac.in"",""locator"":""Privacy policy clause 10""},{""sourceId"":""service-health-implementation-study"",""title"":""National eSanjeevani CDSS implementation-study abstract"",""url"":""https://doi.org/10.1101/2025.11.22.25340800"",""quote"":""This study, conducted between 2022–2024 by an AI Centre of Excellence of the Government of India, focused on developing, validating, and implementing a knowledge-based CDSS symptom entry Physician Assistance Form (PAF) within eSanjeevani—India’s national teleconsultation platform."",""locator"":""Retrieved research abstract, methods""}]},{""name"":""Current-status limits"",""status"":""Partial"",""statement"":""The dated response supports reported integrated use, not independent safety certification or all October operational details. The programme utilisation study raises privacy and access recommendations, but is not a deployed-CDSS accuracy study."",""evidence"":[{""sourceId"":""service-health-parliament"",""title"":""Lok Sabha telemedicine/CDSS response"",""url"":""https://sansad.in/getFile/lsapps/loksabhaquestions/annex/188/AS284_ZZWF4R.pdf?source=lsapps"",""quote"":""Since its integration in April, 2023 till July, 2026, nearly 30.4 crore eSanjeevani consultations across all States/UTs have been benefited from standardized data capture and nearly 2.13 crore AI based differential diagnosis, ensuring consistency across health and wellness centres."",""locator"":""April 2023 integration and July 2026 usage""},{""sourceId"":""service-health-report"",""title"":""NHSRC telemedicine utilisation study"",""url"":""https://www.nhsrcindia.org/sites/default/files/2025-09/Telemedicine%20Final%20Report%202025.pdf"",""quote"":""Efforts should be made to address privacy concerns by implementing robust safeguards, ensuring inclusivity through initiatives by the Government to improve access to technology, and expanding the scope of telemedicine services to cater to a broader range of healthcare needs."",""locator"":""Programme utilisation study, concluding recommendations""}]}]"
"service-mahacrimeos","MahaCrimeOS investigation support","Customer story, supplier and adaptation","MahaCrimeOS investigation support: decision-accountability case","Public-service case","State policing","Vendor accounts and reporting describe a Nagpur pilot and announced statewide expansion, with inconsistent 23/25-station counts in the reviewed material.","Investigation support can shape what an officer sees and pursues, but claims of speed or statewide scale need operational records. A company story and a repeating news report are not independent performance audits.","The reviewed corpus did not establish a government procurement award, station-wise completed rollout, performance audit or tool-specific redress procedure. Count differences may reflect dates/denominators; do not choose a convenient number.","https://www.microsoft.com/en-in/aifirstmovers/FY26CrimeOS","https://news.microsoft.com/source/asia/features/a-race-against-time-maharashtra-police-get-an-ai-copilot-to-fight-cybercrime/","service","System claim to accountability evidence","Vendor/reporting-supported pilot; scale unverified","[{""name"":""Owner & purpose"",""status"":""Partial"",""statement"":""Vendor material describes MARVEL adapting CyberEye's CrimeOS with Microsoft technology; the government-authorisation instrument was not verified."",""evidence"":[{""sourceId"":""service-police-summary"",""title"":""Microsoft CrimeOS customer story"",""url"":""https://www.microsoft.com/en-in/aifirstmovers/FY26CrimeOS"",""quote"":""MARVEL worked to adapt CrimeOS AI, developed by CyberEye - Microsoft AI Partner, to finetune it for compliance with state investigation protocols and further configure it in Marathi for easy adoption across the force."",""locator"":""Customer story, supplier and adaptation""}]},{""name"":""Decision role & affected people"",""status"":""Partial"",""statement"":""The reported purpose is complaint processing and investigation assistance; legal consequences and decision boundaries were not verified."",""evidence"":[{""sourceId"":""service-police-vendor"",""title"":""Microsoft MahaCrimeOS feature"",""url"":""https://news.microsoft.com/source/asia/features/a-race-against-time-maharashtra-police-get-an-ai-copilot-to-fight-cybercrime/"",""quote"":""Since April, police there have been using MahaCrimeOS AI, a customized crime investigation platform powered by Microsoft Foundry that helps them process complaints faster and navigate complex data and procedures — all crucial functions for handling cybercrime."",""locator"":""Vendor account, reported pilot use""}]},{""name"":""Deployment & date"",""status"":""Conflicting sources"",""statement"":""Sources describe 23 and 25 pilot stations and an announcement to extend to 1,100; a completed station-wise rollout was not verified."",""evidence"":[{""sourceId"":""service-police-vendor"",""title"":""Microsoft MahaCrimeOS feature"",""url"":""https://news.microsoft.com/source/asia/features/a-race-against-time-maharashtra-police-get-an-ai-copilot-to-fight-cybercrime/"",""quote"":""On Dec. 12, 2025, the government of Maharashtra and Microsoft announced that MahaCrimeOS AI will be extended from Nagpur’s 23 police stations to all 1,100 police stations across the state."",""locator"":""Vendor account, expansion announcement""},{""sourceId"":""service-police-summary"",""title"":""Microsoft CrimeOS customer story"",""url"":""https://www.microsoft.com/en-in/aifirstmovers/FY26CrimeOS"",""quote"":""This was successfully deployed as a pilot across 25 police stations in Nagpur Rural, including the Cyber Crime Police Station (CCPS)."",""locator"":""Customer story, pilot count""},{""sourceId"":""service-police-reporting"",""title"":""Indian Express MahaCrimeOS reporting"",""url"":""https://indianexpress.com/article/explained/mahacrimeos-ai-maharashtra-10418600/"",""quote"":""This was successfully deployed as a pilot across 23 police stations in Nagpur Rural, including the cybercrime police stations (CCPS)."",""locator"":""News report, pilot count""}]},{""name"":""Procurement & supplier"",""status"":""Partial"",""statement"":""CyberEye/Microsoft/MARVEL are named in vendor material. A named supplier is not a procurement award or proof of the current contract."",""evidence"":[{""sourceId"":""service-police-summary"",""title"":""Microsoft CrimeOS customer story"",""url"":""https://www.microsoft.com/en-in/aifirstmovers/FY26CrimeOS"",""quote"":""MARVEL worked to adapt CrimeOS AI, developed by CyberEye - Microsoft AI Partner, to finetune it for compliance with state investigation protocols and further configure it in Marathi for easy adoption across the force."",""locator"":""Customer story, supplier and adaptation""}]},{""name"":""Funding & contract"",""status"":""Not verified"",""statement"":""n.a. Government contract, licence cost, funding, renewal and procurement evaluation were not verified."",""evidence"":[]},{""name"":""Data & integration"",""status"":""Partial"",""statement"":""Vendor description lists PDFs, audio, handwritten notes and images as inputs, with Marathi adaptation; actual production data flows are not independently verified."",""evidence"":[{""sourceId"":""service-police-summary"",""title"":""Microsoft CrimeOS customer story"",""url"":""https://www.microsoft.com/en-in/aifirstmovers/FY26CrimeOS"",""quote"":""MARVEL worked to adapt CrimeOS AI, developed by CyberEye - Microsoft AI Partner, to finetune it for compliance with state investigation protocols and further configure it in Marathi for easy adoption across the force."",""locator"":""Customer story, supplier and adaptation""},{""sourceId"":""service-police-summary"",""title"":""Microsoft CrimeOS customer story"",""url"":""https://www.microsoft.com/en-in/aifirstmovers/FY26CrimeOS"",""quote"":""MahaCrimeOS AI ingests complaints in any format such as PDFs, audio, handwritten notes, or images, and then uses multimodal intelligence to extract critical information in any language."",""locator"":""Customer story, inputs""}]},{""name"":""Evaluation & error rates"",""status"":""Not verified"",""statement"":""n.a. Independent error, bias, accuracy and workload evaluations were not verified; vendor anecdotes are not benchmarks."",""evidence"":[]},{""name"":""Human review & overrides"",""status"":""Not verified"",""statement"":""n.a. An enforceable officer verification/override SOP and audit trail were not verified."",""evidence"":[]},{""name"":""Privacy & retention"",""status"":""Not verified"",""statement"":""n.a. Tool-specific processor, hosting, model-training use, access, retention and deletion terms were not verified."",""evidence"":[]},{""name"":""Complaints & appeal"",""status"":""Not verified"",""statement"":""n.a. Tool-specific correction, access or complaint mechanisms were not verified; ordinary policing remedies are outside this case's verified scope."",""evidence"":[]},{""name"":""Public outputs & access"",""status"":""Partial"",""statement"":""Public vendor descriptions and reporting exist. Authoritative station-wise deployment, procurement and audit artefacts were not verified."",""evidence"":[{""sourceId"":""service-police-vendor"",""title"":""Microsoft MahaCrimeOS feature"",""url"":""https://news.microsoft.com/source/asia/features/a-race-against-time-maharashtra-police-get-an-ai-copilot-to-fight-cybercrime/"",""quote"":""Since April, police there have been using MahaCrimeOS AI, a customized crime investigation platform powered by Microsoft Foundry that helps them process complaints faster and navigate complex data and procedures — all crucial functions for handling cybercrime."",""locator"":""Vendor account, reported pilot use""},{""sourceId"":""service-police-summary"",""title"":""Microsoft CrimeOS customer story"",""url"":""https://www.microsoft.com/en-in/aifirstmovers/FY26CrimeOS"",""quote"":""MARVEL worked to adapt CrimeOS AI, developed by CyberEye - Microsoft AI Partner, to finetune it for compliance with state investigation protocols and further configure it in Marathi for easy adoption across the force."",""locator"":""Customer story, supplier and adaptation""},{""sourceId"":""service-police-reporting"",""title"":""Indian Express MahaCrimeOS reporting"",""url"":""https://indianexpress.com/article/explained/mahacrimeos-ai-maharashtra-10418600/"",""quote"":""This was successfully deployed as a pilot across 23 police stations in Nagpur Rural, including the cybercrime police stations (CCPS)."",""locator"":""News report, pilot count""}]},{""name"":""Current-status limits"",""status"":""Not verified"",""statement"":""n.a. A current government-confirmed rollout inventory and operational audit were not obtained. This is not proof of non-use."",""evidence"":[{""sourceId"":""service-police-vendor"",""title"":""Microsoft MahaCrimeOS feature"",""url"":""https://news.microsoft.com/source/asia/features/a-race-against-time-maharashtra-police-get-an-ai-copilot-to-fight-cybercrime/"",""quote"":""On Dec. 12, 2025, the government of Maharashtra and Microsoft announced that MahaCrimeOS AI will be extended from Nagpur’s 23 police stations to all 1,100 police stations across the state."",""locator"":""Vendor account, expansion announcement""},{""sourceId"":""service-police-summary"",""title"":""Microsoft CrimeOS customer story"",""url"":""https://www.microsoft.com/en-in/aifirstmovers/FY26CrimeOS"",""quote"":""This was successfully deployed as a pilot across 25 police stations in Nagpur Rural, including the Cyber Crime Police Station (CCPS)."",""locator"":""Customer story, pilot count""}]}]"