provision_id,instrument_id,dimension,presence,summary,provision_force,locator,source_id,evidence_id,unknown_basis,implementation_verified
gov-aadhaar-regulations-p1,gov-aadhaar-regulations,Oversight,Textual provision,"UIDAI may audit requesting entities, ASAs, and OVSEs itself or through appointed audit agencies. Entities must cooperate and bear audit costs; UIDAI may require clarification or correction of identified deficiencies.","Enacted text; scope, amendments and commencement require checking",Regulation 21(1),govsrc-7edad807cdde66c7,gov-aadhaar-regulations-p1-ev,,0
gov-aadhaar-regulations-p2,gov-aadhaar-regulations,Evaluation,Not established in reviewed text,Not located in reviewed text; not proof of absence.,"Enacted text; scope, amendments and commencement require checking",Not established,govsrc-7edad807cdde66c7,,No concrete provision established in this reviewed text; not proof of absence elsewhere,0
gov-aadhaar-regulations-p3,gov-aadhaar-regulations,Procurement,Not established in reviewed text,Not located in reviewed text; not proof of absence.,"Enacted text; scope, amendments and commencement require checking",Not established,govsrc-7edad807cdde66c7,,No concrete provision established in this reviewed text; not proof of absence elsewhere,0
gov-aadhaar-regulations-p4,gov-aadhaar-regulations,Redress,Textual provision,"Authentication logs may be disclosed for grievance redressal and dispute resolution, subject to the stated restrictions. No general grievance channel or complaint procedure is located in the reviewed text.","Enacted text; scope, amendments and commencement require checking",Regulation 18(4),govsrc-7edad807cdde66c7,gov-aadhaar-regulations-p4-ev,,0
gov-aadhaar-regulations-p5,gov-aadhaar-regulations,Accountability and data,Textual provision,"Requesting entities have specified operational, security, audit, and incident-reporting duties. The text prohibits retaining core biometric information and sets rules for authentication logs, including retention and access limits.","Enacted text; scope, amendments and commencement require checking",Regulation 17(1)(a),govsrc-7edad807cdde66c7,gov-aadhaar-regulations-p5-ev,,0
gov-ai-consultation-p1,gov-ai-consultation,Oversight,Textual provision,"Draft / consultation proposal: The report recommends an ongoing Inter-Ministerial AI Coordination Committee or Governance Group, supported by a MeitY technical secretariat. These are recommendations, not established statutory oversight obligations.",Historical text; not used to infer current duties,"p. 13, IV. Recommendations, recommendation 1",govsrc-4e1902732135828f,gov-ai-consultation-p1-ev,,0
gov-ai-consultation-p2,gov-ai-consultation,Evaluation,Textual provision,"Draft / consultation proposal: The report proposes that voluntary industry commitments may include red-teaming, testing and monitoring data quality, model robustness and outcomes, and conformity assessments. It does not make these proposed commitments mandatory.",Historical text; not used to infer current duties,"p. 17, IV. Recommendations, recommendation 4",govsrc-4e1902732135828f,gov-ai-consultation-p2-ev,,0
gov-ai-consultation-p3,gov-ai-consultation,Procurement,Not established in reviewed text,Draft / consultation proposal: Not located in reviewed text; not proof of absence.,Historical text; not used to infer current duties,Not established,govsrc-4e1902732135828f,,No concrete provision established in this reviewed text; not proof of absence elsewhere,0
gov-ai-consultation-p4,gov-ai-consultation,Redress,Textual provision,"Draft / consultation proposal: The report recommends considering future Digital India Act measures to strengthen grievance and adjudication capacity, including digital-by-design Grievance Appellate Committees and Adjudicating Officers. These are recommendations concerning proposed legislation, not an adopted new redress requirement.",Historical text; not used to infer current duties,"p. 19, IV. Recommendations, recommendation 6",govsrc-4e1902732135828f,gov-ai-consultation-p4-ev,,0
gov-ai-consultation-p5,gov-ai-consultation,Accountability and data,Textual provision,"Draft / consultation proposal: The report recommends ecosystem-wide traceability and transparency about how liability and risk-management responsibilities are allocated. It also proposes an AI incident database, initially receiving reports from public-sector deployers and encouraging private entities to report voluntarily.",Historical text; not used to infer current duties,"p. 12, III. Gap Analysis, B. The need for transparency and responsibility across the AI ecosystem in India",govsrc-4e1902732135828f,gov-ai-consultation-p5-ev,,0
gov-ai-guidelines-p1,gov-ai-guidelines,Oversight,Textual provision,"The Committee recommends establishing an AI Governance Group (AIGG), supported by a Technology & Policy Expert Committee, to coordinate cross-government policy. Sectoral agencies and regulators are described as leading monitoring and enforcement in their domains; these are recommendations and role descriptions, not evidence that the proposed AIGG has been established.",Recommendation or guidance; not a new enacted obligation,"Printed p. 34, §2.6, A. AI Governance Group",govsrc-2e6f22e2653285d9,gov-ai-guidelines-p1-ev,,0
gov-ai-guidelines-p2,gov-ai-guidelines,Evaluation,Textual provision,The Guidelines recommend an India-specific risk assessment and classification framework and propose that the AI Safety Institute research risks and test and evaluate AI systems. They also recommend developing an AI incident database; the text does not establish that these proposed mechanisms are operational.,Recommendation or guidance; not a new enacted obligation,"Printed p. 36, §2.6, B. AI Safety Institute",govsrc-2e6f22e2653285d9,gov-ai-guidelines-p2-ev,,0
gov-ai-guidelines-p3,gov-ai-guidelines,Procurement,"Context / topic, not a concrete control",The text recommends training public officials to manage public procurements effectively. It does not set out AI-specific procurement standards or mandatory vendor-selection requirements.,Recommendation or guidance; not a new enacted obligation,"Printed p. 17, §2.2, Capacity Building, Recommendations",govsrc-2e6f22e2653285d9,gov-ai-guidelines-p3-ev,,0
gov-ai-guidelines-p4,gov-ai-guidelines,Redress,Textual provision,"The practical guidance recommends that organisations create grievance mechanisms for AI-related harms, with resolution within a reasonable timeframe. Elsewhere, it recommends accessible channels in multiple languages and formats; these are recommendations, not evidence of an enacted general redress system.",Recommendation or guidance; not a new enacted obligation,"Printed p. 42, Part 4, Guidelines for industry",govsrc-2e6f22e2653285d9,gov-ai-guidelines-p4-ev,,0
gov-ai-guidelines-p5,gov-ai-guidelines,Accountability and data,Textual provision,"The Committee recommends graded liability proportionate to function, anticipated risk, and due diligence, alongside transparency and accountability measures. The text also describes consent, purpose limitation, and data minimisation under the DPDP Act as relevant to AI training and deployment; this records the text’s account of existing law, not a new requirement created by these Guidelines.",Recommendation or guidance; not a new enacted obligation,"Printed p. 51, Annexure 3, Overview of current laws in India relevant to AI systems",govsrc-2e6f22e2653285d9,gov-ai-guidelines-p5-ev,,0
gov-aigeg-order-p1,gov-aigeg-order,Oversight,Textual provision,"The Terms of Reference assign AIGEG a role coordinating policy across ministries, departments and sectoral regulators, and overseeing cross-sectoral governance issues. This is an assigned remit, not evidence of oversight activity.",Administrative or policy commitment; not proof of activity or outcomes,Terms of Reference of AIGEG; printed page not established,govsrc-930d62850557facf,gov-aigeg-order-p1-ev,,0
gov-aigeg-order-p2,gov-aigeg-order,Evaluation,Textual provision,"The Terms of Reference call for advance assessment of AI's labour-market impacts and mitigation planning. They also call for classifying use cases by readiness, including data availability and skills.",Administrative or policy commitment; not proof of activity or outcomes,Terms of Reference of AIGEG; printed page not established,govsrc-930d62850557facf,gov-aigeg-order-p2-ev,,0
gov-aigeg-order-p3,gov-aigeg-order,Procurement,Not established in reviewed text,Not located in reviewed text; not proof of absence.,Administrative or policy commitment; not proof of activity or outcomes,Not established,govsrc-930d62850557facf,,No concrete provision established in this reviewed text; not proof of absence elsewhere,0
gov-aigeg-order-p4,gov-aigeg-order,Redress,Not established in reviewed text,Not located in reviewed text; not proof of absence.,Administrative or policy commitment; not proof of activity or outcomes,Not established,govsrc-930d62850557facf,,No concrete provision established in this reviewed text; not proof of absence elsewhere,0
gov-aigeg-order-p5,gov-aigeg-order,Accountability and data,Textual provision,The Terms of Reference assign AIGEG to review existing mechanisms and issue guidelines aimed at firms' compliance with local laws. Data availability is listed as a criterion for classifying AI use cases; no specific data-governance rule is stated.,Administrative or policy commitment; not proof of activity or outcomes,Terms of Reference of AIGEG; printed page not established,govsrc-930d62850557facf,gov-aigeg-order-p5-ev,,0
gov-ap-court-order-p1,gov-ap-court-order,Oversight,Textual provision,Unit Heads or designated Nodal Officers in each District must monitor implementation and provide monthly action-taken reports.,Administrative or policy commitment; not proof of activity or outcomes,"Printed pp. 2–3, para. 6(iv)",govsrc-569d2cc75dfb3e9f,gov-ap-court-order-p1-ev,,0
gov-ap-court-order-p2,gov-ap-court-order,Evaluation,Textual provision,"The circular records that the pilot was reviewed, but the supplied text does not specify an evaluation method or outcome criteria.",Administrative or policy commitment; not proof of activity or outcomes,"Printed p. 2, para. 3",govsrc-569d2cc75dfb3e9f,gov-ap-court-order-p2-ev,,0
gov-ap-court-order-p3,gov-ap-court-order,Procurement,Not established in reviewed text,Not located in reviewed text; not proof of absence.,Administrative or policy commitment; not proof of activity or outcomes,Not established,govsrc-569d2cc75dfb3e9f,,No concrete provision established in this reviewed text; not proof of absence elsewhere,0
gov-ap-court-order-p4,gov-ap-court-order,Redress,Textual provision,"For network problems, officers must report the issue to the Principal District Judge and escalate it to the High Court if unresolved at District level. This is an operational escalation procedure, not a general grievance route.",Administrative or policy commitment; not proof of activity or outcomes,"Printed p. 2, para. 6(ii)",govsrc-569d2cc75dfb3e9f,gov-ap-court-order-p4-ev,,0
gov-ap-court-order-p5,gov-ap-court-order,Accountability and data,Textual provision,"Monthly reports must give court-use counts for specified platform features and identify courts continuing manual recording with reasons. The circular does not specify privacy, retention or other data-governance rules in the supplied text.",Administrative or policy commitment; not proof of activity or outcomes,"Printed p. 3, para. 6(iv)",govsrc-569d2cc75dfb3e9f,gov-ap-court-order-p5-ev,,0
gov-cag-ai-eoi-p1,gov-cag-ai-eoi,Oversight,Textual provision,"The proposed agents are decision-support tools: designated officers retain final decision-making authority, and the EOI calls for human review of outputs. These are design requirements for the envisaged platform, not verified operational controls.",EOI requirements and commissioning intent; not an executed contract or enforced controls,"Section 6.1, Agent 1 – Pension Pre-Scrutiny Agent (AI-PARAS)",govsrc-8f6a15786771c15d,gov-cag-ai-eoi-p1-ev,,0
gov-cag-ai-eoi-p2,gov-cag-ai-eoi,Evaluation,Textual provision,"The EOI outlines a planned RFP-stage proof of concept with scored platform and agent demonstrations; the POC score is stated to form 30% of the overall technical evaluation. This describes an intended evaluation process, not a completed evaluation.",EOI requirements and commissioning intent; not an executed contract or enforced controls,"Section 12.5, Agentic Use-Case Scoring Criteria",govsrc-8f6a15786771c15d,gov-cag-ai-eoi-p2-ev,,0
gov-cag-ai-eoi-p3,gov-cag-ai-eoi,Procurement,Textual provision,"The EOI is an open market-engagement stage. It describes a subsequent RFP, technical and commercial bid submission, QCBS evaluation, POC, and possible contract award; responding to the EOI does not confer entitlement to participate in the RFP.",EOI requirements and commissioning intent; not an executed contract or enforced controls,Disclaimer,govsrc-8f6a15786771c15d,gov-cag-ai-eoi-p3-ev,,0
gov-cag-ai-eoi-p4,gov-cag-ai-eoi,Redress,Not established in reviewed text,Not located in reviewed text; not proof of absence.,EOI requirements and commissioning intent; not an executed contract or enforced controls,Not established,govsrc-8f6a15786771c15d,,No concrete provision established in this reviewed text; not proof of absence elsewhere,0
gov-cag-ai-eoi-p5,gov-cag-ai-eoi,Accountability and data,Textual provision,"The proposed design calls for logged, reproducible, explainable agent operations and for data, models, and processing to remain within institutionally controlled, India-based infrastructure. These are stated procurement requirements, not implementation verification.",EOI requirements and commissioning intent; not an executed contract or enforced controls,"Section 7, Guiding Principles – Sovereignty & Residency",govsrc-8f6a15786771c15d,gov-cag-ai-eoi-p5-ev,,0
gov-cert-aibom-p1,gov-cert-aibom,Oversight,Textual provision,The recommendations call for regular audits and assessments of the AIBOM process. The reviewed text does not establish an AI-specific oversight authority or describe its powers.,Recommendation or guidance; not a new enacted obligation,"Printed p. 57, §9.4.1.10",govsrc-907a3b1248416291,gov-cert-aibom-p1-ev,,0
gov-cert-aibom-p2,gov-cert-aibom,Evaluation,Textual provision,"The minimum AIBOM elements include model performance metrics, with examples such as accuracy, precision, recall and F1 score. The text does not specify evaluation thresholds or a required evaluation protocol.",Recommendation or guidance; not a new enacted obligation,"Printed p. 54, §9.3, Table 10",govsrc-907a3b1248416291,gov-cert-aibom-p2-ev,,0
gov-cert-aibom-p3,gov-cert-aibom,Procurement,Textual provision,"Section 9.4.1 recommends including AIBOM requirements in AI-related procurements and solutions. It also says supplied AI solutions must be accompanied by an AIBOM; these appear within a recommendations section, not an identified statutory direction.",Recommendation or guidance; not a new enacted obligation,"Printed p. 56, §9.4.1.1",govsrc-907a3b1248416291,gov-cert-aibom-p3-ev,,0
gov-cert-aibom-p4,gov-cert-aibom,Redress,Not established in reviewed text,"Not located in reviewed text; not proof of absence. The text discusses vulnerability status and remediation, but no AI-specific grievance, appeal, or individual redress process is established in the reviewed material.",Recommendation or guidance; not a new enacted obligation,Not established,govsrc-907a3b1248416291,,No concrete provision established in this reviewed text; not proof of absence elsewhere,0
gov-cert-aibom-p5,gov-cert-aibom,Accountability and data,Textual provision,"The minimum AIBOM elements include training-dataset names, versions, formats and limitations. The recommendations also call for secure handling, regular updates and tracking model lineage, including versions, retraining and modifications.",Recommendation or guidance; not a new enacted obligation,"Printed p. 54, §9.3, Table 10",govsrc-907a3b1248416291,gov-cert-aibom-p5-ev,,0
gov-cert-directions-p1,gov-cert-directions,Oversight,Textual provision,CERT-In is empowered to call for information and issue directions to specified entities and others for its statutory cybersecurity functions. Entities must designate a Point of Contact to interface with CERT-In.,"Enacted text; scope, amendments and commencement require checking",Page 2,govsrc-44a3679573cd8e18,gov-cert-directions-p1-ev,,0
gov-cert-directions-p2,gov-cert-directions,Evaluation,Not established in reviewed text,Not located in reviewed text; not proof of absence.,"Enacted text; scope, amendments and commencement require checking",Not established,govsrc-44a3679573cd8e18,,No concrete provision established in this reviewed text; not proof of absence elsewhere,0
gov-cert-directions-p3,gov-cert-directions,Procurement,Not established in reviewed text,Not located in reviewed text; not proof of absence.,"Enacted text; scope, amendments and commencement require checking",Not established,govsrc-44a3679573cd8e18,,No concrete provision established in this reviewed text; not proof of absence elsewhere,0
gov-cert-directions-p4,gov-cert-directions,Redress,Not established in reviewed text,Not located in reviewed text; not proof of absence.,"Enacted text; scope, amendments and commencement require checking",Not established,govsrc-44a3679573cd8e18,,No concrete provision established in this reviewed text; not proof of absence elsewhere,0
gov-cert-directions-p5,gov-cert-directions,Accountability and data,Textual provision,"Specified entities must report listed cyber incidents to CERT-In within six hours and securely maintain ICT-system logs for 180 days within Indian jurisdiction. Data-centre, VPS, cloud and VPN providers have specified subscriber-record retention duties, while virtual-asset service providers, exchanges and custodian wallet providers must retain KYC and financial-transaction records for five years.","Enacted text; scope, amendments and commencement require checking","Page 3, direction (iv)",govsrc-44a3679573cd8e18,gov-cert-directions-p5-ev,,0
gov-cert-extension-p1,gov-cert-extension,Oversight,Not established in reviewed text,Not located in reviewed text; not proof of absence.,Historical text; not used to infer current duties,Not established,govsrc-fb8ebf6a306a261c,,No concrete provision established in this reviewed text; not proof of absence elsewhere,0
gov-cert-extension-p2,gov-cert-extension,Evaluation,Not established in reviewed text,Not located in reviewed text; not proof of absence.,Historical text; not used to infer current duties,Not established,govsrc-fb8ebf6a306a261c,,No concrete provision established in this reviewed text; not proof of absence elsewhere,0
gov-cert-extension-p3,gov-cert-extension,Procurement,Not established in reviewed text,Not located in reviewed text; not proof of absence.,Historical text; not used to infer current duties,Not established,govsrc-fb8ebf6a306a261c,,No concrete provision established in this reviewed text; not proof of absence elsewhere,0
gov-cert-extension-p4,gov-cert-extension,Redress,Not established in reviewed text,Not located in reviewed text; not proof of absence.,Historical text; not used to infer current duties,Not established,govsrc-fb8ebf6a306a261c,,No concrete provision established in this reviewed text; not proof of absence elsewhere,0
gov-cert-extension-p5,gov-cert-extension,Accountability and data,Textual provision,"The text extends the timeline for specified subscriber/customer validation requirements, but does not locate broader accountability or data-governance provisions under this dimension. Not located in reviewed text; not proof of absence.",Historical text; not used to infer current duties,Page 2,govsrc-fb8ebf6a306a261c,gov-cert-extension-p5-ev,,0
gov-dpdp-act-p1,gov-dpdp-act,Oversight,Textual provision,"Establishes the Data Protection Board of India, which can inquire into breaches, issue directions, and impose penalties. The Board is to function independently and, as far as practicable, as a digital office.","Enacted text; scope, amendments and commencement require checking","Printed p. 14, section 28(1)",govsrc-45167c1e39a57c29,gov-dpdp-act-p1-ev,,0
gov-dpdp-act-p2,gov-dpdp-act,Evaluation,Textual provision,"Requires Significant Data Fiduciaries to appoint an independent data auditor and undertake periodic data protection impact assessments and audits. The Central Government may designate fiduciaries as significant based on listed factors, including data volume, sensitivity, and risks.","Enacted text; scope, amendments and commencement require checking","Printed p. 9, section 10(2)(c)(i)",govsrc-45167c1e39a57c29,gov-dpdp-act-p2-ev,,0
gov-dpdp-act-p3,gov-dpdp-act,Procurement,Textual provision,"Does not establish a general procurement or vendor-selection framework. A Data Fiduciary may engage a Data Processor for relevant activities only under a valid contract, and remains responsible for covered processing undertaken on its behalf.","Enacted text; scope, amendments and commencement require checking","Printed p. 7, section 8(2)",govsrc-45167c1e39a57c29,gov-dpdp-act-p3-ev,,0
gov-dpdp-act-p4,gov-dpdp-act,Redress,Textual provision,"Requires Data Fiduciaries and Consent Managers to provide grievance redressal; a Data Principal must exhaust that opportunity before approaching the Board. The Board may inquire into qualifying complaints, and its orders or directions may be appealed to the Appellate Tribunal.","Enacted text; scope, amendments and commencement require checking","Printed p. 10, section 13(3)",govsrc-45167c1e39a57c29,gov-dpdp-act-p4-ev,,0
gov-dpdp-act-p5,gov-dpdp-act,Accountability and data,Textual provision,"Requires reasonable security safeguards and breach intimation to the Board and affected Data Principals. It also requires erasure when consent is withdrawn or the specified purpose is no longer served, unless retention is legally necessary.","Enacted text; scope, amendments and commencement require checking","Printed p. 7, section 8(5)",govsrc-45167c1e39a57c29,gov-dpdp-act-p5-ev,,0
gov-dpdp-commencement-p1,gov-dpdp-commencement,Oversight,Not established in reviewed text,Not located in reviewed text; not proof of absence.,"Enacted text; scope, amendments and commencement require checking",Not established,govsrc-43e8a665360c732d,,No concrete provision established in this reviewed text; not proof of absence elsewhere,0
gov-dpdp-commencement-p2,gov-dpdp-commencement,Evaluation,Not established in reviewed text,Not located in reviewed text; not proof of absence.,"Enacted text; scope, amendments and commencement require checking",Not established,govsrc-43e8a665360c732d,,No concrete provision established in this reviewed text; not proof of absence elsewhere,0
gov-dpdp-commencement-p3,gov-dpdp-commencement,Procurement,Not established in reviewed text,Not located in reviewed text; not proof of absence.,"Enacted text; scope, amendments and commencement require checking",Not established,govsrc-43e8a665360c732d,,No concrete provision established in this reviewed text; not proof of absence elsewhere,0
gov-dpdp-commencement-p4,gov-dpdp-commencement,Redress,Not established in reviewed text,Not located in reviewed text; not proof of absence.,"Enacted text; scope, amendments and commencement require checking",Not established,govsrc-43e8a665360c732d,,No concrete provision established in this reviewed text; not proof of absence elsewhere,0
gov-dpdp-commencement-p5,gov-dpdp-commencement,Accountability and data,Not established in reviewed text,Not located in reviewed text; not proof of absence.,"Enacted text; scope, amendments and commencement require checking",Not established,govsrc-43e8a665360c732d,,No concrete provision established in this reviewed text; not proof of absence elsewhere,0
gov-dpdp-correction-p1,gov-dpdp-correction,Oversight,Not established in reviewed text,Not located in reviewed text; not proof of absence.,"Enacted text; scope, amendments and commencement require checking",Not established,govsrc-fdb85473d7ef4dc6,,No concrete provision established in this reviewed text; not proof of absence elsewhere,0
gov-dpdp-correction-p2,gov-dpdp-correction,Evaluation,Not established in reviewed text,Not located in reviewed text; not proof of absence.,"Enacted text; scope, amendments and commencement require checking",Not established,govsrc-fdb85473d7ef4dc6,,No concrete provision established in this reviewed text; not proof of absence elsewhere,0
gov-dpdp-correction-p3,gov-dpdp-correction,Procurement,Not established in reviewed text,Not located in reviewed text; not proof of absence.,"Enacted text; scope, amendments and commencement require checking",Not established,govsrc-fdb85473d7ef4dc6,,No concrete provision established in this reviewed text; not proof of absence elsewhere,0
gov-dpdp-correction-p4,gov-dpdp-correction,Redress,Not established in reviewed text,Not located in reviewed text; not proof of absence.,"Enacted text; scope, amendments and commencement require checking",Not established,govsrc-fdb85473d7ef4dc6,,No concrete provision established in this reviewed text; not proof of absence elsewhere,0
gov-dpdp-correction-p5,gov-dpdp-correction,Accountability and data,Not established in reviewed text,Not located in reviewed text; not proof of absence.,"Enacted text; scope, amendments and commencement require checking",Not established,govsrc-fdb85473d7ef4dc6,,No concrete provision established in this reviewed text; not proof of absence elsewhere,0
gov-dpdp-draft-p1,gov-dpdp-draft,Oversight,Textual provision,"Draft / consultation proposal: The draft gives the Board powers over Consent Manager registration, including the ability to address non-adherence and, after a hearing, suspend or cancel registration. It also provides for the Board to function as a digital office.",Historical text; not used to infer current duties,"Rule 4(5), Gazette p. 29",govsrc-5d28f4aa0893d572,gov-dpdp-draft-p1-ev,,0
gov-dpdp-draft-p2,gov-dpdp-draft,Evaluation,Textual provision,Draft / consultation proposal: A Significant Data Fiduciary must undertake a Data Protection Impact Assessment and audit every twelve months and have the assessor submit a report of significant observations to the Board. It must also conduct due diligence on algorithmic software for risks to Data Principal rights.,Historical text; not used to infer current duties,"Rule 12(1), Gazette p. 34",govsrc-5d28f4aa0893d572,gov-dpdp-draft-p2-ev,,0
gov-dpdp-draft-p3,gov-dpdp-draft,Procurement,Not established in reviewed text,"Draft / consultation proposal: Not located in reviewed text; not proof of absence. The draft includes security provisions for Data Processor contracts, but no vendor-selection or procurement requirement is established here.",Historical text; not used to infer current duties,Not established,govsrc-5d28f4aa0893d572,,No concrete provision established in this reviewed text; not proof of absence elsewhere,0
gov-dpdp-draft-p4,gov-dpdp-draft,Redress,Textual provision,"Draft / consultation proposal: Data Fiduciaries and, where applicable, Consent Managers must publish how Data Principals can exercise rights and the grievance-response period, and implement measures to support responses within that period. The notice provisions also require means for complaints to the Board.",Historical text; not used to infer current duties,"Rule 13(3), Gazette p. 35",govsrc-5d28f4aa0893d572,gov-dpdp-draft-p4-ev,,0
gov-dpdp-draft-p5,gov-dpdp-draft,Accountability and data,Textual provision,"Draft / consultation proposal: The draft requires reasonable security safeguards, including encryption or masking, access controls, logs, backups, and a one-year retention period for specified logs and personal data. It also requires notice to affected Data Principals without delay and notice to the Board, including detailed information within 72 hours unless a longer period is allowed.",Historical text; not used to infer current duties,"Rule 6(1)(a), Gazette p. 30",govsrc-5d28f4aa0893d572,gov-dpdp-draft-p5-ev,,0
gov-dpdp-rules-p1,gov-dpdp-rules,Oversight,Textual provision,"The rules provide for Board appointments, meetings, inquiries, and digital proceedings. Board inquiries ordinarily must be completed within six months, with written reasons required for extensions of up to three months at a time.","Enacted text; scope, amendments and commencement require checking","Printed p. 31, Rule 19(9)",govsrc-765c44063e18762b,gov-dpdp-rules-p1-ev,,0
gov-dpdp-rules-p2,gov-dpdp-rules,Evaluation,Textual provision,"Significant Data Fiduciaries must conduct a data protection impact assessment and audit every twelve months and submit a report of significant observations to the Board. They must also exercise due diligence regarding whether adopted technical measures, including algorithmic software, may risk Data Principals’ rights.","Enacted text; scope, amendments and commencement require checking","Printed p. 29, Rule 13(1)",govsrc-765c44063e18762b,gov-dpdp-rules-p2-ev,,0
gov-dpdp-rules-p3,gov-dpdp-rules,Procurement,Not established in reviewed text,"A general procurement or mandatory vendor-selection framework is not located in the reviewed text; this is not proof of absence. The rules do require appropriate security provisions in applicable contracts between a Data Fiduciary and a Data Processor, but do not establish a general procurement duty.","Enacted text; scope, amendments and commencement require checking",Not established,govsrc-765c44063e18762b,,No concrete provision established in this reviewed text; not proof of absence elsewhere,0
gov-dpdp-rules-p4,gov-dpdp-rules,Redress,Textual provision,"Data Fiduciaries and Consent Managers must publish their grievance-redress period, capped at ninety days, and implement measures to make the system effective. Notices must also identify means for Data Principals to complain to the Board.","Enacted text; scope, amendments and commencement require checking","Printed p. 30, Rule 14(3)",govsrc-765c44063e18762b,gov-dpdp-rules-p4-ev,,0
gov-dpdp-rules-p5,gov-dpdp-rules,Accountability and data,Textual provision,"Data Fiduciaries must apply reasonable safeguards to personal data, including access controls, logging and monitoring, breach investigation and remediation, backups, and relevant processor-contract provisions. The rule also requires retaining specified logs and personal data for one year, subject to applicable legal requirements.","Enacted text; scope, amendments and commencement require checking","Printed p. 26, Rule 6(1)",govsrc-765c44063e18762b,gov-dpdp-rules-p5-ev,,0
gov-frt-approach-p1,gov-frt-approach,Oversight,Textual provision,"Draft / consultation proposal: The paper recommends that organisations deploying FRT establish an expert ethics committee with autonomy to set guidance, oversee compliance, and address standards and accountability. This is a recommendation in a draft discussion paper, not an established oversight requirement.",Draft proposal; no obligation inferred,"Printed p. 42, Part II, E.1.B(b), Policy reform",govsrc-5a98fb4d9c47d0cc,gov-frt-approach-p1-ev,,0
gov-frt-approach-p2,gov-frt-approach,Evaluation,Textual provision,"Draft / consultation proposal: The paper recommends independent, regular monitoring of FRT performance and use, including assessment against defined criteria; it also recommends ongoing evaluation and disclosure of overall and demographic error rates. These are proposed safeguards, not evidence that such evaluation is in operation.",Draft proposal; no obligation inferred,"Printed p. 47, Part II, E.3(c)(iii), Recommendations for procurement",govsrc-5a98fb4d9c47d0cc,gov-frt-approach-p2-ev,,0
gov-frt-approach-p3,gov-frt-approach,Procurement,Textual provision,"Draft / consultation proposal: The paper recommends transparent procurement, public disclosure of criteria and processes, detailed problem-focused RFPs, prior risk and impact assessment, and disclosure of error rates. These are recommendations for future procurement, not adopted procurement rules or mandatory vendor-selection criteria.",Draft proposal; no obligation inferred,"Printed p. 46, Part II, E.3(a)(i), Recommendations for procurement",govsrc-5a98fb4d9c47d0cc,gov-frt-approach-p3-ev,,0
gov-frt-approach-p4,gov-frt-approach,Redress,Textual provision,"Draft / consultation proposal: The paper recommends an accessible grievance-redress system for FRT, including adjudication of problems such as inaccurate outcomes that deny access. It suggests an ombudsman as a possible accessible first point, with escalation depending on the complaint; it does not establish a functioning or binding redress mechanism.",Draft proposal; no obligation inferred,"Printed p. 48, Part II, E.4(a)(i), Recommendations for Impacted consumers",govsrc-5a98fb4d9c47d0cc,gov-frt-approach-p4-ev,,0
gov-frt-approach-p5,gov-frt-approach,Accountability and data,Textual provision,"Draft / consultation proposal: The paper recommends a data-protection regime that covers state agencies and biometric data, alongside privacy by design, public-facing documentation of privacy practices, audit trails, and clear accountability arrangements. These are recommendations; the paper does not itself enact data-protection duties or establish liability rules.",Draft proposal; no obligation inferred,"Printed p. 45, Part II, E.2(d)(i), Recommendations for developers and vendors",govsrc-5a98fb4d9c47d0cc,gov-frt-approach-p5-ev,,0
gov-gfr-procurement-p1,gov-gfr-procurement,Oversight,Textual provision,"Delegated procurement authorities are responsible for efficiency, economy and transparency. Procurement decisions must record the considerations supporting them.","Enacted text; scope, amendments and commencement require checking","Printed p. 34, Rule 144",govsrc-73b24f340d15cf23,gov-gfr-procurement-p1-ev,,0
gov-gfr-procurement-p2,gov-gfr-procurement,Evaluation,Textual provision,"Bids must be evaluated against the conditions in the bidding documents, without introducing new evaluation conditions. The text also sets out evaluation methods for consultancy proposals.","Enacted text; scope, amendments and commencement require checking","Printed p. 46, Rule 173(xii)",govsrc-73b24f340d15cf23,gov-gfr-procurement-p2-ev,,0
gov-gfr-procurement-p3,gov-gfr-procurement,Procurement,Textual provision,"Common-use goods and services available on GeM must be procured through GeM, subject to the specified procedures and thresholds. The rules also establish general requirements for fair, transparent and competitive procurement.","Enacted text; scope, amendments and commencement require checking","Printed p. 35, Rule 149",govsrc-73b24f340d15cf23,gov-gfr-procurement-p3-ev,,0
gov-gfr-procurement-p4,gov-gfr-procurement,Redress,Textual provision,"Bidding documents must allow a bidder to question bidding conditions, the bidding process or rejection of its bid. The text also requires reasons for rejecting a tender or not issuing a tender document to be disclosed when the bidder enquires.","Enacted text; scope, amendments and commencement require checking","Printed p. 45, Rule 173(iv)",govsrc-73b24f340d15cf23,gov-gfr-procurement-p4-ev,,0
gov-gfr-procurement-p5,gov-gfr-procurement,Accountability and data,Textual provision,"Tender enquiries, corrigenda and bid-award details must be published on the Central Public Procurement Portal, subject to stated confidentiality exceptions. The rules also require procurement decisions to be recorded and provide a code of integrity, including conflict-of-interest disclosure.","Enacted text; scope, amendments and commencement require checking","Printed p. 38, Rule 159(i)",govsrc-73b24f340d15cf23,gov-gfr-procurement-p5-ev,,0
gov-goa-draft-p1,gov-goa-draft,Oversight,Textual provision,"Draft / consultation proposal: The draft proposes risk-tier classification of government AI systems and requires an AI Impact Assessment and Human Oversight Plan before high-risk systems are put into service. These are proposed policy provisions, not evidence of an adopted or operational oversight regime.",Draft proposal; no obligation inferred,"Section 4.4, p. 11",govsrc-8612442c39d5f850,gov-goa-draft-p1-ev,,0
gov-goa-draft-p2,gov-goa-draft,Evaluation,Textual provision,"Draft / consultation proposal: The draft proposes annual third-party audits for high-risk systems, incident-triggered audits, and public reporting on AI adoption and incidents. The text does not verify that these evaluations have been carried out.",Draft proposal; no obligation inferred,"Pillar VI, p. 18",govsrc-8612442c39d5f850,gov-goa-draft-p2-ev,,0
gov-goa-draft-p3,gov-goa-draft,Procurement,Textual provision,"Draft / consultation proposal: The draft proposes a Technical Assessment Memorandum for AI procurements exceeding ₹10 lakh and AI-related risk, assessment, documentation, and audit requirements in procurement clauses. These are draft proposals, not verified procurement practice.",Draft proposal; no obligation inferred,"Pillar III, p. 15",govsrc-8612442c39d5f850,gov-goa-draft-p3-ev,,0
gov-goa-draft-p4,gov-goa-draft,Redress,Textual provision,"Draft / consultation proposal: The draft proposes an AI Complaints Channel and a dedicated Cyber Cell support desk for deepfake harms. For deepfake complaints, it sets proposed targets for acknowledgement, platform takedown requests, and victim updates; it does not establish that the channel or targets are operational.",Draft proposal; no obligation inferred,"Section 10.8, p. 35",govsrc-8612442c39d5f850,gov-goa-draft-p4-ev,,0
gov-goa-draft-p5,gov-goa-draft,Accountability and data,Textual provision,"Draft / consultation proposal: The draft assigns data-governance responsibilities to a State Chief Data Officer and proposes a public dataset catalogue with standardised schemas, metadata, and update frequencies. It also proposes annual status reporting and departmental AI-readiness assessments; implementation is not verified.",Draft proposal; no obligation inferred,"Pillar IV, p. 16",govsrc-8612442c39d5f850,gov-goa-draft-p5-ev,,0
gov-gujarat-taskforce-p1,gov-gujarat-taskforce,Oversight,Textual provision,The Taskforce is assigned strategic guidance and oversight for statewide AI adoption across critical domains.,One-year task force mandate from December 2024; post-term renewal not established,"Preamble, p. 1/3",govsrc-a1e711bb0afc39cc,gov-gujarat-taskforce-p1-ev,,0
gov-gujarat-taskforce-p2,gov-gujarat-taskforce,Evaluation,Textual provision,"The Taskforce is to oversee rollout, advise on course corrections, evaluate implementation, and recommend changes as needed.",One-year task force mandate from December 2024; post-term renewal not established,"Scope, p. 1/3",govsrc-a1e711bb0afc39cc,gov-gujarat-taskforce-p2-ev,,0
gov-gujarat-taskforce-p3,gov-gujarat-taskforce,Procurement,Not established in reviewed text,Not located in reviewed text; not proof of absence.,One-year task force mandate from December 2024; post-term renewal not established,Not established,govsrc-a1e711bb0afc39cc,,No concrete provision established in this reviewed text; not proof of absence elsewhere,0
gov-gujarat-taskforce-p4,gov-gujarat-taskforce,Redress,Not established in reviewed text,Not located in reviewed text; not proof of absence.,One-year task force mandate from December 2024; post-term renewal not established,Not established,govsrc-a1e711bb0afc39cc,,No concrete provision established in this reviewed text; not proof of absence elsewhere,0
gov-gujarat-taskforce-p5,gov-gujarat-taskforce,Accountability and data,Textual provision,"The task force remit calls for ethical AI and infrastructure development with privacy and data-security consideration. This assigns a planning remit, not verified implementation or a new private-party data obligation.",One-year task force mandate from December 2024; post-term renewal not established,"Scope, p. 1/3",govsrc-a1e711bb0afc39cc,gov-gujarat-taskforce-p5-ev,,0
gov-icmr-ai-p1,gov-icmr-ai,Oversight,"Context / topic, not a concrete control","An ethics review process is listed as a topic, but concrete oversight provisions are Not located in reviewed text; not proof of absence.",Recommendation or guidance; not a new enacted obligation,Not established,govsrc-1898bfc61c2db32b,gov-icmr-ai-p1-ev,,0
gov-icmr-ai-p2,gov-icmr-ai,Evaluation,Not established in reviewed text,Not located in reviewed text; not proof of absence.,Recommendation or guidance; not a new enacted obligation,Not established,govsrc-1898bfc61c2db32b,,No concrete provision established in this reviewed text; not proof of absence elsewhere,0
gov-icmr-ai-p3,gov-icmr-ai,Procurement,Not established in reviewed text,Not located in reviewed text; not proof of absence.,Recommendation or guidance; not a new enacted obligation,Not established,govsrc-1898bfc61c2db32b,,No concrete provision established in this reviewed text; not proof of absence elsewhere,0
gov-icmr-ai-p4,gov-icmr-ai,Redress,Not established in reviewed text,Not located in reviewed text; not proof of absence.,Recommendation or guidance; not a new enacted obligation,Not established,govsrc-1898bfc61c2db32b,,No concrete provision established in this reviewed text; not proof of absence elsewhere,0
gov-icmr-ai-p5,gov-icmr-ai,Accountability and data,"Context / topic, not a concrete control","Governance of AI use is listed as a topic, but concrete accountability or data provisions are Not located in reviewed text; not proof of absence.",Recommendation or guidance; not a new enacted obligation,Not established,govsrc-1898bfc61c2db32b,gov-icmr-ai-p5-ev,,0
gov-indiaai-mission-p1,gov-indiaai-mission,Oversight,Textual provision,The Mission is to be implemented by the IndiaAI Independent Business Division under Digital India Corporation. The text does not specify further oversight powers or reporting arrangements.,Administrative or policy commitment; not proof of activity or outcomes,Implementation paragraph,govsrc-5b037ed8d974be63,gov-indiaai-mission-p1-ev,,0
gov-indiaai-mission-p2,gov-indiaai-mission,Evaluation,Not established in reviewed text,Not located in reviewed text; not proof of absence.,Administrative or policy commitment; not proof of activity or outcomes,Not established,govsrc-5b037ed8d974be63,,No concrete provision established in this reviewed text; not proof of absence elsewhere,0
gov-indiaai-mission-p3,gov-indiaai-mission,Procurement,"Context / topic, not a concrete control","The compute infrastructure is to be built through a public-private partnership, and an AI marketplace is planned. The text does not specify procurement procedures, vendor-selection criteria, or mandatory vendor selection.",Administrative or policy commitment; not proof of activity or outcomes,IndiaAI Compute Capacity,govsrc-5b037ed8d974be63,gov-indiaai-mission-p3-ev,,0
gov-indiaai-mission-p4,gov-indiaai-mission,Redress,Not established in reviewed text,Not located in reviewed text; not proof of absence.,Administrative or policy commitment; not proof of activity or outcomes,Not established,govsrc-5b037ed8d974be63,,No concrete provision established in this reviewed text; not proof of absence elsewhere,0
gov-indiaai-mission-p5,gov-indiaai-mission,Accountability and data,Textual provision,"The Safe & Trusted AI pillar includes indigenous tools and frameworks, self-assessment checklists, and guidelines and governance frameworks. The text also plans a platform for access to quality non-personal datasets, but does not specify enforcement, privacy, or accountability procedures.",Administrative or policy commitment; not proof of activity or outcomes,Safe & Trusted AI,govsrc-5b037ed8d974be63,gov-indiaai-mission-p5-ev,,0
gov-it-rules-consolidated-p1,gov-it-rules-consolidated,Oversight,Textual provision,"Part III establishes a three-tier structure of publisher self-regulation, publisher-body self-regulation, and Central Government oversight. The Ministry establishes an Inter-Departmental Committee to hear specified grievances and the Review Committee meets at least every two months to review blocking directions.","Enacted text; scope, amendments and commencement require checking",Rule 13(1),govsrc-d36ee5b660ada3ed,gov-it-rules-consolidated-p1-ev,,0
gov-it-rules-consolidated-p2,gov-it-rules-consolidated,Evaluation,Textual provision,"For specified significant social media intermediary tools, the rules require review of accuracy, fairness, bias, discrimination, privacy, and security impacts. Online real-money games are verified against stated criteria, including no wagering on an outcome and compliance with specified rules and frameworks.","Enacted text; scope, amendments and commencement require checking",Rule 4(4),govsrc-d36ee5b660ada3ed,gov-it-rules-consolidated-p2-ev,,0
gov-it-rules-consolidated-p3,gov-it-rules-consolidated,Procurement,Not established in reviewed text,Not located in reviewed text; not proof of absence.,"Enacted text; scope, amendments and commencement require checking",Not established,govsrc-d36ee5b660ada3ed,,No concrete provision established in this reviewed text; not proof of absence elsewhere,0
gov-it-rules-consolidated-p4,gov-it-rules-consolidated,Redress,Textual provision,An intermediary’s Grievance Officer must acknowledge complaints within 24 hours and generally resolve them within seven days; specified intimate-image and impersonation complaints have a two-hour action requirement. The rules also provide for appeals to Grievance Appellate Committees.,"Enacted text; scope, amendments and commencement require checking",Rule 3(2)(a)(i),govsrc-d36ee5b660ada3ed,gov-it-rules-consolidated-p4-ev,,0
gov-it-rules-consolidated-p5,gov-it-rules-consolidated,Accountability and data,Textual provision,"Specified intermediaries must appoint compliance and grievance personnel and publish monthly compliance reports. The rules also provide for preservation of removed information and associated records for 180 days, and public monthly disclosure of grievances and their disposition by publishers and self-regulating bodies.","Enacted text; scope, amendments and commencement require checking",Rule 3(1)(g),govsrc-d36ee5b660ada3ed,gov-it-rules-consolidated-p5-ev,,0
gov-jharkhand-draft-p1,gov-jharkhand-draft,Oversight,Textual provision,"Draft / consultation proposal: The draft proposes a State AI Mission under the Department of Information Technology & e-Governance, with a Governing Council, Executive Committee, and Mission Directorate. It describes the Mission as the apex mechanism for coordination, standards, appraisal, capacity building, and monitoring.",Draft proposal; no obligation inferred,"Printed p. 8, §10",govsrc-2e800bcbb1e7e824,gov-jharkhand-draft-p1-ev,,0
gov-jharkhand-draft-p2,gov-jharkhand-draft,Evaluation,Textual provision,"Draft / consultation proposal: The draft proposes project KPIs covering efficiency, service delivery, cost savings, and citizen satisfaction, alongside dashboards and periodic reviews. Independent evaluations may be undertaken.",Draft proposal; no obligation inferred,"Printed p. 12, §19",govsrc-2e800bcbb1e7e824,gov-jharkhand-draft-p2-ev,,0
gov-jharkhand-draft-p3,gov-jharkhand-draft,Procurement,Textual provision,"Draft / consultation proposal: The draft proposes pilot-based testing before scaling and says procurement should emphasize outcome-based contracts, interoperability, and vendor accountability. It also proposes simplified norms, sandboxes, and innovation challenges for startups and emerging firms.",Draft proposal; no obligation inferred,"Printed p. 10, §15",govsrc-2e800bcbb1e7e824,gov-jharkhand-draft-p3-ev,,0
gov-jharkhand-draft-p4,gov-jharkhand-draft,Redress,Not established in reviewed text,Draft / consultation proposal: Not located in reviewed text; not proof of absence.,Draft proposal; no obligation inferred,Not established,govsrc-2e800bcbb1e7e824,,No concrete provision established in this reviewed text; not proof of absence elsewhere,0
gov-jharkhand-draft-p5,gov-jharkhand-draft,Accountability and data,Textual provision,"Draft / consultation proposal: The draft proposes data-governance safeguards, including lawful and purpose-aligned use, anonymization, encryption, secure access, and audit trails. It also proposes periodic AI audits, risk assessments, and compliance checks.",Draft proposal; no obligation inferred,"Printed p. 9, §12",govsrc-2e800bcbb1e7e824,gov-jharkhand-draft-p5-ev,,0
gov-jk-framework-p1,gov-jk-framework,Oversight,Textual provision,"The proposed framework says a working committee will identify key AI ethical concerns and develop sector-specific guidelines. This is a stated proposal, not evidence that the committee was established.",Proposed framework; no adoption/commencement inferred,"Page 4, Governance, Ethics and Privacy",govsrc-35445437af206a94,gov-jk-framework-p1-ev,,0
gov-jk-framework-p2,gov-jk-framework,Evaluation,Not established in reviewed text,Not located in reviewed text; not proof of absence.,Proposed framework; no adoption/commencement inferred,Not established,govsrc-35445437af206a94,,No concrete provision established in this reviewed text; not proof of absence elsewhere,0
gov-jk-framework-p3,gov-jk-framework,Procurement,Textual provision,"The framework proposes adopting recommended AI procurement guidelines in consultation with the ethics committee; explainable AI is given as a possible element. These are prospective provisions, not a verified procurement requirement.",Proposed framework; no adoption/commencement inferred,"Page 5, Governance, Ethics and Privacy",govsrc-35445437af206a94,gov-jk-framework-p3-ev,,0
gov-jk-framework-p4,gov-jk-framework,Redress,Not established in reviewed text,Not located in reviewed text; not proof of absence. The text mentions contestability but does not specify a redress process.,Proposed framework; no adoption/commencement inferred,Not established,govsrc-35445437af206a94,,No concrete provision established in this reviewed text; not proof of absence elsewhere,0
gov-jk-framework-p5,gov-jk-framework,Accountability and data,Textual provision,"The proposed framework identifies accountability as an ethical concern and says companies using government-published data will be required to share a compliance report on ethical and appropriate data use. The text also proposes data-integrity, retention, and security guidance.",Proposed framework; no adoption/commencement inferred,"Page 5, Governance, Ethics and Privacy",govsrc-35445437af206a94,gov-jk-framework-p5-ev,,0
gov-kerala-it-p1,gov-kerala-it,Oversight,Textual provision,"The Kerala AI Mission is described as a 10-year programme and is assigned an objective to establish a state-level AI governance framework. The text does not specify the framework’s decision-making structure, powers, or oversight procedures.",Policy text and proposed measures; no adoption order established,"Printed p. 48, §7.3.3",govsrc-6b97c8246581a9b0,gov-kerala-it-p1-ev,,0
gov-kerala-it-p2,gov-kerala-it,Evaluation,"Context / topic, not a concrete control","The AI Mission sets a target to deploy 50 AI solutions in governance and PSU modernization, but the reviewed text does not establish evaluation methods, audits, or reporting requirements for those deployments.",Policy text and proposed measures; no adoption order established,"Printed p. 48, §7.3.3",govsrc-6b97c8246581a9b0,gov-kerala-it-p2-ev,,0
gov-kerala-it-p3,gov-kerala-it,Procurement,Not established in reviewed text,Not located in reviewed text; not proof of absence. The text does not specify AI-specific procurement rules or mandatory vendor-selection criteria.,Policy text and proposed measures; no adoption order established,Not established,govsrc-6b97c8246581a9b0,,No concrete provision established in this reviewed text; not proof of absence elsewhere,0
gov-kerala-it-p4,gov-kerala-it,Redress,Textual provision,The policy describes a general G2C service platform with centralized service tracking and citizen grievances. It does not specify an AI-specific process for challenging or remedying decisions made using AI.,Policy text and proposed measures; no adoption order established,"Printed p. 15, §3.2",govsrc-6b97c8246581a9b0,gov-kerala-it-p4-ev,,0
gov-kerala-it-p5,gov-kerala-it,Accountability and data,Textual provision,The policy states a general privacy objective and calls for a framework for responsible use of data and new technologies. It does not set out detailed AI-specific data or accountability controls in the reviewed text; a separate data policy is contemplated.,Policy text and proposed measures; no adoption order established,"Printed p. 14, §2.5(25)",govsrc-6b97c8246581a9b0,gov-kerala-it-p5-ev,,0
gov-maharashtra-ai-p1,gov-maharashtra-ai,Oversight,Textual provision,"The Electronics, IT & AI Department is the nodal department for administration, execution, and overall oversight. A three-tier committee structure is to be formed at the Commissionerate, Department, and Chief Secretary levels.",Administrative or policy commitment; not proof of activity or outcomes,"English Annexure-B, printed p. 9, §4",govsrc-97d49cd8eb508473,gov-maharashtra-ai-p1-ev,,0
gov-maharashtra-ai-p2,gov-maharashtra-ai,Evaluation,Textual provision,"All State departments are to undergo an annual AI-readiness audit. Testing and validation before deployment, particularly for government or public-sector use cases, may be encouraged; the text does not specify a formal evaluation methodology.",Administrative or policy commitment; not proof of activity or outcomes,"English Annexure-B, printed p. 23, §12",govsrc-97d49cd8eb508473,gov-maharashtra-ai-p2-ev,,0
gov-maharashtra-ai-p3,gov-maharashtra-ai,Procurement,Not established in reviewed text,"Not located in reviewed text; not proof of absence. The policy mentions procurement as a topic for official training, but does not establish procurement rules or vendor-selection requirements in the reviewed text.",Administrative or policy commitment; not proof of activity or outcomes,Not established,govsrc-97d49cd8eb508473,,No concrete provision established in this reviewed text; not proof of absence elsewhere,0
gov-maharashtra-ai-p4,gov-maharashtra-ai,Redress,Not established in reviewed text,"Not located in reviewed text; not proof of absence. Automated grievance redressal is mentioned as a possible AI application, not as an individual complaint or appeal pathway.",Administrative or policy commitment; not proof of activity or outcomes,Not established,govsrc-97d49cd8eb508473,,No concrete provision established in this reviewed text; not proof of absence elsewhere,0
gov-maharashtra-ai-p5,gov-maharashtra-ai,Accountability and data,Textual provision,"The policy identifies privacy, data security, and data sovereignty as integral to dataset creation and collation, and calls for responsible data access. It also promotes transparency and explainability measures for responsible AI deployment.",Administrative or policy commitment; not proof of activity or outcomes,"English Annexure-B, printed p. 15, §7.2",govsrc-97d49cd8eb508473,gov-maharashtra-ai-p5-ev,,0
gov-medical-software-p1,gov-medical-software,Oversight,Textual provision,"The document describes licensing authorities under the MDR-2017: manufacturing licences for Class A and B are assigned to the State Licensing Authority, while Class C and D and import licences are assigned to the Central Licensing Authority. It also says the risk class is confirmed by CDSCO on review; this is guidance about the regulatory framework, not verification of implementation.",Recommendation or guidance; not a new enacted obligation,"Printed page 29, §11, Table 5",govsrc-b49add35547558e3,gov-medical-software-p1-ev,,0
gov-medical-software-p2,gov-medical-software,Evaluation,Textual provision,"The guidance calls for technical and clinical performance evidence, including verification and validation; it says justification is required when models are trained or validated outside India. These are stated submission and evaluation expectations, not evidence that any particular product has been evaluated.",Recommendation or guidance; not a new enacted obligation,"Printed page 49, §12.4.2(G)",govsrc-b49add35547558e3,gov-medical-software-p2-ev,,0
gov-medical-software-p3,gov-medical-software,Procurement,Textual provision,"The document recommends that procuring agencies, along with other named groups, ensure MDSW supports the evolving digital health ecosystem. It does not set out tender requirements, mandatory vendor-selection criteria, or a purchasing mandate.",Recommendation or guidance; not a new enacted obligation,"Printed page 25, §9.0",govsrc-b49add35547558e3,gov-medical-software-p3-ev,,0
gov-medical-software-p4,gov-medical-software,Redress,Textual provision,"The post-market section says manufacturers should include complaint handling and adverse-event reporting in surveillance activities, and describes corrective actions. No general patient or user grievance route or redress procedure is located in the reviewed text; this is not proof of absence elsewhere.",Recommendation or guidance; not a new enacted obligation,"Printed page 56, §12.5.3",govsrc-b49add35547558e3,gov-medical-software-p4-ev,,0
gov-medical-software-p5,gov-medical-software,Accountability and data,Textual provision,"The guidance calls for auditable traceability of patients, professionals, facilities, AI models and clinical transactions where applicable, and describes consent-driven health-data access and privacy safeguards. These are presented as digital-health ecosystem guidance; implementation verification is not established.",Recommendation or guidance; not a new enacted obligation,"Printed page 25, §9.0",govsrc-b49add35547558e3,gov-medical-software-p5-ev,,0
gov-meghalaya-it-p1,gov-meghalaya-it,Oversight,Textual provision,"IT&C is the policy's nodal department. The senior-most Secretary oversees implementation and incentive disbursement on committee recommendations; this is programme administration, not an AI safety regulator.",Policy provisions; commencement contingent on notification,"p. 12, clause 27",govsrc-016360a029aec1ed,gov-meghalaya-it-p1-ev,,0
gov-meghalaya-it-p2,gov-meghalaya-it,Evaluation,Not established in reviewed text,Not located in reviewed text; not proof of absence,Policy provisions; commencement contingent on notification,Not established,govsrc-016360a029aec1ed,,No concrete provision established in this reviewed text; not proof of absence elsewhere,0
gov-meghalaya-it-p3,gov-meghalaya-it,Procurement,Textual provision,"The State shall endeavour to outsource government services to Meghalaya-based companies. This is an endeavour/local-services preference, not an AI-specific tender or a mandatory vendor selection.",Policy provisions; commencement contingent on notification,"p. 11, clause 25",govsrc-016360a029aec1ed,gov-meghalaya-it-p3-ev,,0
gov-meghalaya-it-p4,gov-meghalaya-it,Redress,Textual provision,"Interpretation and policy-operation disputes go to the nodal department for clarification/resolution. This is an incentive-policy dispute route, not a specified appeal against AI decisions.",Policy provisions; commencement contingent on notification,"p. 12, clause 32",govsrc-016360a029aec1ed,gov-meghalaya-it-p4-ev,,0
gov-meghalaya-it-p5,gov-meghalaya-it,Accountability and data,Textual provision,"Incentives obtained by misrepresentation can be recovered after an opportunity of hearing, with potential blacklisting/legal action. This addresses incentive applicants, not AI data-processing accountability.",Policy provisions; commencement contingent on notification,"p. 13, clause 34",govsrc-016360a029aec1ed,gov-meghalaya-it-p5-ev,,0
gov-national-strategy-p1,gov-national-strategy,Oversight,Textual provision,"The paper proposes ethics councils at COREs and ICTAIs to define standard practices and monitor their adoption. This is a recommendation, not an established oversight requirement.",Recommendation or guidance; not a new enacted obligation,"p. 93, Actions for the Government",govsrc-95273940e8153101,gov-national-strategy-p1-ev,,0
gov-national-strategy-p2,gov-national-strategy,Evaluation,Textual provision,The proposed CSTS would monitor consumer-level impacts using social indices and recommend modifications; the paper also suggests considering an AI Readiness Index. These are proposed evaluation measures.,Recommendation or guidance; not a new enacted obligation,"p. 55, Research, Centre for Studies on Technological Sustainability",govsrc-95273940e8153101,gov-national-strategy-p2-ev,,0
gov-national-strategy-p3,gov-national-strategy,Procurement,"Context / topic, not a concrete control",A deployable-model marketplace is proposed to connect solution seekers and providers. The text does not establish mandatory vendor-selection or procurement criteria; marketplace proposals are not binding selection rules.,Recommendation or guidance; not a new enacted obligation,"p. 81, Deployable Model Marketplace",govsrc-95273940e8153101,gov-national-strategy-p3-ev,,0
gov-national-strategy-p4,gov-national-strategy,Redress,Not established in reviewed text,"Not located in reviewed text; not proof of absence. The text mentions AI-enabled citizen grievance services, but no process for redress of harms caused by AI systems is established.",Recommendation or guidance; not a new enacted obligation,Not established,govsrc-95273940e8153101,,No concrete provision established in this reviewed text; not proof of absence elsewhere,0
gov-national-strategy-p5,gov-national-strategy,Accountability and data,Textual provision,"The paper recommends a data-protection framework and sectoral rules, and identifies informed consent and data-controller accountability among privacy principles. These are recommendations, not established obligations in this text.",Recommendation or guidance; not a new enacted obligation,"p. 87, Privacy and AI, Dealing with privacy issues",govsrc-95273940e8153101,gov-national-strategy-p5-ev,,0
gov-ndgf-draft-p1,gov-ndgf-draft,Oversight,Not established in reviewed text,Draft / consultation proposal: Not located in reviewed text; not proof of absence,Draft proposal; no obligation inferred,Not established,govsrc-187bfaaa93161359,,No concrete provision established in this reviewed text; not proof of absence elsewhere,0
gov-ndgf-draft-p2,gov-ndgf-draft,Evaluation,Not established in reviewed text,Draft / consultation proposal: Not located in reviewed text; not proof of absence,Draft proposal; no obligation inferred,Not established,govsrc-187bfaaa93161359,,No concrete provision established in this reviewed text; not proof of absence elsewhere,0
gov-ndgf-draft-p3,gov-ndgf-draft,Procurement,Not established in reviewed text,Draft / consultation proposal: Not located in reviewed text; not proof of absence,Draft proposal; no obligation inferred,Not established,govsrc-187bfaaa93161359,,No concrete provision established in this reviewed text; not proof of absence elsewhere,0
gov-ndgf-draft-p4,gov-ndgf-draft,Redress,Not established in reviewed text,Draft / consultation proposal: Not located in reviewed text; not proof of absence,Draft proposal; no obligation inferred,Not established,govsrc-187bfaaa93161359,,No concrete provision established in this reviewed text; not proof of absence elsewhere,0
gov-ndgf-draft-p5,gov-ndgf-draft,Accountability and data,Not established in reviewed text,Draft / consultation proposal: Not located in reviewed text; not proof of absence,Draft proposal; no obligation inferred,Not established,govsrc-187bfaaa93161359,,No concrete provision established in this reviewed text; not proof of absence elsewhere,0
gov-new-delhi-declaration-p1,gov-new-delhi-declaration,Oversight,Not established in reviewed text,Not located in reviewed text; not proof of absence.,Recommendation or guidance; not a new enacted obligation,Not established,govsrc-237de5fdfdb14826,,No concrete provision established in this reviewed text; not proof of absence elsewhere,0
gov-new-delhi-declaration-p2,gov-new-delhi-declaration,Evaluation,"Context / topic, not a concrete control",A voluntary collaborative platform is described as consolidating benchmarks and best practices; the text does not establish a required evaluation process.,Recommendation or guidance; not a new enacted obligation,Secure and Trusted AI,govsrc-237de5fdfdb14826,gov-new-delhi-declaration-p2-ev,,0
gov-new-delhi-declaration-p3,gov-new-delhi-declaration,Procurement,Not established in reviewed text,Not located in reviewed text; not proof of absence.,Recommendation or guidance; not a new enacted obligation,Not established,govsrc-237de5fdfdb14826,,No concrete provision established in this reviewed text; not proof of absence elsewhere,0
gov-new-delhi-declaration-p4,gov-new-delhi-declaration,Redress,Not established in reviewed text,Not located in reviewed text; not proof of absence.,Recommendation or guidance; not a new enacted obligation,Not established,govsrc-237de5fdfdb14826,,No concrete provision established in this reviewed text; not proof of absence elsewhere,0
gov-new-delhi-declaration-p5,gov-new-delhi-declaration,Accountability and data,Not established in reviewed text,Not located in reviewed text; not proof of absence.,Recommendation or guidance; not a new enacted obligation,Not established,govsrc-237de5fdfdb14826,,No concrete provision established in this reviewed text; not proof of absence elsewhere,0
gov-odisha-ai-p1,gov-odisha-ai,Oversight,Textual provision,"The policy establishes a two-layer Odisha AI Mission structure: an AI Taskforce for strategic direction and an AI Cell under OCAC for implementation. The Taskforce is chaired by the Principal Secretary, E&IT Department; the text also calls for a dedicated monitoring body for ethical AI, without specifying its composition.",Administrative or policy commitment; not proof of activity or outcomes,"Printed p. 17, §6 Convergence",govsrc-8b8c4d1f5fe82b42,gov-odisha-ai-p1-ev,,0
gov-odisha-ai-p2,gov-odisha-ai,Evaluation,Textual provision,"The Taskforce is to track AI Cell initiatives through KPIs, and the phased approach calls for a monitoring and evaluation framework, progress tracking, and reporting. The policy also proposes a centralized performance dashboard for outcome measurement.",Administrative or policy commitment; not proof of activity or outcomes,"Printed p. 17, §6.1 Mandate of the AI Taskforce",govsrc-8b8c4d1f5fe82b42,gov-odisha-ai-p2-ev,,0
gov-odisha-ai-p3,gov-odisha-ai,Procurement,Textual provision,"The phased implementation plan includes developing solution designs and issuing RFPs for vendor onboarding. The reviewed text does not establish vendor-selection criteria or a general mandatory procurement framework; the RFP provision is a planned implementation activity, not a rule selecting vendors.",Administrative or policy commitment; not proof of activity or outcomes,"Printed p. 19, §6.2.1 Phase 1: Get Ready",govsrc-8b8c4d1f5fe82b42,gov-odisha-ai-p3-ev,,0
gov-odisha-ai-p4,gov-odisha-ai,Redress,Not established in reviewed text,Not located in reviewed text; not proof of absence.,Administrative or policy commitment; not proof of activity or outcomes,Not established,govsrc-8b8c4d1f5fe82b42,,No concrete provision established in this reviewed text; not proof of absence elsewhere,0
gov-odisha-ai-p5,gov-odisha-ai,Accountability and data,Textual provision,"The policy calls for data-governance standards and procedures, alignment with national data frameworks and the DPDP Act, and mandatory certification for developers and companies. It also assigns the AI Cell regular reviews of AI models for bias and privacy-law compliance and calls for traceability and transparency of AI-generated outputs.",Administrative or policy commitment; not proof of activity or outcomes,"Printed p. 14, §10 Data Governance",govsrc-8b8c4d1f5fe82b42,gov-odisha-ai-p5-ev,,0
gov-rai-operational-p1,gov-rai-operational,Oversight,Textual provision,"Proposes an independent, multidisciplinary Council for Ethics and Technology to advise government, support coordination with sectoral regulators and develop model guidance. This is a proposal in the document; its establishment is not verified.",Recommendation or guidance; not a new enacted obligation,"§3.48, printed p. 21",govsrc-4729aee562e871c9,gov-rai-operational-p1-ev,,0
gov-rai-operational-p2,gov-rai-operational,Evaluation,Textual provision,"Recommends assessing the sociotechnical system, including direct and indirect impacts, and identifies sandboxing and controlled deployments as ways to examine uncertain risks. These are proposed approaches, not verified implementation requirements.",Recommendation or guidance; not a new enacted obligation,"§3.8, printed p. 13",govsrc-4729aee562e871c9,gov-rai-operational-p2-ev,,0
gov-rai-operational-p3,gov-rai-operational,Procurement,Textual provision,Recommends institutionalizing responsible AI practices in public-sector procurement and developing model procurement mechanisms and documents. The text makes recommendations; it does not establish an operative procurement mandate.,Recommendation or guidance; not a new enacted obligation,"§4.1.7, printed p. 27",govsrc-4729aee562e871c9,gov-rai-operational-p3-ev,,0
gov-rai-operational-p4,gov-rai-operational,Redress,Textual provision,"The document says supporting structures for grievance redressal may be needed for self-regulation to work, and recommends informing stakeholders about grievance mechanisms. It does not set out a specific redress procedure.",Recommendation or guidance; not a new enacted obligation,"§3.9, printed p. 13",govsrc-4729aee562e871c9,gov-rai-operational-p4-ev,,0
gov-rai-operational-p5,gov-rai-operational,Accountability and data,Textual provision,"Identifies data ownership, informed consent, confidentiality and security as matters relevant to identifying liability, and recommends addressing liability in procurement documents. These are proposed research and policy considerations, not established obligations.",Recommendation or guidance; not a new enacted obligation,"§3.23, printed p. 16",govsrc-4729aee562e871c9,gov-rai-operational-p5-ev,,0
gov-rai-principles-p1,gov-rai-principles,Oversight,Textual provision,"The self-assessment guide suggests review by an ethical committee before deployment and ongoing monitoring. These are guide recommendations, not established mandatory oversight requirements.",Recommendation or guidance; not a new enacted obligation,"Appendix 1, printed p. 49",govsrc-6c52dcc0115a1b5a,gov-rai-principles-p1-ev,,0
gov-rai-principles-p2,gov-rai-principles,Evaluation,Textual provision,The self-assessment guide suggests evaluating bias by documenting error rates across sub-populations and testing difficult cases against stated fairness goals. These are recommendations in the guide.,Recommendation or guidance; not a new enacted obligation,"Appendix 1, printed p. 48",govsrc-6c52dcc0115a1b5a,gov-rai-principles-p2-ev,,0
gov-rai-principles-p3,gov-rai-principles,Procurement,Textual provision,The guide suggests recording use-case fairness goals in procurement documents. It also suggests specifying vendor roles and responsibilities; the text does not establish mandatory vendor-selection criteria.,Recommendation or guidance; not a new enacted obligation,"Appendix 1, printed p. 46",govsrc-6c52dcc0115a1b5a,gov-rai-principles-p3-ev,,0
gov-rai-principles-p4,gov-rai-principles,Redress,Textual provision,A recommended principle calls for accessible and affordable grievance redress where an adverse decision occurs. This is not evidence of a universally established or implemented grievance process.,Recommendation or guidance; not a new enacted obligation,"Principle 3, printed p. 41",govsrc-6c52dcc0115a1b5a,gov-rai-principles-p4-ev,,0
gov-rai-principles-p5,gov-rai-principles,Accountability and data,Textual provision,"The principles recommend stakeholder responsibility, risk and impact assessments, auditing and grievance mechanisms. They also recommend privacy and security safeguards for data used in training, including limiting access to authorised parties; these are recommendations, not verified implementation requirements.",Recommendation or guidance; not a new enacted obligation,"Principle 6, printed p. 41",govsrc-6c52dcc0115a1b5a,gov-rai-principles-p5-ev,,0
gov-rajasthan-ai-p1,gov-rajasthan-ai,Oversight,Textual provision,DoIT&C is the administrative department. The policy provides for approval and evaluation committees and departmental AI Nodal Officers to coordinate and oversee initiatives.,Policy text; operative notification and enforcement not independently established,Section 10.1; printed page not established,govsrc-7d5c821cbd4d99a0,gov-rajasthan-ai-p1-ev,,0
gov-rajasthan-ai-p2,gov-rajasthan-ai,Evaluation,Textual provision,"Government AI deployments are to receive periodic performance reviews, bias assessments, and risk audits. The policy also calls for a risk-classification framework and pre-deployment impact assessments for critical AI systems.",Policy text; operative notification and enforcement not independently established,"Printed p. 22, section 7.1; image checked",govsrc-7d5c821cbd4d99a0,gov-rajasthan-ai-p2-ev,,0
gov-rajasthan-ai-p3,gov-rajasthan-ai,Procurement,Textual provision,"Government AI procurement is to follow CERT-In AIBOM guidance, covering system components such as hardware, datasets, software frameworks, and models. This provision does not establish mandatory vendor selection criteria.",Policy text; operative notification and enforcement not independently established,"Printed p. 22, section 7.1; image checked",govsrc-7d5c821cbd4d99a0,gov-rajasthan-ai-p3-ev,,0
gov-rajasthan-ai-p4,gov-rajasthan-ai,Redress,Textual provision,"For governance deployments, the State identifies Rajasthan Sampark and reporting dashboards for monitoring, with escalation procedures for harmful, unintended, or discriminatory outcomes. A separate appeal is available against Project Approval Committee orders, to be filed within 30 days.",Policy text; operative notification and enforcement not independently established,"Printed pp. 22–23, section 7.1; not the incentive-order appeal",govsrc-7d5c821cbd4d99a0,gov-rajasthan-ai-p4-ev,,0
gov-rajasthan-ai-p5,gov-rajasthan-ai,Accountability and data,Textual provision,"The policy requires meaningful information about AI systems and an accountability structure for decisions. It also specifies informed consent, purpose limitation, data minimization, and anonymization or pseudonymization for public datasets.",Policy text; operative notification and enforcement not independently established,"Printed p. 13, section 3.2(d); image checked",govsrc-7d5c821cbd4d99a0,gov-rajasthan-ai-p5-ev,,0
gov-rbi-freeai-p1,gov-rbi-freeai,Oversight,Textual provision,"The Committee recommends that regulated entities adopt a board-approved AI policy, classify AI use cases by risk, and assign governance and risk oversight responsibilities. These are recommendations in the report, not established binding requirements.",Recommendation or guidance; not a new enacted obligation,"p. 55, § 4.4.46, Recommendation 14",govsrc-e37354c90e076f28,gov-rbi-freeai-p1-ev,,0
gov-rbi-freeai-p2,gov-rbi-freeai,Evaluation,Textual provision,"The Committee recommends AI-specific evaluations within product approval processes and risk-based audits across data inputs, models, and outputs. It also recommends lifecycle red teaming and ongoing monitoring; the report does not establish that these practices have been implemented.",Recommendation or guidance; not a new enacted obligation,"p. 65, § 4.4.75, Recommendation 24",govsrc-e37354c90e076f28,gov-rbi-freeai-p2-ev,,0
gov-rbi-freeai-p3,gov-rbi-freeai,Procurement,Textual provision,The report discusses third-party AI dependencies and recommends addressing AI-specific risks and disclosure of vendor or subcontractor AI use in relevant outsourcing agreements. It does not set out a vendor-selection or procurement mandate; the suggested contract changes in Annexure IV are proposals.,Recommendation or guidance; not a new enacted obligation,"p. 80, Annexure IV, item 1",govsrc-e37354c90e076f28,gov-rbi-freeai-p3-ev,,0
gov-rbi-freeai-p4,gov-rbi-freeai,Redress,Textual provision,"The Committee recommends informing customers when they interact with AI, offering access to human representatives, and providing accessible grievance and recourse mechanisms for AI interactions or decisions. These are report recommendations, not evidence of an enacted redress rule.",Recommendation or guidance; not a new enacted obligation,"p. 58, § 4.4.54",govsrc-e37354c90e076f28,gov-rbi-freeai-p4-ev,,0
gov-rbi-freeai-p5,gov-rbi-freeai,Accountability and data,Textual provision,"The report says deploying entities should remain accountable for AI outcomes and recommends data-lifecycle governance covering collection, access, use, retention, and deletion. These statements are part of the Committee's principles and recommendations, not a verified adopted obligation.",Recommendation or guidance; not a new enacted obligation,"p. 37, § 4.3, Sutra 5; data governance recommendation at p. 56, § 4.4.47",govsrc-e37354c90e076f28,gov-rbi-freeai-p5-ev,,0
gov-rbi-model-risk-draft-p1,gov-rbi-model-risk-draft,Oversight,Textual provision,"Draft / consultation proposal: Draft principle: the Board should oversee the model risk management framework (MRMF), including its approval and review, risk appetite and policies. The Risk Management Committee of the Board (RMCB) should oversee implementation and specified higher-risk model decisions.",Draft proposal; no obligation inferred,"p. 6, §11",govsrc-0ecb5371c65f2c8f,gov-rbi-model-risk-draft-p1-ev,,0
gov-rbi-model-risk-draft-p2,gov-rbi-model-risk-draft,Evaluation,Textual provision,"Draft / consultation proposal: Draft principles call for independent validation of all models before and after deployment, following modification, on triggers and periodically. Validation is to assess inputs, soundness, performance and alignment with intended use; ongoing performance testing is also addressed.",Draft proposal; no obligation inferred,"p. 10, §29; ongoing testing: p. 8, §16",govsrc-0ecb5371c65f2c8f,gov-rbi-model-risk-draft-p2-ev,,0
gov-rbi-model-risk-draft-p3,gov-rbi-model-risk-draft,Procurement,Textual provision,"Draft / consultation proposal: Draft principles say an RE should conduct due diligence before acquiring or using a third-party model, including on provider credibility, methodological soundness, limitations and data quality. They also describe contractual documentation, audit-right and continuity/exit provisions; the text does not establish a mandatory vendor-selection regime.",Draft proposal; no obligation inferred,"p. 12, §47; contractual terms: p. 12, §48",govsrc-0ecb5371c65f2c8f,gov-rbi-model-risk-draft-p3-ev,,0
gov-rbi-model-risk-draft-p4,gov-rbi-model-risk-draft,Redress,Textual provision,Draft / consultation proposal: The draft says an RE should not use a model that harms consumers and that its grievance redressal mechanism should address grievances arising from consumer-facing models. This does not establish any additional generic grievance pathway.,Draft proposal; no obligation inferred,"p. 9, §25",govsrc-0ecb5371c65f2c8f,gov-rbi-model-risk-draft-p4-ev,,0
gov-rbi-model-risk-draft-p5,gov-rbi-model-risk-draft,Accountability and data,Textual provision,"Draft / consultation proposal: The draft states that an RE is accountable for outcomes of all models it uses, including third-party models. It also says development data, whether empirical or synthetic, should follow the RE’s data-governance processes; these are draft principles, not verified final obligations.",Draft proposal; no obligation inferred,"p. 6, §8; data governance: p. 10, §28",govsrc-0ecb5371c65f2c8f,gov-rbi-model-risk-draft-p5-ev,,0
gov-sebi-consultation-p1,gov-sebi-consultation,Oversight,Textual provision,"Draft / consultation proposal: The proposal describes an internal team with relevant skills to monitor models through their lifecycle and calls for designated senior management oversight. It also proposes risk controls, exception handling, fallback plans, and independent audits.",Draft proposal; no obligation inferred,"Printed p. 8, §5.1(d)",govsrc-b87b4f0e52af1384,gov-sebi-consultation-p1-ev,,0
gov-sebi-consultation-p2,gov-sebi-consultation,Evaluation,Textual provision,"Draft / consultation proposal: The proposal calls for continuous testing and monitoring, pre-deployment testing in an environment segregated from live operations, and shadow testing with live traffic before production deployment. It also proposes retaining model documentation and input and output data for at least five years.",Draft proposal; no obligation inferred,"Printed p. 10, §5.3(c)",govsrc-b87b4f0e52af1384,gov-sebi-consultation-p2-ev,,0
gov-sebi-consultation-p3,gov-sebi-consultation,Procurement,Textual provision,"Draft / consultation proposal: The proposal addresses oversight of third-party AI/ML vendors, including monitoring their performance and using contracts or service-level agreements that clarify outsourced functions and remedies. It states that vendor-provided AI/ML services are deemed provided by market participants, but this is proposed text in a consultation paper, not an established duty here.",Draft proposal; no obligation inferred,"Printed p. 9, §5.1(e)",govsrc-b87b4f0e52af1384,gov-sebi-consultation-p3-ev,,0
gov-sebi-consultation-p4,gov-sebi-consultation,Redress,Textual provision,Draft / consultation proposal: The proposal says the investor grievance mechanism for AI/ML systems is to be in line with SEBI’s existing regulatory framework. The reviewed text does not specify a separate AI/ML grievance route.,Draft proposal; no obligation inferred,"Printed p. 10, §5.2(d)",govsrc-b87b4f0e52af1384,gov-sebi-consultation-p4-ev,,0
gov-sebi-consultation-p5,gov-sebi-consultation,Accountability and data,Textual provision,"Draft / consultation proposal: The proposal addresses model documentation, auditability, logs, periodic accuracy reporting to SEBI, and data governance, including ownership, access controls, encryption, and recording requests to unmask data. It also proposes data privacy and cybersecurity policies and compliance with applicable laws.",Draft proposal; no obligation inferred,"Printed pp. 8–9, §5.1(g)",govsrc-b87b4f0e52af1384,gov-sebi-consultation-p5-ev,,0
gov-sebi-cyber-advisory-p1,gov-sebi-cyber-advisory,Oversight,Textual provision,"A task force comprising market infrastructure institutions, QRTAs, QREs and other stakeholders is constituted to coordinate cybersecurity risk mitigation and information sharing. MIIs and other regulated entities are directed to seek guidance from their IT committees on risks from AI-led vulnerability detection models.",Regulatory circular wording distinguished from recommendations; addressee-specific implementation not verified,"Annexure-A, p. 7, §10",govsrc-be55e7913d18ad46,gov-sebi-cyber-advisory-p1-ev,,0
gov-sebi-cyber-advisory-p2,gov-sebi-cyber-advisory,Evaluation,Textual provision,"The advisory calls for regular or continuous vulnerability assessment and security audits. It also says risk assessment should include comprehensive scenario-based testing, with AI-model capabilities considered as a possible risk scenario.",Regulatory circular wording distinguished from recommendations; addressee-specific implementation not verified,"Annexure-A, p. 6, §7",govsrc-be55e7913d18ad46,gov-sebi-cyber-advisory-p2-ev,,0
gov-sebi-cyber-advisory-p3,gov-sebi-cyber-advisory,Procurement,Not established in reviewed text,"Not located in reviewed text; the vendor provisions concern risk assessment and safeguards, not procurement selection. This is not proof of absence.",Regulatory circular wording distinguished from recommendations; addressee-specific implementation not verified,Not established,govsrc-be55e7913d18ad46,,No concrete provision established in this reviewed text; not proof of absence elsewhere,0
gov-sebi-cyber-advisory-p4,gov-sebi-cyber-advisory,Redress,Not established in reviewed text,Not located in reviewed text; no grievance or redress process is specified. This is not proof of absence.,Regulatory circular wording distinguished from recommendations; addressee-specific implementation not verified,Not established,govsrc-be55e7913d18ad46,,No concrete provision established in this reviewed text; not proof of absence elsewhere,0
gov-sebi-cyber-advisory-p5,gov-sebi-cyber-advisory,Accountability and data,Textual provision,"The circular identifies data confidentiality as a concern. Annexure-A says system changes should be documented, reviewed, tested and securely deployed, and says vendors shall implement appropriate safeguards; it does not establish a separate data-handling or accountability framework.",Regulatory circular wording distinguished from recommendations; addressee-specific implementation not verified,"Annexure-A, p. 5, §3",govsrc-be55e7913d18ad46,gov-sebi-cyber-advisory-p5-ev,,0
gov-sebi-funds-p1,gov-sebi-funds,Oversight,Textual provision,"Registered mutual funds using covered AI/ML systems must submit the reporting form to AMFI quarterly within 15 calendar days after each quarter. AMFI must consolidate the reports and submit them to SEBI within 30 calendar days after the quarter, while maintaining confidentiality.","Enacted text; scope, amendments and commencement require checking","Page 2, paragraph 7; confidentiality requirement at page 3, paragraph 8",govsrc-5eba31f239b24919,gov-sebi-funds-p1-ev,,0
gov-sebi-funds-p2,gov-sebi-funds,Evaluation,Textual provision,"The reporting form asks whether the AI/ML system is within the scope of a system audit, if applicable, and whether the audit contains adverse comments. These are reporting questions; the text does not establish a separate evaluation standard or audit methodology.","Enacted text; scope, amendments and commencement require checking","Page 5, Annexure A, item 13",govsrc-5eba31f239b24919,gov-sebi-funds-p2-ev,,0
gov-sebi-funds-p3,gov-sebi-funds,Procurement,"Context / topic, not a concrete control","The reporting form records whether a project was implemented internally, through a solution provider, or jointly with a provider or third party. No vendor-selection criteria or procurement preference is established in the text.","Enacted text; scope, amendments and commencement require checking","Page 4, Annexure A, item 9",govsrc-5eba31f239b24919,gov-sebi-funds-p3-ev,,0
gov-sebi-funds-p4,gov-sebi-funds,Redress,Not established in reviewed text,Not located in reviewed text; not proof of absence.,"Enacted text; scope, amendments and commencement require checking",Not established,govsrc-5eba31f239b24919,,No concrete provision established in this reviewed text; not proof of absence elsewhere,0
gov-sebi-funds-p5,gov-sebi-funds,Accountability and data,Textual provision,"The circular says advertised financial benefits from these technologies should not constitute misrepresentation. Its reporting form asks what claims have been made, and AMFI must maintain the confidentiality of information received from mutual funds.","Enacted text; scope, amendments and commencement require checking","Page 3, paragraph 8; claims field at page 4, Annexure A, item 7.d; misrepresentation statement at page 1, paragraph 2",govsrc-5eba31f239b24919,gov-sebi-funds-p5-ev,,0
gov-sebi-reporting-p1,gov-sebi-reporting,Oversight,Textual provision,"Stock exchanges and depositories must compile intermediaries’ reports and submit consolidated quarterly reports to SEBI. They must also amend relevant rules, notify members or participants, and report implementation status to SEBI.","Enacted text; scope, amendments and commencement require checking","Page 2, paragraph 7",govsrc-da3af52f5aa2daea,gov-sebi-reporting-p1-ev,,0
gov-sebi-reporting-p2,gov-sebi-reporting,Evaluation,Textual provision,"The reporting form asks for a system description, safeguards against abnormal behavior, cyber-control information, and whether the system is included in a system audit. These are reporting fields; the text does not establish a separate substantive evaluation standard.","Enacted text; scope, amendments and commencement require checking","Page 4, Annexure A, item 13",govsrc-da3af52f5aa2daea,gov-sebi-reporting-p2-ev,,0
gov-sebi-reporting-p3,gov-sebi-reporting,Procurement,"Context / topic, not a concrete control","The form records whether implementation was internal, through a solution provider, or jointly with a provider or third party. No vendor-selection or procurement requirement is established.","Enacted text; scope, amendments and commencement require checking","Page 4, Annexure A, item 9",govsrc-da3af52f5aa2daea,gov-sebi-reporting-p3-ev,,0
gov-sebi-reporting-p4,gov-sebi-reporting,Redress,Not established in reviewed text,Not located in reviewed text; not proof of absence.,"Enacted text; scope, amendments and commencement require checking",Not established,govsrc-da3af52f5aa2daea,,No concrete provision established in this reviewed text; not proof of absence elsewhere,0
gov-sebi-reporting-p5,gov-sebi-reporting,Accountability and data,Textual provision,Registered stock brokers and depository participants using covered AI/ML systems must submit the reporting form quarterly within 15 calendar days after each quarter ends. The form collects entity and system details and information about system use.,"Enacted text; scope, amendments and commencement require checking","Page 2, paragraph 6",govsrc-da3af52f5aa2daea,gov-sebi-reporting-p5-ev,,0
gov-sebi-responsibility-p1,gov-sebi-responsibility,Oversight,Textual provision,"SEBI may take action for a violation of regulation 16C(1), including action under Chapter V. No ongoing review, audit, or supervisory process is specified in this provision.","Enacted text; scope, amendments and commencement require checking","Gazette p. 4, regulation 16C(2)",govsrc-a44e74c889ae10eb,gov-sebi-responsibility-p1-ev,,0
gov-sebi-responsibility-p2,gov-sebi-responsibility,Evaluation,Not established in reviewed text,Not located in reviewed text; not proof of absence,"Enacted text; scope, amendments and commencement require checking",Not established,govsrc-a44e74c889ae10eb,,No concrete provision established in this reviewed text; not proof of absence elsewhere,0
gov-sebi-responsibility-p3,gov-sebi-responsibility,Procurement,"Context / topic, not a concrete control",The provision covers AI/ML tools developed by the regulated person or procured from third-party technology service providers. It does not specify vendor-selection criteria or procurement controls.,"Enacted text; scope, amendments and commencement require checking","Gazette p. 4, regulation 16C(1)",govsrc-a44e74c889ae10eb,gov-sebi-responsibility-p3-ev,,0
gov-sebi-responsibility-p4,gov-sebi-responsibility,Redress,Not established in reviewed text,Not located in reviewed text; not proof of absence,"Enacted text; scope, amendments and commencement require checking",Not established,govsrc-a44e74c889ae10eb,,No concrete provision established in this reviewed text; not proof of absence elsewhere,0
gov-sebi-responsibility-p5,gov-sebi-responsibility,Accountability and data,Textual provision,"The regulated person alone is responsible for the privacy, security, and integrity of investor and stakeholder data, including data held in a fiduciary capacity, as well as tool outputs relied upon and compliance with applicable law.","Enacted text; scope, amendments and commencement require checking","Gazette p. 4, regulation 16C(1)(a)",govsrc-a44e74c889ae10eb,gov-sebi-responsibility-p5-ev,,0
gov-sgi-amendment-p1,gov-sgi-amendment,Oversight,Textual provision,"For specified notices, an officer must be authorised by written order. Where police administration issues an intimation, each authorised officer must be at least Deputy Inspector General of Police and specially authorised by the Appropriate Government; no independent oversight body is established here.","Enacted text; scope, amendments and commencement require checking","Printed p. 11, rule 3(1)(d)(ii)(I)",govsrc-27da8308446e4d2c,gov-sgi-amendment-p1-ev,,0
gov-sgi-amendment-p2,gov-sgi-amendment,Evaluation,Textual provision,"A significant social media intermediary must, before displaying, uploading, or publishing information, require a user declaration on whether it is synthetically generated and use appropriate technical measures to verify the declaration, considering the information’s nature, format, and source.","Enacted text; scope, amendments and commencement require checking","Printed p. 13, rule 4(1A)(b)",govsrc-27da8308446e4d2c,gov-sgi-amendment-p2-ev,,0
gov-sgi-amendment-p3,gov-sgi-amendment,Procurement,Not established in reviewed text,Not located in reviewed text; not proof of absence.,"Enacted text; scope, amendments and commencement require checking",Not established,govsrc-27da8308446e4d2c,,No concrete provision established in this reviewed text; not proof of absence elsewhere,0
gov-sgi-amendment-p4,gov-sgi-amendment,Redress,Textual provision,"A violation may lead to disclosure, in accordance with applicable law, of the violating user’s identity to a complainant who is a victim or acts on a victim’s behalf. The text also provides for expeditious and appropriate intermediary action when specified violations come to its attention, including through a complaint.","Enacted text; scope, amendments and commencement require checking","Printed p. 10, rule 3(1)(ca)(ii)(III)",govsrc-27da8308446e4d2c,gov-sgi-amendment-p4-ev,,0
gov-sgi-amendment-p5,gov-sgi-amendment,Accountability and data,Textual provision,"Intermediaries must prominently label covered synthetic information and, to the extent technically feasible, embed permanent metadata or another provenance mechanism, including a unique identifier that can identify the intermediary’s computer resource used to create or alter it. They must not enable modification, suppression, or removal of the label or metadata.","Enacted text; scope, amendments and commencement require checking","Printed p. 12, rule 3(3)(a)(ii)",govsrc-27da8308446e4d2c,gov-sgi-amendment-p5-ev,,0
gov-sgi-correction-p1,gov-sgi-correction,Oversight,Not established in reviewed text,Not located in reviewed text; not proof of absence.,"Enacted text; scope, amendments and commencement require checking",Not established,govsrc-2166ba1dbb677a10,,No concrete provision established in this reviewed text; not proof of absence elsewhere,0
gov-sgi-correction-p2,gov-sgi-correction,Evaluation,Not established in reviewed text,Not located in reviewed text; not proof of absence.,"Enacted text; scope, amendments and commencement require checking",Not established,govsrc-2166ba1dbb677a10,,No concrete provision established in this reviewed text; not proof of absence elsewhere,0
gov-sgi-correction-p3,gov-sgi-correction,Procurement,Not established in reviewed text,Not located in reviewed text; not proof of absence.,"Enacted text; scope, amendments and commencement require checking",Not established,govsrc-2166ba1dbb677a10,,No concrete provision established in this reviewed text; not proof of absence elsewhere,0
gov-sgi-correction-p4,gov-sgi-correction,Redress,Not established in reviewed text,Not located in reviewed text; not proof of absence.,"Enacted text; scope, amendments and commencement require checking",Not established,govsrc-2166ba1dbb677a10,,No concrete provision established in this reviewed text; not proof of absence elsewhere,0
gov-sgi-correction-p5,gov-sgi-correction,Accountability and data,Not established in reviewed text,Not located in reviewed text; not proof of absence.,"Enacted text; scope, amendments and commencement require checking",Not established,govsrc-2166ba1dbb677a10,,No concrete provision established in this reviewed text; not proof of absence elsewhere,0
gov-sgi-draft-p1,gov-sgi-draft,Oversight,Not established in reviewed text,Draft / consultation proposal: Not located in reviewed text; not proof of absence.,Historical text; not used to infer current duties,Not established,govsrc-3ec6155eb48cd541,,No concrete provision established in this reviewed text; not proof of absence elsewhere,0
gov-sgi-draft-p2,gov-sgi-draft,Evaluation,Textual provision,"Draft / consultation proposal: For significant social media intermediaries, the draft requires reasonable and appropriate technical measures to verify users’ declarations, having regard to the information’s nature, format, and source. No broader evaluation framework is located.",Historical text; not used to infer current duties,Draft rule 4(1A)(b),govsrc-3ec6155eb48cd541,gov-sgi-draft-p2-ev,,0
gov-sgi-draft-p3,gov-sgi-draft,Procurement,Not established in reviewed text,Draft / consultation proposal: Not located in reviewed text; not proof of absence.,Historical text; not used to infer current duties,Not established,govsrc-3ec6155eb48cd541,,No concrete provision established in this reviewed text; not proof of absence elsewhere,0
gov-sgi-draft-p4,gov-sgi-draft,Redress,Textual provision,Draft / consultation proposal: The draft refers to grievances received under rule 3(2) when describing removal or disabling access to information. It does not set out a grievance process or remedy in this amendment text.,Historical text; not used to infer current duties,"Draft rule 3(1)(b), inserted proviso",govsrc-3ec6155eb48cd541,gov-sgi-draft-p4-ev,,0
gov-sgi-draft-p5,gov-sgi-draft,Accountability and data,Textual provision,"Draft / consultation proposal: The draft requires prominent labels or permanent unique metadata or identifiers on covered synthetically generated information and bars intermediaries from enabling their modification, suppression, or removal. For significant social media intermediaries, it also deems due diligence failed in specified cases of knowingly permitting, promoting, or failing to act on non-compliant information.",Historical text; not used to infer current duties,Draft rule 3(3)(b),govsrc-3ec6155eb48cd541,gov-sgi-draft-p5-ev,,0
gov-sikkim-draft-p1,gov-sikkim-draft,Oversight,Textual provision,"Draft / consultation proposal: The policy proposes an AI Centre of Excellence with powers to evaluate use cases, audit systems, conduct risk assessments, and stop or suspend high-risk projects. It also calls for an AI Ethics Committee to develop advisory guidance.",Draft proposal; no obligation inferred,"Printed p. 18, Core Principles—AI COE governance powers",govsrc-9801a4d0c997ad7e,gov-sikkim-draft-p1-ev,,0
gov-sikkim-draft-p2,gov-sikkim-draft,Evaluation,Textual provision,"Draft / consultation proposal: The policy calls for bias assessments, testing, validation, and monitoring, and gives the AI COE a role in conducting risk assessments and auditing systems. It does not specify a single evaluation procedure or schedule.",Draft proposal; no obligation inferred,"Printed p. 14, Core Principles—Fairness & Non-discrimination",govsrc-9801a4d0c997ad7e,gov-sikkim-draft-p2-ev,,0
gov-sikkim-draft-p3,gov-sikkim-draft,Procurement,Textual provision,"Draft / consultation proposal: The government says it will adopt recommended AI procurement guidelines in consultation with the Ethics Working Committee. Explainability and interpretability are offered as possible considerations, not mandatory vendor-selection requirements.",Draft proposal; no obligation inferred,"Printed p. 23, Key Pillars—Governance, Ethics and Privacy",govsrc-9801a4d0c997ad7e,gov-sikkim-draft-p3-ev,,0
gov-sikkim-draft-p4,gov-sikkim-draft,Redress,Textual provision,"Draft / consultation proposal: The core principles call for mechanisms for redress, but the reviewed text does not establish a specific complaint process, forum, or remedy.",Draft proposal; no obligation inferred,"Printed p. 14, Core Principles—Accountability",govsrc-9801a4d0c997ad7e,gov-sikkim-draft-p4-ev,,0
gov-sikkim-draft-p5,gov-sikkim-draft,Accountability and data,Textual provision,"Draft / consultation proposal: The policy calls for assigning responsibility for each AI system and defining data ownership, source, and use in training or validation. It also calls for lawful collection, secure storage, limited retention, and role-based access.",Draft proposal; no obligation inferred,"Printed p. 27, Data Handling and Privacy",govsrc-9801a4d0c997ad7e,gov-sikkim-draft-p5-ev,,0
gov-supreme-court-draft-p1,gov-supreme-court-draft,Oversight,Textual provision,"Draft / consultation proposal: The draft assigns approval and oversight roles to the Apex Body and court AI Committees, and requires court AI registers, incident databases, and periodic audits. It also provides for review of systems already in use.",Draft proposal; no obligation inferred,"Printed p. 21, Regulation 38(1)",govsrc-c51b075e014bf8e7,gov-supreme-court-draft-p1-ev,,0
gov-supreme-court-draft-p2,gov-supreme-court-draft,Evaluation,Textual provision,"Draft / consultation proposal: Before approving an AI system, the Appropriate Authority would require a Technical and Ethical Impact Assessment covering matters including purpose, data, bias, error, security, explainability, and redress. The Authority may also direct controlled-environment testing before deployment.",Draft proposal; no obligation inferred,"Printed p. 20, Regulation 35(1)",govsrc-c51b075e014bf8e7,gov-supreme-court-draft-p2-ev,,0
gov-supreme-court-draft-p3,gov-supreme-court-draft,Procurement,Textual provision,"Draft / consultation proposal: The draft would require prior written approval before private entities provide services connected with court AI systems, with proposals evaluated for technical capability, legal compliance, ethics, security, and financial standing. It also specifies contractual safeguards, audit rights, and reporting obligations.",Draft proposal; no obligation inferred,"Printed p. 24, Regulation 46(1)",govsrc-c51b075e014bf8e7,gov-supreme-court-draft-p3-ev,,0
gov-supreme-court-draft-p4,gov-supreme-court-draft,Redress,Textual provision,"Draft / consultation proposal: A party harmed by a prohibited AI use could apply to the court where the system was used, which would hear the matter and pass appropriate orders. The draft preserves other remedies available under law; it does not establish a general grievance route for every AI-related harm.",Draft proposal; no obligation inferred,"Printed p. 28, Regulation 52(1)",govsrc-c51b075e014bf8e7,gov-supreme-court-draft-p4-ev,,0
gov-supreme-court-draft-p5,gov-supreme-court-draft,Accountability and data,Textual provision,"Draft / consultation proposal: The draft places responsibility for AI-assisted decisions on the responsible officer and treats AI outputs as advisory, subject to verification with stated exceptions. It also requires data-protection safeguards, heightened protection for sensitive judicial data, and recording and reporting of AI incidents.",Draft proposal; no obligation inferred,"Printed p. 8, Regulation 8(1); data provisions at Regulations 10 and 48",govsrc-c51b075e014bf8e7,gov-supreme-court-draft-p5-ev,,0
gov-telangana-strategy-p1,gov-telangana-strategy,Oversight,Textual provision,"The strategy proposes a Telangana AI Advisory Council for strategic guidance, supported by implementation wings. It says government departments will appoint AI nodal officers; these are stated plans, not established statutory duties.",Strategy commitment; no statutory obligation inferred,"p. 13, AI Direction Setting",govsrc-1fa3861a01ecd072,gov-telangana-strategy-p1-ev,,0
gov-telangana-strategy-p2,gov-telangana-strategy,Evaluation,Textual provision,"The strategy describes baseline and end-line assessments to measure the productivity impact of training government officials. It also proposes pilots to assess solutions before scaling them, but the text does not verify that these evaluations occurred.",Strategy commitment; no statutory obligation inferred,"p. 19, AI for Efficiency",govsrc-1fa3861a01ecd072,gov-telangana-strategy-p2-ev,,0
gov-telangana-strategy-p3,gov-telangana-strategy,Procurement,Textual provision,"The proposed PoC-to-scale process would move solutions that prove effective in pilots to full-scale products through RFPs. This is a planned pathway, not a binding vendor-selection rule.",Strategy commitment; no statutory obligation inferred,"p. 18, Fig. (6), PoC to Scale Journey",govsrc-1fa3861a01ecd072,gov-telangana-strategy-p3-ev,,0
gov-telangana-strategy-p4,gov-telangana-strategy,Redress,"Context / topic, not a concrete control","The strategy identifies AI-enhanced T-App services and grievance redressal as a potential use case. It does not specify a redress procedure, channel, or enforceable remedy.",Strategy commitment; no statutory obligation inferred,"p. 17, Fig. (5), AI-powered e-Gov use-cases",govsrc-1fa3861a01ecd072,gov-telangana-strategy-p4-ev,,0
gov-telangana-strategy-p5,gov-telangana-strategy,Accountability and data,Textual provision,"The strategy proposes tracking dataset use in AI model development and publishing dashboards about impact. It also describes data-sharing safeguards and responsible-AI guidance, but these are planned measures and the text does not verify implementation.",Strategy commitment; no statutory obligation inferred,"p. 23, TGDex: Telangana Data Exchange",govsrc-1fa3861a01ecd072,gov-telangana-strategy-p5-ev,,0
gov-telemedicine-p1,gov-telemedicine,Oversight,Textual provision,"The Board of Governors may issue directions, advisories, and clarifications and modify the drug lists. Amendments to the guidelines require prior Central Government approval.",Professional guidance text; current enforcement and later changes not audited,"p. 34, §6.2",govsrc-4eeff4dfc7498bf6,gov-telemedicine-p1-ev,,0
gov-telemedicine-p2,gov-telemedicine,Evaluation,Textual provision,"RMPs are to judge whether telemedicine is appropriate, gather sufficient patient information, and refer for in-person examination when needed. A program-level evaluation or monitoring framework is not located in the reviewed text; this is not proof of absence.",Professional guidance text; current enforcement and later changes not audited,"p. 16, §3.1.1",govsrc-4eeff4dfc7498bf6,gov-telemedicine-p2-ev,,0
gov-telemedicine-p3,gov-telemedicine,Procurement,Not established in reviewed text,Not located in reviewed text; not proof of absence.,Professional guidance text; current enforcement and later changes not audited,Not established,govsrc-4eeff4dfc7498bf6,,No concrete provision established in this reviewed text; not proof of absence elsewhere,0
gov-telemedicine-p4,gov-telemedicine,Redress,Textual provision,Technology platforms providing telemedicine must have a mechanism to address customer queries or grievances. No broader or separate patient redress process is located in the reviewed text.,Professional guidance text; current enforcement and later changes not audited,"p. 33, §5.6",govsrc-4eeff4dfc7498bf6,gov-telemedicine-p4-ev,,0
gov-telemedicine-p5,gov-telemedicine,Accountability and data,Textual provision,"RMPs must uphold medical ethics, privacy, and confidentiality, and retain consultation records, patient materials, and prescription records. Platforms must verify listed RMP credentials and report non-compliance; AI/ML platforms may not counsel patients or prescribe medicines.",Professional guidance text; current enforcement and later changes not audited,"p. 23, §3.7.1.1",govsrc-4eeff4dfc7498bf6,gov-telemedicine-p5-ev,,0
gov-tn-ethical-p1,gov-tn-ethical,Oversight,Textual provision,"The policy provides for a Safe & Ethical AI Monitoring Committee, headed by the Chief Secretary, to monitor implementation of the guidelines. This is a stated oversight mechanism, not evidence that it operated.",Policy commitment; no independent compliance verification,"Printed p. 37, §9",govsrc-7931c87970eece57,gov-tn-ethical-p1-ev,,0
gov-tn-ethical-p2,gov-tn-ethical,Evaluation,Textual provision,The policy states that the State will use the TAM-DEF framework and DEEP-MAX scorecard to evaluate AI systems before public rollout. It also describes proposed score parameters and score updates.,Policy commitment; no independent compliance verification,"Printed p. 23, §6",govsrc-7931c87970eece57,gov-tn-ethical-p2-ev,,0
gov-tn-ethical-p3,gov-tn-ethical,Procurement,Textual provision,"The procurement guidelines say agencies would have to follow the listed steps, including consultation with CEET and evaluation against DEEP-MAX. Some specific directions are framed as requests, recommendations, or encouragement; the text does not establish actual compliance.",Policy commitment; no independent compliance verification,"Printed p. 35, §8",govsrc-7931c87970eece57,gov-tn-ethical-p3-ev,,0
gov-tn-ethical-p4,gov-tn-ethical,Redress,Not established in reviewed text,Not located in reviewed text; not proof of absence.,Policy commitment; no independent compliance verification,Not established,govsrc-7931c87970eece57,,No concrete provision established in this reviewed text; not proof of absence elsewhere,0
gov-tn-ethical-p5,gov-tn-ethical,Accountability and data,Textual provision,The policy identifies AI accountability and legal responsibility as challenges but does not set out a detailed allocation of AI-specific liability. It calls for privacy and data protection and says open-data access must take privacy and confidentiality concerns into account.,Policy commitment; no independent compliance verification,"Printed p. 26, §6.5",govsrc-7931c87970eece57,gov-tn-ethical-p5-ev,,0
gov-tn-mission-p1,gov-tn-mission,Oversight,Textual provision,The mission proposal provides for periodic review of mission activities by the Chief Minister. The order directs TNeGA’s Director/Chief Executive Officer to implement the mission and report periodically to Government.,Administrative or policy commitment; not proof of activity or outcomes,"Annexed mission proposal, p. 9",govsrc-46464492e589affc,gov-tn-mission-p1-ev,,0
gov-tn-mission-p2,gov-tn-mission,Evaluation,Textual provision,"The order requires periodic progress reports to Government. The proposal also describes monitoring and evaluation of capacity-building initiatives, but neither text establishes that evaluation has occurred.",Administrative or policy commitment; not proof of activity or outcomes,"Government Order, p. 5, direction to Director of e-Governance/TNeGA",govsrc-46464492e589affc,gov-tn-mission-p2-ev,,0
gov-tn-mission-p3,gov-tn-mission,Procurement,Textual provision,The proposal specifies tendering through QCBS for industry engagement under the Tamil Nadu Transparency in Tenders Act. The order states that in-house development and/or procurement for individual projects follows Governing Council approval; it describes initial ELCOT funding and reimbursement by Government.,Administrative or policy commitment; not proof of activity or outcomes,"Annexed mission proposal, §5.5.2, p. 30",govsrc-46464492e589affc,gov-tn-mission-p3-ev,,0
gov-tn-mission-p4,gov-tn-mission,Redress,Not established in reviewed text,Not located in reviewed text; not proof of absence.,Administrative or policy commitment; not proof of activity or outcomes,Not established,govsrc-46464492e589affc,,No concrete provision established in this reviewed text; not proof of absence elsewhere,0
gov-tn-mission-p5,gov-tn-mission,Accountability and data,Textual provision,"The mission document identifies sharing Government data as needed, subject to data-protection and data-sharing laws, as an objective. It also identifies ethical and responsible AI guidelines addressing bias, transparency, accountability, and privacy; the text does not verify implementation of these provisions.",Administrative or policy commitment; not proof of activity or outcomes,"Government Order, p. 2, mission objectives",govsrc-46464492e589affc,gov-tn-mission-p5-ev,,0
gov-tpec-constitution-p1,gov-tpec-constitution,Oversight,Textual provision,TPEC is described as an advisory body providing subject-matter guidance to AIGEG. AIGEG is described as setting strategic direction and coordinating policy across government.,Administrative or policy commitment; not proof of activity or outcomes,"Body, paragraph 4 (unpaginated; no numbered section)",govsrc-ef1a2c7c8e7e732e,gov-tpec-constitution-p1-ev,,0
gov-tpec-constitution-p2,gov-tpec-constitution,Evaluation,Not established in reviewed text,Not located in reviewed text; not proof of absence.,Administrative or policy commitment; not proof of activity or outcomes,Not established,govsrc-ef1a2c7c8e7e732e,,No concrete provision established in this reviewed text; not proof of absence elsewhere,0
gov-tpec-constitution-p3,gov-tpec-constitution,Procurement,Not established in reviewed text,Not located in reviewed text; not proof of absence.,Administrative or policy commitment; not proof of activity or outcomes,Not established,govsrc-ef1a2c7c8e7e732e,,No concrete provision established in this reviewed text; not proof of absence elsewhere,0
gov-tpec-constitution-p4,gov-tpec-constitution,Redress,Not established in reviewed text,Not located in reviewed text; not proof of absence.,Administrative or policy commitment; not proof of activity or outcomes,Not established,govsrc-ef1a2c7c8e7e732e,,No concrete provision established in this reviewed text; not proof of absence elsewhere,0
gov-tpec-constitution-p5,gov-tpec-constitution,Accountability and data,Not established in reviewed text,Not located in reviewed text; not proof of absence.,Administrative or policy commitment; not proof of activity or outcomes,Not established,govsrc-ef1a2c7c8e7e732e,,No concrete provision established in this reviewed text; not proof of absence elsewhere,0
gov-uttarakhand-mission-p1,gov-uttarakhand-mission,Oversight,Not established in reviewed text,Not located in reviewed text; not proof of absence.,Policy launch announcement; detailed obligations not established,Not established,govsrc-1091c838d2ab4ac9,,No concrete provision established in this reviewed text; not proof of absence elsewhere,0
gov-uttarakhand-mission-p2,gov-uttarakhand-mission,Evaluation,Not established in reviewed text,Not located in reviewed text; not proof of absence.,Policy launch announcement; detailed obligations not established,Not established,govsrc-1091c838d2ab4ac9,,No concrete provision established in this reviewed text; not proof of absence elsewhere,0
gov-uttarakhand-mission-p3,gov-uttarakhand-mission,Procurement,Not established in reviewed text,Not located in reviewed text; not proof of absence.,Policy launch announcement; detailed obligations not established,Not established,govsrc-1091c838d2ab4ac9,,No concrete provision established in this reviewed text; not proof of absence elsewhere,0
gov-uttarakhand-mission-p4,gov-uttarakhand-mission,Redress,Not established in reviewed text,Not located in reviewed text; not proof of absence.,Policy launch announcement; detailed obligations not established,Not established,govsrc-1091c838d2ab4ac9,,No concrete provision established in this reviewed text; not proof of absence elsewhere,0
gov-uttarakhand-mission-p5,gov-uttarakhand-mission,Accountability and data,Not established in reviewed text,"Not located in reviewed text as concrete provisions; the announcement mentions ethics and accountability as challenges, not operative requirements. Not proof of absence.",Policy launch announcement; detailed obligations not established,Not established,govsrc-1091c838d2ab4ac9,,No concrete provision established in this reviewed text; not proof of absence elsewhere,0
