link_id,record_type,record_id,evidence_id
link-00019018a821371d,assertions,sys-djb-twin-field-02,ev-fcad312fd113fbde
link-002d1eed2a7cb890,policies,policy-3ebeecadadd63651,ev-4c99b89caf09c223
link-00a4fc975ea8ce82,assertions,sys-bmc-tb-field-01,ev-c98a9cb13ac612c0
link-00b073bb31d101d9,assertions,sys-ksh-field-11,ev-a59c760b5108bea9
link-00b70211a5efb494,assertions,sys-sanjay-field-02,ev-b6878ee5e811bb79
link-00bb9aecc4761207,assertions,sys-esanjeevani-field-06,ev-360a5f1ff93894e7
link-00c77cb859e23386,deployments,deployments-8a752ee36579f633,ev-c6191d8eebdead95
link-00dbc74c12c43359,assertions,sys-aware-field-04,ev-9245657c1e04d8d2
link-00e2c1db95184858,assertions,sys-aadhaar-face-field-04,ev-1b5ce9a2c6cb3708
link-00eda5fbd6ffc2be,deployments,deployments-6bbba07c442082bf,ev-2075f8b5e99c3521
link-015e7ff30fbd4f1b,assertions,sys-safe-kerala-field-11,ev-4c39ae26ccff5356
link-016cb0cfd3dd2698,assertions,sys-kisan-emitra-field-04,ev-f1136ad2d14b9a97
link-0236eec6e58d5fed,assertions,sys-uzhavan-pest-field-12,ev-a92915218ae3ebf7
link-028ff7c4b500bb9d,system_institutions,role-f296920a803e5950,ev-4f47d4d0761898b3
link-02b03050df92c3f3,assertions,sys-paddymitra-field-12,ev-a9fd2160cea4544a
link-02befe0936deefb9,deployments,deployments-c505f5f2bee4deb6,ev-b327582229c6bba5
link-02f7979a52ac9ddd,deployments,deployments-51a7341f253f9beb,ev-1b5ce9a2c6cb3708
link-02fd5629a0088ea5,assertions,sys-railmadad-field-02,ev-01ba10a3cb6102b1
link-0316e04adb5298cf,assertions,sys-sanjay-field-12,ev-b6878ee5e811bb79
link-0329f45bd78201cf,assertions,sys-cyberguard-field-07,ev-159bed40f9925743
link-032fad1f8cded9a9,assertions,sys-nuwr-analysis-field-12,ev-ea5a7f5a6590d903
link-03364f179bbcae6b,assertions,sys-aadhaar-face-field-11,ev-0d6f628a1a6b5ded
link-033c3582da537590,assertions,sys-mvis-field-06,ev-73eaba3d416c1d63
link-03610fae06d99cdc,system_institutions,role-70192a5df4283f91,ev-9090df6c5598a480
link-038995e4a4324e46,assertions,sys-nuwr-analysis-field-04,ev-1219beff6c104540
link-03a18a059e40f611,system_institutions,role-9447e13ee482ca67,ev-ef6a2bec34b9ccab
link-03b266a138578a30,assertions,sys-fmr-fir-field-02,ev-b18b1576727cac96
link-0408df91b36970e5,assertions,sys-mvis-field-11,ev-dd6bff181c8751e7
link-0410e2093314c7c1,assertions,sys-astr-field-01,ev-c6191d8eebdead95
link-04c5de78faa54d82,assertions,sys-safe-kerala-field-06,ev-4c39ae26ccff5356
link-054d6478570395c4,assertions,sys-ksh-field-03,ev-c571acfc9b660467
link-05853fb199eefccc,assertions,sys-seva-field-03,ev-a91c61d14a9de84a
link-05a1c75b41f3d09e,assertions,sys-uzhavan-pest-field-03,ev-1b6c9f980df339b2
link-05e949cab4c1d6f1,system_institutions,role-40d1004b14af65f9,ev-fcad312fd113fbde
link-05f0528982d6ab87,assertions,sys-apt-field-11,ev-1adc6b21f2a2523d
link-0611ea33c4943138,assertions,sys-advait-field-12,ev-95689df6ab600f02
link-061bf5b869a2b304,deployments,deployments-d75f49619c47faad,ev-ab17eb64dbc014d7
link-064bdc9e21b10fb7,assertions,sys-cropic-field-01,ev-844d8367a2d6a0ca
link-066db954aa7a9e43,assertions,sys-susahyak-field-11,ev-918f5adebbd8e0da
link-066ee0ad7ca17a50,deployments,deployments-db01aed08ae68824,ev-4ea67a8581aa3465
link-06bf0df85cfd6510,controls,controls-5d2dc1beca40227e,ev-a642de9aba818f9a
link-06c8a084e266ea9b,metrics,metrics-3fac242193aabf34,ev-c6191d8eebdead95
link-06fb5db142f3e730,assertions,sys-teres-field-06,ev-142f112c834f7126
link-072dbf9db9daf94f,system_institutions,role-cb5fa46e849ee501,ev-8bab26729c57b7c1
link-073278c435014a2f,assertions,sys-igms-field-03,ev-1c94bb73943e2003
link-073686998f35e5d0,assertions,sys-sanjay-field-12,ev-11a78f8f67259d75
link-073ffc2ed8be0e8b,system_institutions,role-40d1004b14af65f9,ev-dcdc8763f465680c
link-0752b42a7d551e40,assertions,sys-kisan-sarathi-field-03,ev-4f47d4d0761898b3
link-0758f8ae137ab1ef,assertions,sys-rajgpt-field-01,ev-eb597bd0109ad86a
link-07720c6ea3897896,assertions,sys-igms-field-03,ev-f1916339c7905d9e
link-0775432b8567eb97,system_institutions,role-c4d496ad9848cbee,ev-5420eac33b155cb5
link-07fadcd299c7b815,assertions,sys-raidar-field-03,ev-4ea67a8581aa3465
link-08516ec5de25d79f,assertions,sys-railmadad-field-12,ev-01ba10a3cb6102b1
link-086f5baf6da34001,assertions,sys-jeevan-pramaan-field-06,ev-def7e30b7e0b877c
link-08899d4e8f261307,assertions,sys-cropic-field-01,ev-3f206930005872ae
link-088dc6f92dae4331,assertions,sys-mds-field-12,ev-3c88cb41a5cccfd3
link-08a9e4b1b359101c,assertions,sys-seva-field-06,ev-4711bafe357cae6c
link-08e78395de06cc5a,system_institutions,role-bc7ef6eb059d8875,ev-ab17eb64dbc014d7
link-08e8a9e0274b614c,deployments,deployments-fd1eccfa2b0c7c62,ev-95689df6ab600f02
link-08f955d3ce4c1407,assertions,sys-pais-field-01,ev-91598fc3e8dfb2e5
link-0937518a8d34127d,assertions,sys-delhi-itms-field-12,ev-64cea29cd25a7964
link-09ac35f8815483e2,assertions,sys-askdisha-field-02,ev-3c01b5d53ad21f43
link-0a0edeb94a315366,metrics,metrics-8c6b20d586eaee7c,ev-261116eb9ba2578f
link-0a178fd5548d6135,assertions,sys-raidar-field-12,ev-347fb14878d51e42
link-0a608a9a3a84f843,deployments,deployments-7599f4c32ec37c4e,ev-9c70d07aa7b7d88e
link-0ab60fd1f7c8a3d0,assertions,sys-mahavistaar-field-08,ev-dbafdb28d1ef0c47
link-0ade3423aeab5461,assertions,sys-yaksh-field-02,ev-44601336c015fe11
link-0b3004887e131c94,assertions,sys-npss-field-11,ev-be3cfd5f8ca84323
link-0b5f65e9035c39cb,assertions,sys-susahyak-field-01,ev-918f5adebbd8e0da
link-0b70f425867f28ea,assertions,sys-cwc-google-field-11,ev-3172c8805af67e76
link-0c1d7fc4b3e994c9,assertions,sys-esanjeevani-field-06,ev-a8fab19feffbd711
link-0c4e662d757980cc,deployments,deployments-6bbba07c442082bf,ev-8be9b65f4a09090b
link-0c74579fe72e6223,assertions,sys-askdisha-field-11,ev-a93ff3f506f67cc2
link-0ccce2307235fc47,assertions,sys-sansad-chatbot-field-11,ev-75790536671a8d68
link-0cdd12a622a78c87,assertions,sys-kisan-emitra-field-02,ev-f1136ad2d14b9a97
link-0cf5b9d935b29354,assertions,sys-saagu-baagu-field-12,ev-ef9b11aeda9ffe27
link-0cfc47515d73f43d,assertions,sys-fri-field-12,ev-9090df6c5598a480
link-0d27031d8de1c75b,assertions,sys-seva-field-01,ev-4711bafe357cae6c
link-0d2aa292abc4f0f1,assertions,sys-esanjeevani-field-04,ev-b5532b17a394454a
link-0d5ed9fd2a6aa120,assertions,sys-plcs-field-01,ev-a08e40dc3ca4c374
link-0d7cd48c3550e51e,assertions,sys-digiyatra-field-08,ev-4c99b89caf09c223
link-0d97df438c24caf7,system_institutions,role-7811531ec19a051d,ev-7c4782e38b7176df
link-0da9dda1ee454715,system_institutions,role-71fff3fb698a145e,ev-4711bafe357cae6c
link-0dc469b499c671d7,system_institutions,role-9d2fbb3798d76a93,ev-64cea29cd25a7964
link-0dda69380f5735e5,assertions,sys-aadhaar-face-field-12,ev-0d6f628a1a6b5ded
link-0e265e50b756e464,deployments,deployments-7139ead4b966a118,ev-74bf35d627754fe7
link-0e3a0ea6df1c6e0d,deployments,deployments-dd505a9ca60b7b43,ev-d97e3754ed5dbcfb
link-0e6eda0a01edd099,assertions,sys-bodh-field-03,ev-76196aabd041ea42
link-0e7fd6bb232c736b,assertions,sys-sanjay-field-05,ev-b6878ee5e811bb79
link-0e875e6d23b3e9ab,assertions,sys-delhi-itms-field-06,ev-64cea29cd25a7964
link-0ea3126c9b70f6e9,system_institutions,role-065a6ff60c3b7b62,ev-e0324f957f809f0f
link-0eb31a2df44fedca,assertions,sys-suvas-field-10,ev-9ce5c53af54267de
link-0eff277a510c3953,system_institutions,role-9447e13ee482ca67,ev-85de48e681308f15
link-0f1f3f4696977a41,system_institutions,role-1031c50fa1c24563,ev-a0d950118e6c3ab3
link-0f2021ab08f808da,assertions,sys-mausamgpt-field-12,ev-5b520389b734ebd3
link-0f9c5dd03c65c943,deployments,deployments-369ba9e9c9546320,ev-e92b517f1e210049
link-0fa5da604f6bc742,assertions,sys-teres-field-08,ev-3ffa1f3ce66c93d8
link-0fd1bf3a425765a6,assertions,sys-bhashini-field-02,ev-20f340b524d217c1
link-0fdc4260bf147cae,deployments,deployments-51907e79d92e0115,ev-9b9bc9c161213e93
link-0ff1dd9e2d5d590f,system_institutions,role-e93e1c040ccde241,ev-9c4a6643ce3f5252
link-106412c91b087636,assertions,sys-bhashini-field-11,ev-20f340b524d217c1
link-1069b457640c5a64,assertions,sys-bmc-tb-field-08,ev-378e44768ad10cad
link-10daa7ed9111c12b,assertions,sys-astram-field-03,ev-c53df2593192a2a7
link-1185b97d57f31404,assertions,sys-sudarsan-field-12,ev-94d76d0aa5c3e701
link-1192e4cc567e4846,assertions,sys-mvis-field-02,ev-73eaba3d416c1d63
link-11ba40c29fc9c049,assertions,sys-advait-field-08,ev-f285911fa60f7752
link-11c4a3e7f641f6af,assertions,sys-askdisha-field-01,ev-2e93c1cfe417e173
link-11e11d2e855859cf,assertions,sys-kisan-emitra-field-04,ev-88f3ead61ad559ca
link-11f0ac30dce0f6b6,assertions,sys-madhunetrai-field-03,ev-8f80f53a1d395b45
link-1212d72121c0ac9f,assertions,sys-kisan-sarathi-field-07,ev-b1f5ec2fc7acca77
link-12154c7abbb9ca66,assertions,sys-cctns2-field-11,ev-34f53dacfbe6fc30
link-12165f2f900e544e,assertions,sys-djb-twin-field-01,ev-dcdc8763f465680c
link-12332543355f5053,assertions,sys-sanjay-field-11,ev-7c4782e38b7176df
link-124420468ba9318f,assertions,sys-ejaadui-field-02,ev-e0324f957f809f0f
link-12482fb85aa8c7d4,assertions,sys-apt-field-01,ev-9c4a6643ce3f5252
link-127a3a5b2ed76071,assertions,sys-paddymitra-field-11,ev-6b1baa2378a2be09
link-12a9d1da04efcd42,assertions,sys-mausamgpt-field-03,ev-5b520389b734ebd3
link-12aa4ddfb9ffb8c7,assertions,sys-kisan-emitra-field-11,ev-f1136ad2d14b9a97
link-134f07546b1ad628,assertions,sys-cropic-field-06,ev-3f206930005872ae
link-13a7867eb4c6f538,assertions,sys-npss-field-11,ev-4f5a6ab17425939f
link-13ca898b5706e6b0,assertions,sys-raj-silicosis-field-07,ev-060c00eba838f937
link-13cc5e136ca11c26,system_institutions,role-84eaa58e8e957bfa,ev-3c88cb41a5cccfd3
link-13ebdf639e2adc43,deployments,deployments-a6641c56a334d805,ev-c53df2593192a2a7
link-13fadeb0252b746d,assertions,sys-apt-field-03,ev-9c4a6643ce3f5252
link-13fda0d0d4ea2811,controls,control-8e9ff4da26df3bf7,ev-e639674510d2b4ef
link-1495372478355927,assertions,sys-astr-field-12,ev-7b63c28752438caa
link-14a97b5a57f98cb1,assertions,sys-itms-field-01,ev-aea948ce370d06b3
link-14ae55adeb4892b9,controls,control-8e9ff4da26df3bf7,ev-c08bdb05326d6fa3
link-14b5696469e492d5,assertions,sys-nuwr-analysis-field-06,ev-a0532490d402fdfe
link-14c570fe9c346b0d,system_institutions,role-eec6ce9a2625e97d,ev-5061e779c17fb9c3
link-14c9bc2560ee1dbb,assertions,sys-iraste-field-02,ev-c3a3e01b6cb028bd
link-14cb51caaa7ec4fb,assertions,sys-aadhaar-face-field-11,ev-1b5ce9a2c6cb3708
link-14daaecb194a837e,assertions,sys-plcs-field-01,ev-6084f7ec98bea16c
link-1558d44ecddaf978,assertions,sys-abhigyan-field-11,ev-cf443eec50ef87c6
link-15d5314b9903c38f,assertions,sys-insight-field-03,ev-aefe752e300b1aeb
link-15f615bb6b58a49a,assertions,sys-igms-field-12,ev-f1916339c7905d9e
link-163c8141356e678b,assertions,sys-sansad-chatbot-field-02,ev-d97e3754ed5dbcfb
link-1659455c99bfd56a,assertions,sys-raidar-field-02,ev-c4eb183c9465f54f
link-16b30ddf44c4f50e,assertions,sys-cctns2-field-12,ev-34f53dacfbe6fc30
link-1706fb62ca9711c1,assertions,sys-sudarsan-field-01,ev-53f51b2a6a7f2173
link-1709d088f1c5422a,assertions,sys-uzhavan-pest-field-06,ev-a92915218ae3ebf7
link-170fad18762ba98d,assertions,sys-delhi-itms-field-03,ev-6d89a894886893f6
link-171745b17d778107,assertions,sys-railmadad-field-02,ev-b04137d47e98247b
link-173b8df2861d74df,assertions,sys-suvas-field-05,ev-b2b7150cccca8064
link-17552430b42923ab,assertions,sys-seva-field-11,ev-4711bafe357cae6c
link-17d9aa64caae4a45,assertions,sys-astram-field-11,ev-c53df2593192a2a7
link-17f7ee552632ded8,system_institutions,role-35f0b3bf10a9e1ed,ev-ad18a08c2045d8e4
link-183494daae934250,system_institutions,role-a76d31622d04fc48,ev-79134905e5021ec3
link-18d3a970338cc4f2,system_institutions,role-b30d3f4f3f895e87,ev-91598fc3e8dfb2e5
link-18d50096344ff045,assertions,sys-susahyak-field-02,ev-8131fa05d3e1f147
link-18da05a5d444bddd,assertions,sys-kisan-sarathi-field-11,ev-4f47d4d0761898b3
link-18e06fb9931f935c,assertions,sys-atman-field-03,ev-2075f8b5e99c3521
link-195a1c633257dbe8,assertions,sys-yaksh-field-12,ev-5061e779c17fb9c3
link-19705bd863e0b91f,assertions,sys-cctns2-field-06,ev-77f3dd20d3744711
link-19774635e50bf602,assertions,sys-esanjeevani-field-12,ev-f8f21960705d527a
link-199024bc934d580c,assertions,sys-igms-field-11,ev-cac418327d46852c
link-1993b12ec1fa97db,assertions,sys-safe-kerala-field-02,ev-a9b2bdb89b073a8f
link-1a2382a4d77795d5,assertions,sys-aadhaar-face-field-01,ev-0d6f628a1a6b5ded
link-1a841350aac2d983,deployments,deployments-137611336b764de7,ev-a0a95b218bc0edcb
link-1a9bcabf07920c08,assertions,sys-sansad-chatbot-field-12,ev-75790536671a8d68
link-1badc592051d7493,issues,issues-6530b690b4a3cb0a,ev-a8fab19feffbd711
link-1bb72d971d9b68e7,deployments,deployments-a586880da2abff61,ev-6b1baa2378a2be09
link-1bc0f10599116a79,assertions,sys-mvis-field-11,ev-73eaba3d416c1d63
link-1bcbaf1d0e277b6d,assertions,sys-iraste-field-12,ev-a449c6a890bf69a8
link-1bd6c48c720d4d9d,deployments,deployments-6564fae26d6eefa8,ev-d5043fea78b13bb0
link-1c273a89dbded979,assertions,sys-safe-kerala-field-06,ev-a9b2bdb89b073a8f
link-1c45b4fa1272f0de,deployments,deployments-64ccc84ad850700e,ev-0f8938ed5f8fbfc7
link-1c65639df579e654,assertions,sys-seva-field-02,ev-4711bafe357cae6c
link-1c8b3d6ce3d91370,assertions,sys-rail-ids-field-01,ev-54f5db2c74dd83bb
link-1cc9877b320c3491,assertions,sys-pais-field-11,ev-91598fc3e8dfb2e5
link-1ceba85e92b0711c,assertions,sys-teres-field-06,ev-fd6a23a96a591ee1
link-1ced813d327c7272,assertions,sys-sansad-chatbot-field-02,ev-d8f9021428b5514c
link-1cfdc4b699c6d2dd,assertions,sys-sanjay-field-06,ev-b6878ee5e811bb79
link-1d3055035dd6f115,issues,issues-17890833e6ba1b35,ev-b4d1df2bb3b83911
link-1d47936e28628c3a,assertions,sys-igms-field-12,ev-cac418327d46852c
link-1d50e7e72c74eec4,metrics,metrics-8f4612706e36a1d9,ev-7c6d5f2dd3c5be4a
link-1d6f23110b170cab,issues,issues-6530b690b4a3cb0a,ev-d5e277100cd038a4
link-1d7f946348af3d12,assertions,sys-astram-field-12,ev-ae7ffc5c67020f15
link-1d973ed5214062c1,assertions,sys-raj-silicosis-field-06,ev-deb772e570ce28dc
link-1dacee8cd36a5647,deployments,deployments-8213742751a2bbad,ev-b9fc08c7af393aaa
link-1dae00adb113e335,assertions,sys-upsc-field-02,ev-4e37da6f99ca59fb
link-1ddca20801d402d0,assertions,sys-mahavistaar-field-12,ev-ab17eb64dbc014d7
link-1def368ee17dbd16,assertions,sys-astram-field-06,ev-ae7ffc5c67020f15
link-1df860057cf799d5,assertions,sys-railmadad-field-01,ev-01ba10a3cb6102b1
link-1e04d79d976857b8,assertions,sys-delhi-itms-field-06,ev-74bf35d627754fe7
link-1e321f1059ec02be,assertions,sys-atman-field-01,ev-8be9b65f4a09090b
link-1e332af9167ba229,assertions,sys-igms-field-11,ev-2196b83b068b866a
link-1e3fbe302e4db3d8,assertions,sys-rajgpt-field-02,ev-eb597bd0109ad86a
link-1e4e2744ed7ecde1,system_institutions,role-78a5016ae9a7851c,ev-4723a80c6badcc43
link-1e8adf074c63d081,assertions,sys-sansad-chatbot-field-12,ev-d8f9021428b5514c
link-1e93822b3acff426,system_institutions,role-832e5cbe3e352753,ev-72d8ea94bf951b97
link-1e93fd992d25d89b,assertions,sys-kisan-sarathi-field-01,ev-4f47d4d0761898b3
link-1e9ac31f170292ac,assertions,sys-bodh-field-12,ev-881932661462ddb1
link-1eb2762fa2fd206b,assertions,sys-ioncology-field-01,ev-a0a95b218bc0edcb
link-1ebebbbc5888fa6b,assertions,sys-infomerge-field-12,ev-9c70d07aa7b7d88e
link-1ebfc5847c602a68,system_institutions,role-3e2a924d47c8f052,ev-b04137d47e98247b
link-1eedf6a0147b7442,assertions,sys-bodh-field-01,ev-76196aabd041ea42
link-1ef64a24da1589bc,assertions,sys-seva-field-12,ev-0e30deddf18d0622
link-1f1c5a3f7fb228f2,assertions,sys-djb-twin-field-02,ev-dcdc8763f465680c
link-1f9c030227b6b92e,assertions,sys-khushi-field-02,ev-645d00612587a804
link-1fb9b00c6ca984c7,assertions,sys-raidar-field-11,ev-4ea67a8581aa3465
link-1fd49cea48dccd6b,issues,issues-8c5f6f818d8b394c,ev-159bed40f9925743
link-1ff41ebc7f0ee964,assertions,sys-upsc-field-06,ev-02b3567798e30181
link-2001526590eaf2ee,assertions,sys-ioncology-field-02,ev-a0a95b218bc0edcb
link-201469bf6a7ea355,deployments,deployments-4b7177386610a7d9,ev-02c9b6665e76f787
link-204c1b144ee758cf,assertions,sys-infomerge-field-02,ev-85de48e681308f15
link-204e49d3fb681022,system_institutions,role-e2d845a51432cb33,ev-38e3a9b3e4a2ad3b
link-2054bd19eb4eb160,assertions,sys-ioncology-field-11,ev-73e3c36960308a23
link-207c98433a35f1b7,metrics,metrics-7366c599e3cffb52,ev-378e44768ad10cad
link-209df1d5723750a3,assertions,sys-bodh-field-06,ev-881932661462ddb1
link-20c2a06a1999d1d8,assertions,sys-cctns2-field-11,ev-77f3dd20d3744711
link-20d79a50953721e2,deployments,deployments-49ce682690a7dd0e,ev-4711bafe357cae6c
link-2145848c482c6168,assertions,sys-upsc-field-07,ev-f93730bbf8a07e6f
link-2159af7117b61f6d,assertions,sys-raidar-field-01,ev-c4eb183c9465f54f
link-219332131ddb824d,assertions,sys-fest-field-02,ev-5420eac33b155cb5
link-21af1a2771041fcc,deployments,deployments-06393a09bac906bf,ev-cac418327d46852c
link-21b1e4d4c4821ecc,deployments,deployments-6564fae26d6eefa8,ev-1b6c9f980df339b2
link-21be3751a14218ec,assertions,sys-epaarvai-field-02,ev-1574d6a89bbe4b88
link-21bffaca2771e19f,assertions,sys-ioncology-field-11,ev-a0d950118e6c3ab3
link-21c61dfb7be8d1d9,system_institutions,role-6bd2d8947b0f6f84,ev-881932661462ddb1
link-2221f0be89b874e2,assertions,sys-delhi-itms-field-01,ev-74bf35d627754fe7
link-2244165e12f30dc7,candidate_decisions,candidate-d20381e1f80d2e1c,ev-cbd6e7772b74c4c5
link-228ae85df8852855,assertions,sys-cctns2-field-02,ev-77f3dd20d3744711
link-22e75de8969c9c43,system_links,system_links-844042c1a58079b8,ev-d8f9021428b5514c
link-22e7d02552b86848,assertions,sys-supace-field-03,ev-b9fc08c7af393aaa
link-22f0d0b319ce999f,assertions,sys-sanjay-field-12,ev-7c4782e38b7176df
link-233c2fda530ed8c7,issues,issues-4cb03b903879901a,ev-8b8468577847a2f6
link-236a447b4855d5a4,assertions,sys-pais-field-04,ev-fbeb9750606f31cf
link-23709e84a2a5c804,assertions,sys-mds-field-03,ev-f35ed5b02db1a0e8
link-237d3cad52a43c30,metrics,metrics-b7c195786f5c8004,ev-ca6c7f62018db8c4
link-23ced42b94db3c39,assertions,sys-safe-kerala-field-03,ev-4c39ae26ccff5356
link-23d0e798c68b9d54,assertions,sys-ioncology-field-11,ev-a0a95b218bc0edcb
link-23f4ec48011f76e4,system_institutions,role-9d2fbb3798d76a93,ev-74bf35d627754fe7
link-24bfb419d6f04087,assertions,sys-esanjeevani-field-11,ev-b521e04d171b8489
link-24c11ca3f49634b8,deployments,deployments-0ebff93ad441d6ec,ev-def7e30b7e0b877c
link-24cd9276e8cc8015,assertions,sys-astram-field-03,ev-ae7ffc5c67020f15
link-25ca7294b81801ea,deployments,deployments-0ebff93ad441d6ec,ev-cdbbd2ef3c9c05c3
link-25ebed96b9c71ed0,assertions,sys-nhai-das-field-03,ev-ef091150725aae96
link-25f75349e1cb612a,assertions,sys-pais-field-02,ev-91598fc3e8dfb2e5
link-2604bb1c5aa79cb9,assertions,sys-diksha-field-02,ev-19e3408f30ebe3a9
link-262770a9aefc4626,assertions,sys-epaarvai-field-06,ev-1574d6a89bbe4b88
link-2644ed345ee1f3b5,assertions,sys-apt-field-06,ev-1adc6b21f2a2523d
link-264c737f05c1cd46,assertions,sys-delhi-itms-field-02,ev-6d89a894886893f6
link-267141c12bb3f949,assertions,sys-susahyak-field-08,ev-5a0d7f1b28c86076
link-267cfea19b61b0b4,assertions,sys-suvas-field-05,ev-fde294bc6e9852c7
link-26861cf2383e5881,evaluations,evaluations-d15ed8c11f8b5661,ev-ca6c7f62018db8c4
link-26dd387973db375e,assertions,sys-npss-field-01,ev-7c6d5f2dd3c5be4a
link-26f19924671c41ee,assertions,sys-bmc-tb-field-06,ev-abab488d2d1f1551
link-26f4ae2e1aaf84a6,assertions,sys-kisan-sarathi-field-01,ev-f9d26a9b468711e1
link-27c683541370d6f3,assertions,sys-ejaadui-field-11,ev-1839f51fcd2953aa
link-2834b72ca322922f,evaluations,evaluation-cbeac9ed93a5b068,ev-84cbf31f6d303d4b
link-2836266c5dfacae2,assertions,sys-raidar-field-11,ev-347fb14878d51e42
link-2859ec6f6ff0f503,assertions,sys-cyberguard-field-11,ev-82d44a78b9d17324
link-28667a0abe2f7432,assertions,sys-epaarvai-field-03,ev-8bab26729c57b7c1
link-288b13be015cc4d6,system_institutions,role-3e2a924d47c8f052,ev-fd79365303d136f6
link-2898a0db97bd535f,candidate_decisions,candidate-424b43cc4dffdacf,ev-447300e92d9ba792
link-290ea70de09e4b0b,assertions,sys-aadhaar-face-field-03,ev-1b5ce9a2c6cb3708
link-29199d62bb975b1e,system_institutions,role-27fd61333d003114,ev-c8144dc55b4404b8
link-294a48c26002e734,deployments,deployments-137611336b764de7,ev-73e3c36960308a23
link-29ae5789bda6fb44,assertions,sys-abhigyan-field-12,ev-72d8ea94bf951b97
link-29b4b02a996710ef,assertions,sys-madhunetrai-field-11,ev-e926f7c4ed3a3144
link-29c9cdcee994b061,assertions,sys-nuwr-analysis-field-03,ev-ea5a7f5a6590d903
link-29ca801212fe8f84,metrics,metrics-cd11c355367b646d,ev-78a7e5f2337b08dc
link-2a2300b43b9e9117,assertions,sys-itms-field-11,ev-99362bef50f841bd
link-2a2a2c9050545c0f,assertions,sys-iraste-field-06,ev-02c9b6665e76f787
link-2a529c5e692e8885,candidate_decisions,candidate-29ddf4b8ded90bdb,ev-fd79365303d136f6
link-2a58fe37dab96ab8,assertions,sys-mds-field-11,ev-f35ed5b02db1a0e8
link-2a797bc5ebff7a63,assertions,sys-yaksh-field-01,ev-5061e779c17fb9c3
link-2a9a993858cd6fd0,deployments,deployments-d75f49619c47faad,ev-21e1fb4bdc9d04c4
link-2aa61cfcc7843d90,assertions,sys-bhashini-field-01,ev-79134905e5021ec3
link-2b11d3118119207f,assertions,sys-madhunetrai-field-03,ev-f5f98d06e62ea643
link-2b2dd4be38be5b3c,system_institutions,role-815fe2e810c52fb0,ev-8f80f53a1d395b45
link-2b3f77c698e4ecd3,assertions,sys-kisan-sarathi-field-01,ev-4a07d4e12da02862
link-2b6754d9cb5283bb,assertions,sys-teres-field-11,ev-fd6a23a96a591ee1
link-2b904588548a6072,assertions,sys-mausamgpt-field-01,ev-5b520389b734ebd3
link-2b978c719029a8f2,system_institutions,role-6bd2d8947b0f6f84,ev-76196aabd041ea42
link-2bf16af8fa4096e6,assertions,sys-bmc-tb-field-02,ev-378e44768ad10cad
link-2bfe19335a6c723a,system_institutions,role-bc7ef6eb059d8875,ev-21e1fb4bdc9d04c4
link-2c253d1a76aa96c6,system_institutions,role-71fff3fb698a145e,ev-0e30deddf18d0622
link-2c30ae0439abd816,assertions,sys-mvis-field-03,ev-dd6bff181c8751e7
link-2c30e560cca9003b,assertions,sys-bifa-field-12,ev-c8144dc55b4404b8
link-2c30f98493c115b6,assertions,sys-igms-field-02,ev-f1916339c7905d9e
link-2c51b8b6b4f00534,assertions,sys-atman-field-07,ev-8be9b65f4a09090b
link-2c7acddd9c533f14,assertions,sys-sansad-chatbot-field-03,ev-d8f9021428b5514c
link-2c7bd66714b6982b,assertions,sys-digiyatra-field-07,ev-22e98e4e406224b1
link-2c9aaeb2cb2371ae,assertions,sys-raidar-field-06,ev-347fb14878d51e42
link-2cd712af528a1ae6,assertions,sys-fmr-fir-field-06,ev-c785f830f7bb33c1
link-2d106b89f186a384,system_institutions,role-d6f98535aabaa519,ev-11a78f8f67259d75
link-2d2eead6600bfe4a,assertions,sys-saagu-baagu-field-03,ev-9c46d8c5b9d0c028
link-2d410461c0e3a04a,assertions,sys-ejaadui-field-12,ev-e0324f957f809f0f
link-2d43919846be0302,assertions,sys-digiyatra-field-03,ev-e92b517f1e210049
link-2d5fe32417b1bf04,system_institutions,role-c0820a317cafdcb0,ev-a0532490d402fdfe
link-2dbfd7f1f01be5ce,assertions,sys-fmr-fir-field-02,ev-c785f830f7bb33c1
link-2dc9a56f89ac8516,assertions,sys-atman-field-12,ev-8be9b65f4a09090b
link-2dcbc0b9c7304b43,system_institutions,role-34ba54e938bb44f8,ev-ae7ffc5c67020f15
link-2dd511348308282b,assertions,sys-mahavistaar-field-06,ev-21e1fb4bdc9d04c4
link-2e1fa0099826a1b1,system_institutions,role-6220d997c14efe25,ev-645d00612587a804
link-2e20d4752dec3556,system_institutions,role-9d2fbb3798d76a93,ev-187e234e0cfe91ee
link-2ea467f5f722d60f,deployments,deployments-9f0b5d0a30b69e71,ev-3d440b925f5321ac
link-2eabb0bba675f6db,system_institutions,role-35f0b3bf10a9e1ed,ev-3172c8805af67e76
link-2eb19d9184bec14e,assertions,sys-uzhavan-pest-field-11,ev-a92915218ae3ebf7
link-2ec165452f23eae0,assertions,sys-esanjeevani-field-04,ev-ce731d7569d84b69
link-2f32a436c0661d9d,assertions,sys-saagu-baagu-field-11,ev-ef9b11aeda9ffe27
link-2f42b2cdee83dff9,assertions,sys-astr-field-03,ev-c6191d8eebdead95
link-2f4c8f597bc53ed6,assertions,sys-abhigyan-field-01,ev-72d8ea94bf951b97
link-2f52df82989eca17,assertions,sys-susahyak-field-01,ev-014fdc589e07870b
link-2f90e6a28b0a7818,assertions,sys-mvis-field-03,ev-73eaba3d416c1d63
link-2f9fa0a0e4e2dd0a,assertions,sys-esanjeevani-field-07,ev-84cbf31f6d303d4b
link-2fc62005780c855f,assertions,sys-paddymitra-field-03,ev-a9fd2160cea4544a
link-3022674e9d2f6258,assertions,sys-kisan-emitra-field-07,ev-4e2f1d08e86e6bbd
link-309bac8f8ec90957,system_institutions,role-065a6ff60c3b7b62,ev-1839f51fcd2953aa
link-30d5de3a65ca799b,deployments,deployments-f3e1f38204c456fc,ev-82d44a78b9d17324
link-30d7a8af645a8dc4,issues,issues-d9ed2f6f12fb3100,ev-bb4c5cffe21e438d
link-30f494d74680427c,assertions,sys-rail-ids-field-02,ev-d1f9029e291102fe
link-310fc9d94c4001d0,controls,control-855f141e2671b788,ev-3e4964b7c9375596
link-313fbfcb3745105c,assertions,sys-bmc-tb-field-11,ev-c98a9cb13ac612c0
link-314d3ed42b8a3f73,assertions,sys-susahyak-field-12,ev-8131fa05d3e1f147
link-3162e93b95349f17,deployments,deployments-6475653e5d94f6e2,ev-20f340b524d217c1
link-3179575faf0c8fcb,system_institutions,role-1ecb780f8b331c9d,ev-d8f9021428b5514c
link-319be169c289a4cc,candidate_decisions,candidate-80ee26f3994363bc,ev-34f53dacfbe6fc30
link-31a0d80cf1b16b94,assertions,sys-epaarvai-field-01,ev-8bab26729c57b7c1
link-31c7ee8d41d9086d,assertions,sys-fest-field-02,ev-b132dda612186841
link-31cb43a46b51be47,assertions,sys-uzhavan-pest-field-02,ev-1b6c9f980df339b2
link-31d029eec50cf6e0,assertions,sys-rail-ids-field-05,ev-b63b9f5e424312e9
link-31d56568a7b67eab,assertions,sys-fmr-fir-field-06,ev-b18b1576727cac96
link-327b61d588d7c051,assertions,sys-safe-kerala-field-12,ev-a9b2bdb89b073a8f
link-329088ae38a04e13,assertions,sys-cwc-google-field-03,ev-ad18a08c2045d8e4
link-32a06c51dab52651,assertions,sys-bhashini-field-07,ev-5b43df9f223f2f50
link-32ea90302a8cf03f,assertions,sys-nhai-das-field-01,ev-134ffe8f18c4c59a
link-33835b7875a0914a,assertions,sys-bhashini-field-07,ev-b2f94dbd54b183e8
link-33906e2e58543d82,assertions,sys-cwc-google-field-02,ev-3172c8805af67e76
link-34822fc4a21eca18,assertions,sys-cctns2-field-12,ev-77f3dd20d3744711
link-349f9dd34bffcf1b,assertions,sys-sansad-chatbot-field-11,ev-d97e3754ed5dbcfb
link-34fe1e9260e5a6e6,assertions,sys-fri-field-01,ev-36c63713aedf7513
link-353bcf4521917567,assertions,sys-upsc-field-04,ev-798315f2c1354ed3
link-35402515805ec9b1,assertions,sys-railmadad-field-12,ev-fd79365303d136f6
link-355e0f8b548b7784,deployments,deployments-61741cf9e357806e,ev-dcdc8763f465680c
link-3576db032e4ad5d5,assertions,sys-fri-field-12,ev-36c63713aedf7513
link-3582dc1f7a142a27,assertions,sys-railmadad-field-11,ev-01ba10a3cb6102b1
link-35844c7ef390f368,issues,issues-6f6454c9de1cf44b,ev-7f8f16e2707ab2ac
link-3596ead99652df76,assertions,sys-sudarsan-field-06,ev-01c202157c63cd56
link-35d5870cd26cbf10,assertions,sys-esanjeevani-field-08,ev-c08bdb05326d6fa3
link-35e021cb94e6bf23,issues,issues-b97c9d4c9cd8bfc0,ev-82d44a78b9d17324
link-366f00ae3a890e9f,system_institutions,role-2ae781023f75cf99,ev-fbeb9750606f31cf
link-36722d6ff0506819,assertions,sys-aware-field-11,ev-20af457a2e7221c7
link-368fe57804abdf5e,assertions,sys-cctns2-field-06,ev-34f53dacfbe6fc30
link-3692788276a2e8e7,assertions,sys-djb-twin-field-06,ev-dcdc8763f465680c
link-36abd445d09efdf7,assertions,sys-esanjeevani-field-09,ev-e598a6a145778cd0
link-36ef73c134d67c30,assertions,sys-rail-vss-field-03,ev-8b8468577847a2f6
link-36f2d84a9faa46c6,deployments,deployments-137611336b764de7,ev-a0d950118e6c3ab3
link-36f93488b82a9849,assertions,sys-crpi-field-03,ev-72d8ea94bf951b97
link-370c0e85e45af8c9,assertions,sys-aadhaar-face-field-02,ev-1b5ce9a2c6cb3708
link-377406d40b57b868,assertions,sys-sudarsan-field-07,ev-94d76d0aa5c3e701
link-37830ba8e27628c7,assertions,sys-nuwr-analysis-field-11,ev-ea5a7f5a6590d903
link-37a070c6e8f9a725,assertions,sys-epaarvai-field-03,ev-e257e5bc6b20bd08
link-37a34abdd52de3db,assertions,sys-kisan-emitra-field-12,ev-0ba45b2a7228ebcc
link-37d5eafb3887e9d7,assertions,sys-jeevan-pramaan-field-10,ev-339ffea1a4d420c0
link-38097e36bdcdbc14,deployments,deployments-61741cf9e357806e,ev-72bf06d6cb507e3b
link-38186e4753d96954,assertions,sys-sanjay-field-04,ev-7c4782e38b7176df
link-383fcd079214c051,issues,issues-9a4081537a5002e5,ev-15681bf45e66e2c6
link-38634db378918cb3,system_institutions,role-767ab843fd6898f8,ev-8131fa05d3e1f147
link-3865743284308c14,assertions,sys-atman-field-06,ev-8be9b65f4a09090b
link-386bcf037f093ae1,assertions,sys-kisan-emitra-field-11,ev-eed385d616908f10
link-38e40aad00eb2f7d,assertions,sys-cwc-google-field-02,ev-eb56ee0636060f07
link-38e4b8edf07d92ad,assertions,sys-sanjay-field-02,ev-7c4782e38b7176df
link-38f1bd6efe4cf209,assertions,sys-bharat-vistaar-field-06,ev-e320b37ef693f93a
link-393328ec253dac24,assertions,sys-bhashini-field-10,ev-e904ab38767f58f0
link-39fb1363c0131af1,assertions,sys-crpi-field-12,ev-72d8ea94bf951b97
link-3a0f49efdf37fac3,deployments,deployments-c1fbee5192bde329,ev-5b520389b734ebd3
link-3a4ccf466ad58e4d,assertions,sys-npss-field-06,ev-be3cfd5f8ca84323
link-3a6ad42506f538c8,assertions,sys-bifa-field-01,ev-17f5d516f919386a
link-3a8205e8e16d763a,assertions,sys-rajgpt-field-06,ev-eb597bd0109ad86a
link-3a92bb9559dcfb20,assertions,sys-sudarsan-field-01,ev-94d76d0aa5c3e701
link-3ac13b83b077f78c,assertions,sys-advait-field-03,ev-95689df6ab600f02
link-3adc5f7ef80eb982,metrics,metrics-80222c2b884056d4,ev-36c63713aedf7513
link-3adf6389003ddaf8,assertions,sys-railmadad-field-11,ev-fd79365303d136f6
link-3aff3cceb247b507,assertions,sys-astram-field-02,ev-ae7ffc5c67020f15
link-3b2a0a716fe0b439,assertions,sys-advait-field-06,ev-7a7cd7cd42032eee
link-3b413aa087182487,assertions,sys-sansad-chatbot-field-06,ev-75790536671a8d68
link-3b8e21e46b7b1a00,issues,issues-b687e8941fffc6d7,ev-17f5d516f919386a
link-3b95a63f6e479bbe,assertions,sys-madhunetrai-field-11,ev-8f80f53a1d395b45
link-3bdfb7e7a1c6a679,system_institutions,role-687132fa30751091,ev-ef091150725aae96
link-3c8a7b8f1176f64e,assertions,sys-abhigyan-field-06,ev-cf443eec50ef87c6
link-3ce700e8770f37a7,assertions,sys-aware-field-06,ev-20af457a2e7221c7
link-3cefdb0240161cbf,deployments,deployments-b8cfb956ce441b71,ev-53f51b2a6a7f2173
link-3cf0cfe846729dfb,deployments,deployments-7599f4c32ec37c4e,ev-ef6a2bec34b9ccab
link-3d0c5ddf497785cb,assertions,sys-mvis-field-01,ev-73eaba3d416c1d63
link-3d341867c6204ade,deployments,deployments-f409e028668740ec,ev-b132dda612186841
link-3d5ba15b2efdc974,assertions,sys-railmadad-field-03,ev-b04137d47e98247b
link-3d5e80bdf42a17db,assertions,sys-diksha-field-06,ev-19e3408f30ebe3a9
link-3d6cc50dd99e6671,assertions,sys-ioncology-field-01,ev-a0d950118e6c3ab3
link-3d8b36b08f97446d,system_institutions,role-6ed4f6aeecf70c63,ev-9c46d8c5b9d0c028
link-3de1677b1bc6237f,assertions,sys-mahavistaar-field-01,ev-b93e61a4b3b99543
link-3e08df2a5224bd32,assertions,sys-astr-field-11,ev-c6191d8eebdead95
link-3e3f6720c9ec2c9a,assertions,sys-aware-field-01,ev-d024e87e5ccff7cd
link-3e6a0572275094d8,assertions,sys-rail-vss-field-11,ev-8b8468577847a2f6
link-3e946e0002941960,deployments,deployments-61741cf9e357806e,ev-fcad312fd113fbde
link-3ef9e65b962384a7,assertions,sys-seva-field-06,ev-0e30deddf18d0622
link-3f00e43de8cf134f,assertions,sys-rail-ids-field-03,ev-faac4c7a85628622
link-3f02a1fd223ccdbc,assertions,sys-raj-silicosis-field-02,ev-d12d3c742dc74701
link-3f2ad051b4b817b0,candidate_decisions,candidate-7f31f61459ce72be,ev-72d8ea94bf951b97
link-3fc0e54c07956c64,assertions,sys-susahyak-field-01,ev-8131fa05d3e1f147
link-3fdde4c9bd15d727,assertions,sys-susahyak-field-06,ev-8131fa05d3e1f147
link-40036b5367f6bf1c,assertions,sys-plcs-field-06,ev-2ead04113c7645bb
link-4011aa9e365ee573,assertions,sys-aadhaar-face-field-06,ev-0d6f628a1a6b5ded
link-401451063093a5b7,assertions,sys-astr-field-11,ev-7b63c28752438caa
link-4031651f09dd37a8,deployments,deployments-4435a62fb9ab493a,ev-9090df6c5598a480
link-40b2f5c1a32e1918,issues,issues-997ecd7af89e5023,ev-faac4c7a85628622
link-416fad6460b3bc33,assertions,sys-esanjeevani-field-12,ev-e93ad9c0f3ef2a7a
link-417da60b1a04b995,issues,issues-997ecd7af89e5023,ev-a81b7e0be2adef1c
link-418484d6a41471df,assertions,sys-apt-field-06,ev-9c4a6643ce3f5252
link-41bc08a40cee2b87,assertions,sys-insight-field-10,ev-667760d085e5997c
link-41c0ff9741b4ea45,assertions,sys-bharat-vistaar-field-02,ev-e320b37ef693f93a
link-41dad182f0924bf7,assertions,sys-ksh-field-02,ev-a59c760b5108bea9
link-41ebc123215e0c23,assertions,sys-esanjeevani-field-10,ev-8b4f3573504333c8
link-424a52d54765384d,assertions,sys-fri-field-06,ev-36c63713aedf7513
link-429bd09409d1be9f,assertions,sys-advait-field-02,ev-f285911fa60f7752
link-42ae9736fb63297e,system_institutions,role-f573ba43b05ffade,ev-8131fa05d3e1f147
link-42e2aa0f5177e867,assertions,sys-railmadad-field-06,ev-01ba10a3cb6102b1
link-42f0b55b5cbf8863,assertions,sys-ioncology-field-01,ev-d71fad63b9e686dd
link-43038653cf7c9e47,assertions,sys-cropic-field-10,ev-71f5b9e08abcb32f
link-430c90d41e332c42,deployments,deployments-51907e79d92e0115,ev-3bf6fa3a1f1b583d
link-4325abdfffaca999,metrics,metrics-7c6bad59a8f710dd,ev-3d3634dd61ca2130
link-4330f9138241e836,candidate_decisions,candidate-fba75a79e654d576,ev-76196aabd041ea42
link-43383d1be025c9cb,assertions,sys-sansad-chatbot-field-01,ev-d97e3754ed5dbcfb
link-4373a311222ec774,system_institutions,role-5cafa0aa6d03deba,ev-94d76d0aa5c3e701
link-437cb374250f08d1,assertions,sys-djb-twin-field-12,ev-fcad312fd113fbde
link-438fb78dba15122b,assertions,sys-fest-field-08,ev-b132dda612186841
link-43a1f282e84c95b9,assertions,sys-cwc-google-field-02,ev-ad18a08c2045d8e4
link-43f3c02186f5aabe,assertions,sys-mvis-field-06,ev-dd6bff181c8751e7
link-4436903eb0113e0f,assertions,sys-epaarvai-field-08,ev-d806e840048a51b8
link-444db93534c889f5,assertions,sys-suvas-field-11,ev-5134d5f61f7713cb
link-44977a96442991d6,assertions,sys-cwc-google-field-11,ev-ad18a08c2045d8e4
link-44986e2a68803985,assertions,sys-delhi-itms-field-01,ev-187e234e0cfe91ee
link-44c19bad0907976b,assertions,sys-raidar-field-02,ev-4ea67a8581aa3465
link-44ce9d908e86479f,assertions,sys-sanjay-field-06,ev-7c4782e38b7176df
link-44d8a99570495391,system_institutions,role-1ecb780f8b331c9d,ev-d97e3754ed5dbcfb
link-44d943f3e069477e,controls,controls-3f4ee12eb94ad1cd,ev-785b9d354bda75b5
link-44e4e40ccd074b1f,assertions,sys-mahavistaar-field-11,ev-b93e61a4b3b99543
link-451c6884e0880d2b,assertions,sys-yaksh-field-11,ev-5061e779c17fb9c3
link-458949a33d3b2706,assertions,sys-esanjeevani-field-07,ev-d5e277100cd038a4
link-458dc4c16080b318,system_institutions,role-5c95b7578a712ae7,ev-d12d3c742dc74701
link-4593181bdd79fa0d,assertions,sys-djb-twin-field-09,ev-72bf06d6cb507e3b
link-459c6ef64d9d0506,assertions,sys-bhashini-field-12,ev-5b43df9f223f2f50
link-45c73d51fc166fe1,system_institutions,role-3436cbfcaf28a082,ev-74bf35d627754fe7
link-45e323f88952b3a8,assertions,sys-mahacrimeos-field-12,ev-9b9bc9c161213e93
link-464c377f5ea7625e,system_institutions,role-3e2a924d47c8f052,ev-01ba10a3cb6102b1
link-4670262769c1406b,assertions,sys-madhunetrai-field-12,ev-8f80f53a1d395b45
link-469dac3ceacececc,assertions,sys-fmr-fir-field-06,ev-4723a80c6badcc43
link-46c5d64bb9cc6851,system_institutions,role-cf43a1298b288980,ev-1c94bb73943e2003
link-46f47947add43de4,deployments,deployments-49ce682690a7dd0e,ev-a91c61d14a9de84a
link-4729784e023cd8a5,assertions,sys-sanjay-field-01,ev-7c4782e38b7176df
link-472acb1fbeed8566,system_institutions,role-34ba54e938bb44f8,ev-78a7e5f2337b08dc
link-47791115a0fdd726,assertions,sys-infomerge-field-11,ev-85de48e681308f15
link-47b3ae0ec85b325c,assertions,sys-teres-field-12,ev-142f112c834f7126
link-47d8a0b1abe092ce,assertions,sys-ioncology-field-06,ev-a0a95b218bc0edcb
link-47dc4d850c09b09f,evaluations,evaluation-cbeac9ed93a5b068,ev-d5e277100cd038a4
link-48177d715fd87e92,system_policy_links,policy-link-cd555d2ea6fafcf1,ev-4c99b89caf09c223
link-482ddb1f2230eeb2,assertions,sys-kisan-sarathi-field-06,ev-f9d26a9b468711e1
link-489e37c7c27ec111,assertions,sys-khushi-field-11,ev-f35ed5b02db1a0e8
link-48e39abd4d9dc406,assertions,sys-diksha-field-03,ev-19e3408f30ebe3a9
link-49125a8c798d1b70,assertions,sys-bifa-field-06,ev-c8144dc55b4404b8
link-49494b52dde7f44f,assertions,sys-bharat-vistaar-field-07,ev-a4f20f11cd1998d8
link-4959ffe9ba8c9892,assertions,sys-atman-field-12,ev-2075f8b5e99c3521
link-49c4adabb5aff4c4,assertions,sys-raidar-field-02,ev-347fb14878d51e42
link-49eecc735052be74,controls,controls-85e1d084158b260b,ev-c6191d8eebdead95
link-4abacf1d6753189e,assertions,sys-fri-field-11,ev-36c63713aedf7513
link-4b031a1f4a5fa8dd,assertions,sys-safe-kerala-field-06,ev-38e3a9b3e4a2ad3b
link-4b11b682e15bb44b,deployments,deployments-040d14ab720c6135,ev-9c46d8c5b9d0c028
link-4b247016d17dd709,deployments,deployments-b8cfb956ce441b71,ev-01c202157c63cd56
link-4b99b00fd613d7a1,assertions,sys-ejaadui-field-11,ev-39ccb8602ef80119
link-4bf827976e08070f,assertions,sys-igms-field-01,ev-1c94bb73943e2003
link-4c0e26a44b4a2db2,controls,control-5c9bf447c26050e8,ev-9ce5c53af54267de
link-4c4d4ce8e9a869f3,assertions,sys-uzhavan-pest-field-02,ev-a92915218ae3ebf7
link-4c75c36371ddfcb6,assertions,sys-astr-field-02,ev-c6191d8eebdead95
link-4c8b49f08bff2240,assertions,sys-yaksh-field-01,ev-434d39f6183f3412
link-4c94c7d2c75d3960,issues,issues-331bad35dc0e6a8c,ev-b9fc08c7af393aaa
link-4d037dbb55b673e6,assertions,sys-kisan-sarathi-field-12,ev-b1f5ec2fc7acca77
link-4d13d0b4682f7045,deployments,deployments-b2b5bb1a2b26dd42,ev-6ec3e3ddb067a3a3
link-4d170d64fa4bc31d,assertions,sys-abhigyan-field-06,ev-72d8ea94bf951b97
link-4d5af3b86309fdcc,deployments,deployments-ed059d31c2b562da,ev-93a4a86dd642b655
link-4d79121d96bcf08e,assertions,sys-astr-field-12,ev-c6191d8eebdead95
link-4d8b86b02216a394,assertions,sys-teres-field-06,ev-925adb62b50abedf
link-4da065a725ea8fcc,assertions,sys-djb-twin-field-01,ev-72bf06d6cb507e3b
link-4e073323962252ab,assertions,sys-crpi-field-06,ev-72d8ea94bf951b97
link-4e17705132cc6312,assertions,sys-cropic-field-06,ev-844d8367a2d6a0ca
link-4e184e4264ac1162,system_institutions,role-3285c9bb854cce4f,ev-2b9c374266cddb28
link-4e715abafdd5ce5f,assertions,sys-mds-field-11,ev-3c88cb41a5cccfd3
link-4eabca2c17f9d81e,assertions,sys-delhi-itms-field-06,ev-187e234e0cfe91ee
link-4ee5fc9c63996912,system_institutions,role-deaeae09fce16200,ev-b1c010178bb12be4
link-4ee8059eb0a6c947,assertions,sys-esanjeevani-field-10,ev-b521e04d171b8489
link-4f1137a753900f7a,assertions,sys-sansad-chatbot-field-06,ev-d97e3754ed5dbcfb
link-4f15c34d9f8a1797,assertions,sys-susahyak-field-06,ev-918f5adebbd8e0da
link-4f485a235899785f,system_institutions,role-fdae701298c9f6c4,ev-a0a95b218bc0edcb
link-4f8dce8c5bb92d4f,assertions,sys-upsc-field-12,ev-4e37da6f99ca59fb
link-4fc3ad57db306127,system_institutions,role-9447e13ee482ca67,ev-9c70d07aa7b7d88e
link-4fff64d55cc0f711,system_institutions,role-a9a1a22849d88582,ev-c4eb183c9465f54f
link-504de065e718c66e,assertions,sys-mahavistaar-field-03,ev-ab17eb64dbc014d7
link-5099f62c38fef510,issues,issues-4484c4bf77706392,ev-de9227e8745b99c1
link-50b5a5341da90a18,assertions,sys-mahavistaar-field-11,ev-21e1fb4bdc9d04c4
link-50d9d00813e41597,deployments,deployments-06393a09bac906bf,ev-2196b83b068b866a
link-510027ab469dcaf5,assertions,sys-railmadad-field-01,ev-fd79365303d136f6
link-5153c9cebe285664,assertions,sys-madhunetrai-field-01,ev-e926f7c4ed3a3144
link-51ca7a22b788fea6,assertions,sys-safe-kerala-field-02,ev-4c39ae26ccff5356
link-51d937ee3cf36f3c,assertions,sys-cyberguard-field-02,ev-b1c010178bb12be4
link-51efab69548ea0b8,assertions,sys-pais-field-03,ev-91598fc3e8dfb2e5
link-52038a3c3e1dc8e2,system_institutions,role-1cc88481c2a33aa7,ev-a59c760b5108bea9
link-5236b9a5605d4f71,assertions,sys-sansad-chatbot-field-06,ev-d8f9021428b5514c
link-52706ea0df39e126,assertions,sys-plcs-field-12,ev-8fd97bf9189638e4
link-52c3c0ed4e46b4a4,assertions,sys-askdisha-field-06,ev-a93ff3f506f67cc2
link-536d18b5c2a9c02d,deployments,deployments-8a752ee36579f633,ev-7b63c28752438caa
link-538173e8837aec3e,assertions,sys-fri-field-01,ev-ca1a4c705c5051f8
link-5381e616ec49402c,assertions,sys-igms-field-04,ev-2196b83b068b866a
link-53bc95c1b160b9b8,assertions,sys-fmr-fir-field-01,ev-c785f830f7bb33c1
link-54213f6708231eb3,assertions,sys-ejaadui-field-03,ev-1839f51fcd2953aa
link-542d8fcfe8e49c32,assertions,sys-uzhavan-pest-field-12,ev-d5043fea78b13bb0
link-5437805cedd4bdd9,deployments,deployments-ed059d31c2b562da,ev-e93ad9c0f3ef2a7a
link-5460ad5f0ff7f9a2,assertions,sys-seva-field-06,ev-a91c61d14a9de84a
link-54aa5808829720d0,assertions,sys-ksh-field-01,ev-a59c760b5108bea9
link-54b454f7c1431dc9,assertions,sys-djb-twin-field-06,ev-72bf06d6cb507e3b
link-54e51587ab4b1674,assertions,sys-safe-kerala-field-01,ev-a9b2bdb89b073a8f
link-54e95b1ac0c076f8,assertions,sys-yaksh-field-06,ev-44601336c015fe11
link-54f8830455a15e80,assertions,sys-npss-field-06,ev-7c6d5f2dd3c5be4a
link-556afa7059e54ccc,assertions,sys-kisan-emitra-field-06,ev-f1136ad2d14b9a97
link-556b010b43ec0ed9,assertions,sys-mds-field-01,ev-f35ed5b02db1a0e8
link-55879d38f88c5b2d,assertions,sys-mahacrimeos-field-11,ev-13cba305bb5b627d
link-559880116d475e06,deployments,deployments-dd505a9ca60b7b43,ev-d8f9021428b5514c
link-55a5a16f58e4a5c3,deployments,deployments-137611336b764de7,ev-d71fad63b9e686dd
link-5624e79369210a6a,assertions,sys-raidar-field-06,ev-c4eb183c9465f54f
link-564f076adf6ffe5c,assertions,sys-nhai-das-field-02,ev-ef091150725aae96
link-569335329c2fc1d0,assertions,sys-astram-field-07,ev-78a7e5f2337b08dc
link-56ab3e44fad17e29,metrics,metrics-974b493147ef3a94,ev-195f13f6177aa979
link-56d4988e95cc431b,assertions,sys-diksha-field-11,ev-19e3408f30ebe3a9
link-56e468976cd91f69,assertions,sys-khushi-field-01,ev-f35ed5b02db1a0e8
link-57029f01bc96e3f4,assertions,sys-kisan-sarathi-field-02,ev-4f47d4d0761898b3
link-57419e796a675e18,assertions,sys-iraste-field-06,ev-c3a3e01b6cb028bd
link-574a6debf32484a3,assertions,sys-seva-field-03,ev-0e30deddf18d0622
link-57531f9e8aa77448,procurements,procurements-2578d54a90953388,ev-187e234e0cfe91ee
link-575327716a4c050b,issues,issues-6db2f2952081b10b,ev-e93ad9c0f3ef2a7a
link-57553d5d3ac03573,deployments,deployments-06393a09bac906bf,ev-f1916339c7905d9e
link-575af41c4ae3d9da,assertions,sys-aware-field-01,ev-20af457a2e7221c7
link-575c959aa050b8b2,assertions,sys-raj-silicosis-field-12,ev-d12d3c742dc74701
link-5796315daa565b92,assertions,sys-teres-field-01,ev-925adb62b50abedf
link-57b90d39cc4a2770,assertions,sys-astram-field-06,ev-c53df2593192a2a7
link-57c5abeda8b8e995,assertions,sys-itms-field-03,ev-99362bef50f841bd
link-57ca4a5bf9907ff1,assertions,sys-astr-field-01,ev-7b63c28752438caa
link-57de7a836ccfbbc8,system_institutions,role-7c4452dfeefde15b,ev-347fb14878d51e42
link-5810d3ff4faf9b83,procurements,procurements-2578d54a90953388,ev-6d89a894886893f6
link-5811c68dec67f0aa,assertions,sys-teres-field-08,ev-886f9983c5193afa
link-581df890928f3e47,assertions,sys-safe-kerala-field-03,ev-38e3a9b3e4a2ad3b
link-58a6ad57d0d43de5,assertions,sys-iraste-field-02,ev-3f3f5d2f833b3512
link-58b906e683845557,system_institutions,role-09aea694c6c5577c,ev-34f53dacfbe6fc30
link-58c7ddb475d0429e,assertions,sys-advait-field-01,ev-95689df6ab600f02
link-58e70d7521ac29e3,system_institutions,role-155ed4d2d847fd93,ev-4a07d4e12da02862
link-58ec2d120325754f,assertions,sys-supace-field-12,ev-b9fc08c7af393aaa
link-58fb72ef50cf8a44,system_institutions,role-8adac7a247da30bf,ev-b9fc08c7af393aaa
link-598529e1945c3c6a,controls,controls-a63a378315df45b9,ev-0f8938ed5f8fbfc7
link-59972e10f094a850,assertions,sys-aadhaar-face-field-03,ev-0d6f628a1a6b5ded
link-59a5d77d9433e5a4,assertions,sys-saagu-baagu-field-12,ev-9c46d8c5b9d0c028
link-59c996e86d084136,assertions,sys-rail-ids-field-03,ev-925b71d104ed80e5
link-59cde95fa14497ee,deployments,deployments-49ce682690a7dd0e,ev-0e30deddf18d0622
link-59d4c44ab41ab7cb,assertions,sys-atman-field-11,ev-2075f8b5e99c3521
link-5a0d38abbee2148e,assertions,sys-iraste-field-06,ev-3f3f5d2f833b3512
link-5a0dc685b21fbf25,assertions,sys-iraste-field-12,ev-c3a3e01b6cb028bd
link-5a256d583f4a08db,assertions,sys-djb-twin-field-03,ev-72bf06d6cb507e3b
link-5a480c0f7bb8ac63,assertions,sys-kisan-emitra-field-01,ev-154e89e1752e44ca
link-5a74444de8512d08,deployments,deployments-e3e4727c3fa5f5f6,ev-925b71d104ed80e5
link-5a7adf67d920d859,assertions,sys-igms-field-01,ev-2196b83b068b866a
link-5ab4d0806595e80b,assertions,sys-aware-field-12,ev-d024e87e5ccff7cd
link-5acd19374b6b1ab6,assertions,sys-fmr-fir-field-11,ev-c785f830f7bb33c1
link-5aef73ecf1ab4ab7,deployments,deployments-7139ead4b966a118,ev-64cea29cd25a7964
link-5b4f1dada21d007e,assertions,sys-delhi-itms-field-06,ev-6d89a894886893f6
link-5b9faf0e554de755,assertions,sys-ioncology-field-02,ev-d71fad63b9e686dd
link-5bf1240e79cbd1d9,candidate_decisions,candidate-fba75a79e654d576,ev-881932661462ddb1
link-5c137842c376403c,deployments,deployments-d8d02505fc731509,ev-deb772e570ce28dc
link-5c2112933b35591a,assertions,sys-teres-field-04,ev-886f9983c5193afa
link-5c42ebf2c2972eb0,system_institutions,role-5cafa0aa6d03deba,ev-53f51b2a6a7f2173
link-5ca00920eaf618e2,system_institutions,role-6c65d120b52a2141,ev-ce731d7569d84b69
link-5d17dfe92ba8c0f7,assertions,sys-delhi-itms-field-01,ev-6d89a894886893f6
link-5d3846b2e2e68283,issues,issues-6530b690b4a3cb0a,ev-84cbf31f6d303d4b
link-5d42b24730c487bd,assertions,sys-delhi-itms-field-11,ev-187e234e0cfe91ee
link-5da9c63029b4e11d,assertions,sys-raj-silicosis-field-01,ev-d12d3c742dc74701
link-5dc0d02635c715fd,system_institutions,role-160aed1213fbf2f3,ev-4c39ae26ccff5356
link-5de1df42caf79625,assertions,sys-fmr-fir-field-01,ev-4723a80c6badcc43
link-5df88c67ddf7830f,controls,controls-ce9d0ed73a7f10a5,ev-4c99b89caf09c223
link-5e10f58fac04e985,assertions,sys-delhi-itms-field-02,ev-74bf35d627754fe7
link-5e21a5661bce493f,assertions,sys-sudarsan-field-12,ev-53f51b2a6a7f2173
link-5e352554e3f9182d,assertions,sys-cropic-field-11,ev-844d8367a2d6a0ca
link-5e73d0642ac4c91a,assertions,sys-rail-ids-field-11,ev-ca6c7f62018db8c4
link-5e7fccb3b0ee7f92,assertions,sys-kisan-emitra-field-03,ev-0ba45b2a7228ebcc
link-5ede3e11fa60ea96,deployments,deployments-a586880da2abff61,ev-00cfeef179ad9ae2
link-5f03ad7917b2ebd9,issues,issues-f00871269f586c20,ev-afea4645c0beeee1
link-5f3311a4aa994541,controls,control-5af52de2708fafe8,ev-b521e04d171b8489
link-5f35d71659cb8dd7,deployments,deployments-8a69aab952355f21,ev-7c4782e38b7176df
link-5f405299bdd2c5ae,assertions,sys-bodh-field-11,ev-881932661462ddb1
link-5f57a66a6cdea83a,assertions,sys-sudarsan-field-02,ev-53f51b2a6a7f2173
link-5f754abb54f4532f,assertions,sys-epaarvai-field-07,ev-fc9440ab612eca9e
link-5f7d9e9b8571ff0d,assertions,sys-sudarsan-field-03,ev-53f51b2a6a7f2173
link-5f8f5529718ce51a,assertions,sys-ksh-field-03,ev-0f8938ed5f8fbfc7
link-5f901ff0ca84a01f,evaluations,evaluation-0392f99b781dabb0,ev-f93730bbf8a07e6f
link-5fc8f3da0ba196e7,evaluations,evaluations-21bf161f0903c59b,ev-3f3f5d2f833b3512
link-6083fdd6f3319910,assertions,sys-ejaadui-field-02,ev-1839f51fcd2953aa
link-609e01e80d432d10,assertions,sys-iraste-field-01,ev-3f3f5d2f833b3512
link-60ba71ed52dd2e16,deployments,deployments-a6641c56a334d805,ev-ae7ffc5c67020f15
link-60c7546494c2bbd1,assertions,sys-infomerge-field-06,ev-ef6a2bec34b9ccab
link-60fd08ef7f66598b,assertions,sys-yaksh-field-03,ev-5061e779c17fb9c3
link-613af6f67b5b838c,assertions,sys-esanjeevani-field-03,ev-e93ad9c0f3ef2a7a
link-614ba47f1a182cbf,system_institutions,role-5c95b7578a712ae7,ev-deb772e570ce28dc
link-615bef94ef504724,issues,issues-17890833e6ba1b35,ev-844d8367a2d6a0ca
link-61af0ba4b6a9fe3a,assertions,sys-bhashini-field-06,ev-20f340b524d217c1
link-61c133498cac0e73,issues,issues-63749cdb4e713caa,ev-64cea29cd25a7964
link-61dcc0fedca4be27,assertions,sys-upsc-field-01,ev-798315f2c1354ed3
link-61f4838253054e26,assertions,sys-astr-field-02,ev-7b63c28752438caa
link-622c1e586b6fa799,assertions,sys-fest-field-11,ev-5420eac33b155cb5
link-624c4a5edbaf574a,system_links,system_links-34113d750748f30a,ev-01ba10a3cb6102b1
link-62586ede1d6b5bfa,assertions,sys-mds-field-02,ev-f35ed5b02db1a0e8
link-626e7ca775ba1cf2,assertions,sys-raj-silicosis-field-12,ev-deb772e570ce28dc
link-626f6a4e6098c4d8,assertions,sys-aadhaar-face-field-01,ev-1b5ce9a2c6cb3708
link-62ac9222873d3618,assertions,sys-catb-field-11,ev-d0747bb7e6fcdb49
link-62c310d5f0195f38,assertions,sys-infomerge-field-02,ev-ef6a2bec34b9ccab
link-62d022b9fd081195,assertions,sys-iraste-field-11,ev-a449c6a890bf69a8
link-62f54928c442cd99,assertions,sys-jeevan-pramaan-field-02,ev-cdbbd2ef3c9c05c3
link-6321c41dd5cd7826,assertions,sys-ioncology-field-12,ev-d71fad63b9e686dd
link-6346defc6ec7ac49,deployments,deployments-8e2e40ef2029a862,ev-434d39f6183f3412
link-63c976b191b34e1b,assertions,sys-aware-field-06,ev-d024e87e5ccff7cd
link-63cc54aef1a00ed3,assertions,sys-kisan-sarathi-field-03,ev-4a07d4e12da02862
link-641e2ea1799e35c1,assertions,sys-djb-twin-field-11,ev-fcad312fd113fbde
link-642a09e86ae9a8ea,assertions,sys-igms-field-06,ev-f1916339c7905d9e
link-644e1cc0ad269052,assertions,sys-paddymitra-field-06,ev-00cfeef179ad9ae2
link-645a554a516d69a4,assertions,sys-iraste-field-08,ev-02c9b6665e76f787
link-64922e14871c4f1f,controls,controls-aa2c3ec739b2190a,ev-4c3db383eb9cb790
link-6493e52ec1bc9082,assertions,sys-yaksh-field-06,ev-434d39f6183f3412
link-64bb5fc0e510ba39,assertions,sys-saagu-baagu-field-11,ev-9c46d8c5b9d0c028
link-64fae0e9dac6e510,assertions,sys-khushi-field-11,ev-645d00612587a804
link-65009d1e430132ca,assertions,sys-seva-field-02,ev-0e30deddf18d0622
link-652b29bdb5eeaf15,assertions,sys-raidar-field-01,ev-347fb14878d51e42
link-6546e969f8563099,assertions,sys-npss-field-12,ev-7c6d5f2dd3c5be4a
link-656ac271c8a97046,assertions,sys-igms-field-06,ev-cac418327d46852c
link-6593cc9fee174ef7,assertions,sys-sanjay-field-03,ev-7c4782e38b7176df
link-65cc91139cc2ee4a,system_links,system_links-fb2efcb3f9f9149c,ev-ab17eb64dbc014d7
link-65d2b576dcde4b8d,assertions,sys-mahacrimeos-field-04,ev-717b2b9502db52bf
link-65dfd7bf5028fa27,issues,issues-471aa95a2480ca4b,ev-060c00eba838f937
link-6613a5b59bc3e8e6,assertions,sys-cyberguard-field-11,ev-6a525c02845296ed
link-662b63c60c70a3ad,assertions,sys-digiyatra-field-01,ev-879969138084e52a
link-66a4814eb1a41199,deployments,deployments-a6dde8b2d1a9ad3e,ev-f9d26a9b468711e1
link-66cc8a9a384cb5d3,system_institutions,role-7ca0c005ecfc7c54,ev-844d8367a2d6a0ca
link-6700f04968dc6767,assertions,sys-cwc-google-field-01,ev-ad18a08c2045d8e4
link-6760c73223b4e750,deployments,deployments-7952e3be2323ed68,ev-c98a9cb13ac612c0
link-67d461b819d192d0,assertions,sys-cwc-google-field-12,ev-eb56ee0636060f07
link-67de184f1242e820,assertions,sys-raidar-field-03,ev-347fb14878d51e42
link-67f93c36b1fb6071,metrics,metrics-f3ff4af4a32bf9ad,ev-261116eb9ba2578f
link-6858a659ccc502b5,assertions,sys-suvas-field-08,ev-7f8f16e2707ab2ac
link-687541fcbd5bce5d,issues,issues-d9ed2f6f12fb3100,ev-5df18b44f742a6df
link-68a076b489656c1b,assertions,sys-infomerge-field-12,ev-85de48e681308f15
link-68de79ff2ceec854,assertions,sys-cwc-google-field-01,ev-3172c8805af67e76
link-68f2083de85f2afc,candidate_decisions,candidate-29ddf4b8ded90bdb,ev-01ba10a3cb6102b1
link-6938e1d320f04e1b,system_institutions,role-44c8f0fc526abe42,ev-1b5ce9a2c6cb3708
link-69477a25e9475c30,deployments,deployments-4b7177386610a7d9,ev-3f3f5d2f833b3512
link-69bb3d93d9f01ca1,assertions,sys-ksh-field-11,ev-0f8938ed5f8fbfc7
link-69cfa6d721c7fc8c,assertions,sys-djb-twin-field-06,ev-fcad312fd113fbde
link-69de3df0e6d00847,assertions,sys-supace-field-12,ev-bd23490bcc07f3f1
link-69dfa92131c1b6d3,assertions,sys-insight-field-03,ev-d7c80beb58b4d30c
link-69fe30f5bfb9119c,assertions,sys-uzhavan-pest-field-03,ev-a92915218ae3ebf7
link-6a8b93109cd9c2ea,assertions,sys-iraste-field-01,ev-02c9b6665e76f787
link-6a981a339185cd11,assertions,sys-fri-field-12,ev-ca1a4c705c5051f8
link-6aa376d05b069d24,assertions,sys-diksha-field-12,ev-19e3408f30ebe3a9
link-6ac39911cc9accd1,assertions,sys-uzhavan-pest-field-11,ev-1b6c9f980df339b2
link-6af00cc9b222022e,assertions,sys-ioncology-field-12,ev-a0d950118e6c3ab3
link-6b765fcc6b01ecf2,assertions,sys-nuwr-analysis-field-01,ev-a0532490d402fdfe
link-6c2d557e04fe3e85,evaluations,evaluation-cbeac9ed93a5b068,ev-666bcb223aa7b959
link-6c404c5405c238dc,deployments,deployments-4e27f51ee9e32bc6,ev-4c39ae26ccff5356
link-6c5e9daeab9f821f,assertions,sys-supace-field-02,ev-b9fc08c7af393aaa
link-6c6e0bab40908187,assertions,sys-bifa-field-02,ev-17f5d516f919386a
link-6c805278ab3211dc,deployments,deployments-4060eb2e54432bdb,ev-17f5d516f919386a
link-6c91f8f10bc11d3d,metrics,metrics-cc2daa40c0cfe860,ev-5b43df9f223f2f50
link-6cd896d017f33c91,assertions,sys-askdisha-field-03,ev-a93ff3f506f67cc2
link-6ce1007e0e1f87f9,system_institutions,role-160aed1213fbf2f3,ev-a9b2bdb89b073a8f
link-6ce51dc914c69c16,assertions,sys-mahavistaar-field-02,ev-b93e61a4b3b99543
link-6d1aac3df3d12f20,assertions,sys-madhunetrai-field-06,ev-e926f7c4ed3a3144
link-6d2905f19d5e9dc5,assertions,sys-kisan-sarathi-field-11,ev-4a07d4e12da02862
link-6d43980be905f020,assertions,sys-mausamgpt-field-11,ev-5b520389b734ebd3
link-6d9f97ffa0bf3fe5,assertions,sys-astram-field-01,ev-c53df2593192a2a7
link-6dabaf2ae59271af,assertions,sys-cyberguard-field-04,ev-6a525c02845296ed
link-6dae56d975e1a142,system_institutions,role-490bd613b2c7fa51,ev-925adb62b50abedf
link-6dde943c627472b9,assertions,sys-saagu-baagu-field-06,ev-9c46d8c5b9d0c028
link-6e119eeabf9148d7,issues,issues-494aa24bb53b27a4,ev-a59c760b5108bea9
link-6e1b5cf4dbc0029e,assertions,sys-safe-kerala-field-01,ev-4c39ae26ccff5356
link-6e4f5f47ed57dad6,assertions,sys-sanjay-field-06,ev-11a78f8f67259d75
link-6e57fa29a1c316b8,assertions,sys-madhunetrai-field-07,ev-a38d37bf8a2daa03
link-6e95a8e095070501,system_institutions,role-30a0150f74c28ebd,ev-c98a9cb13ac612c0
link-6ec09caade085968,issues,issues-6530b690b4a3cb0a,ev-666bcb223aa7b959
link-6ee33fd613886e92,assertions,sys-infomerge-field-11,ev-9c70d07aa7b7d88e
link-6f34259c28123610,issues,issues-8f78d3d82d7c9314,ev-4e37da6f99ca59fb
link-6f583e2f409eeff8,assertions,sys-ejaadui-field-12,ev-1839f51fcd2953aa
link-6f5a0dd54966724c,system_institutions,role-1031c50fa1c24563,ev-a0a95b218bc0edcb
link-6f66ea4595f1928f,assertions,sys-raidar-field-03,ev-c4eb183c9465f54f
link-6f75e2b0568dc0e6,deployments,deployments-476794153f290fd9,ev-d024e87e5ccff7cd
link-6f813cafb6baf19e,assertions,sys-raj-silicosis-field-03,ev-deb772e570ce28dc
link-6f81a24ca71518b9,system_institutions,role-a51ed65d0972b622,ev-9245657c1e04d8d2
link-6fa94081aace7460,assertions,sys-yaksh-field-11,ev-434d39f6183f3412
link-6fbd6143300036db,system_institutions,role-6ed2467d5f96282b,ev-f1136ad2d14b9a97
link-6ffe57db30b7cf30,system_institutions,role-e068aa9c2eedf3c2,ev-cdbbd2ef3c9c05c3
link-70034ed7415ace65,system_institutions,role-1cc88481c2a33aa7,ev-c571acfc9b660467
link-706752dca1bfb454,assertions,sys-mahavistaar-field-02,ev-21e1fb4bdc9d04c4
link-70b28d5c72bf8b0b,assertions,sys-plcs-field-02,ev-2ead04113c7645bb
link-70b8cf70009e8647,assertions,sys-ejaadui-field-01,ev-39ccb8602ef80119
link-70b8e9e1b8aa7dba,assertions,sys-pais-field-06,ev-91598fc3e8dfb2e5
link-71b7cabb6368d9cd,assertions,sys-upsc-field-11,ev-4e37da6f99ca59fb
link-722c49abe06d5ded,assertions,sys-igms-field-09,ev-785b9d354bda75b5
link-725817e5c8175f0f,assertions,sys-mvis-field-01,ev-dd6bff181c8751e7
link-725db206b1bef174,assertions,sys-atman-field-03,ev-8be9b65f4a09090b
link-727d8cfeed815152,assertions,sys-fri-field-07,ev-36c63713aedf7513
link-729161b173043fa5,assertions,sys-paddymitra-field-02,ev-a9fd2160cea4544a
link-72fa1483dc9777df,assertions,sys-madhunetrai-field-12,ev-f5f98d06e62ea643
link-73062a6162c03434,assertions,sys-astram-field-11,ev-78a7e5f2337b08dc
link-73279b7adb3823ea,assertions,sys-apt-field-12,ev-9c4a6643ce3f5252
link-73347402fd4ee5f6,assertions,sys-itms-field-12,ev-99362bef50f841bd
link-7356356fd44203b3,assertions,sys-igms-field-11,ev-f1916339c7905d9e
link-737360c741134b22,assertions,sys-cropic-field-06,ev-c135ca02be0695ab
link-738bf08fe0ffabe1,assertions,sys-esanjeevani-field-09,ev-65dc054edd2a89f8
link-73a4be5a2844df20,assertions,sys-delhi-itms-field-11,ev-6d89a894886893f6
link-73b590aa96024bac,candidate_decisions,candidate-ffcc9ec64703b357,ev-925adb62b50abedf
link-73dc299f231f8819,system_institutions,role-4e7e49952f97e1c8,ev-d5043fea78b13bb0
link-741c8ad88a3d15f3,assertions,sys-madhunetrai-field-02,ev-e926f7c4ed3a3144
link-745f528aa9e0e0e1,assertions,sys-yaksh-field-08,ev-4a64de0f57c24c61
link-7468ee561ec2e6e4,assertions,sys-askdisha-field-12,ev-3c01b5d53ad21f43
link-7474d2a914197853,assertions,sys-yaksh-field-02,ev-5061e779c17fb9c3
link-747fd60722ef5a40,assertions,sys-uzhavan-pest-field-02,ev-d5043fea78b13bb0
link-74a656daa2922c40,deployments,deployments-2bf5e92c2b96046a,ev-ea5a7f5a6590d903
link-74dd4f2ac0bf5743,candidate_decisions,candidate-84c0fd5cd36f726e,ev-f06faab94bfde060
link-75423f579295435f,assertions,sys-teres-field-01,ev-142f112c834f7126
link-755adbe6659117a7,assertions,sys-infomerge-field-12,ev-ef6a2bec34b9ccab
link-758cd610e026aaf0,assertions,sys-igms-field-12,ev-1c94bb73943e2003
link-75959d47632263f7,deployments,deployments-ff0499ccd50f6e2e,ev-ef091150725aae96
link-764a9e1bcd929116,assertions,sys-bifa-field-06,ev-17f5d516f919386a
link-7671c94695a95535,system_institutions,role-2d78ba6a4802f52c,ev-a9fd2160cea4544a
link-767e24d1926f4be7,assertions,sys-bharat-vistaar-field-12,ev-5df18b44f742a6df
link-76bc1ce5d3e77abf,assertions,sys-igms-field-01,ev-f1916339c7905d9e
link-76d8e44d777d00f6,metrics,metrics-38746cef4d5114ab,ev-faac4c7a85628622
link-76e237d990c20bfe,assertions,sys-mahavistaar-field-12,ev-b93e61a4b3b99543
link-77547be2c4cbc2e2,assertions,sys-iraste-field-02,ev-a449c6a890bf69a8
link-77bc44616cc3d5cf,assertions,sys-saagu-baagu-field-06,ev-ef9b11aeda9ffe27
link-77c2a856d832fd40,assertions,sys-ioncology-field-03,ev-d71fad63b9e686dd
link-77d2e8af74d51830,metrics,metrics-8a5ca668af877043,ev-57c96edf634f5d31
link-784c914bc51fe500,system_institutions,role-84eaa58e8e957bfa,ev-f35ed5b02db1a0e8
link-78569fb72265acbc,assertions,sys-bharat-vistaar-field-05,ev-5ff085c6895d33a6
link-787f61a2ebeb5065,assertions,sys-bhashini-field-12,ev-20f340b524d217c1
link-78e0737a5ea20096,assertions,sys-infomerge-field-03,ev-85de48e681308f15
link-796c87fc06d1a2ff,assertions,sys-bmc-tb-field-03,ev-c98a9cb13ac612c0
link-79742a06288b3c9c,evaluations,evaluations-21bf161f0903c59b,ev-c3a3e01b6cb028bd
link-799c379a437474cf,assertions,sys-aware-field-11,ev-d024e87e5ccff7cd
link-79a417f0a8b19a18,deployments,deployments-f409e028668740ec,ev-5420eac33b155cb5
link-79c2fb69bd1e00e8,assertions,sys-jeevan-pramaan-field-06,ev-cdbbd2ef3c9c05c3
link-79c4443a9e0c06b6,candidate_decisions,candidate-c11850f4e21c5a6b,ev-2c2251ded92cf732
link-79d6daa48256c8ce,deployments,deployments-7144d2a1f7ccb5e0,ev-3c54c0a80c3bfd52
link-79e4b1866cec47ae,assertions,sys-uzhavan-pest-field-11,ev-d5043fea78b13bb0
link-7a3d4d0caf31178a,assertions,sys-delhi-itms-field-03,ev-64cea29cd25a7964
link-7a4cda2bc6934a34,assertions,sys-teres-field-11,ev-142f112c834f7126
link-7aa8715e6801c618,assertions,sys-suvas-field-06,ev-b327582229c6bba5
link-7aba318f27250f60,assertions,sys-delhi-itms-field-11,ev-74bf35d627754fe7
link-7ae72c547ec41a43,controls,control-9e04e6fae515f378,ev-abd9810c76334ba4
link-7af67df350c7b345,assertions,sys-cyberguard-field-06,ev-159bed40f9925743
link-7b3c602df703dcf1,assertions,sys-ksh-field-03,ev-a59c760b5108bea9
link-7b65344f1460d1aa,assertions,sys-paddymitra-field-03,ev-6b1baa2378a2be09
link-7b6869f3e9683cf4,assertions,sys-rail-vss-field-01,ev-8b8468577847a2f6
link-7b7b01df24a16cf9,assertions,sys-igms-field-12,ev-2196b83b068b866a
link-7b8ff57e1e54d10b,procurements,procurements-ff82494a8df1d54e,ev-5ff085c6895d33a6
link-7c1ecf1b88ca1dec,assertions,sys-aware-field-12,ev-20af457a2e7221c7
link-7c35b3ec6b88a428,assertions,sys-mausamgpt-field-02,ev-5b520389b734ebd3
link-7c417a06008f0b8d,assertions,sys-teres-field-12,ev-925adb62b50abedf
link-7cbcc7b6599c7e35,assertions,sys-cropic-field-12,ev-c135ca02be0695ab
link-7cc105579bc31fe6,assertions,sys-digiyatra-field-06,ev-2b9c374266cddb28
link-7cef4cc9b7443168,assertions,sys-epaarvai-field-04,ev-a9e9c7db8355d490
link-7cf1c0a7be1fab0a,assertions,sys-mahavistaar-field-02,ev-ab17eb64dbc014d7
link-7cf3c5d85fee0b7c,assertions,sys-safe-kerala-field-04,ev-38e3a9b3e4a2ad3b
link-7d1bfe2fbf6b6948,assertions,sys-astram-field-11,ev-ae7ffc5c67020f15
link-7d3300dd7a2128a3,assertions,sys-ksh-field-02,ev-0f8938ed5f8fbfc7
link-7d5b6322c41bf82f,assertions,sys-susahyak-field-03,ev-918f5adebbd8e0da
link-7d700e6c33710066,assertions,sys-infomerge-field-03,ev-9c70d07aa7b7d88e
link-7da2ec6ca3cf69d6,assertions,sys-sudarsan-field-11,ev-01c202157c63cd56
link-7db5b0d2038fafbc,assertions,sys-cropic-field-02,ev-c135ca02be0695ab
link-7dfa87407f9b34c9,assertions,sys-ksh-field-04,ev-c571acfc9b660467
link-7e7c7227f90f1560,system_institutions,role-1ecb780f8b331c9d,ev-75790536671a8d68
link-7e7dfd9ec0720fa0,metrics,metrics-dce10123a29cc481,ev-8fd97bf9189638e4
link-7e8135431f3051ee,deployments,deployments-a586880da2abff61,ev-a9fd2160cea4544a
link-7eb2ec7ff1dd7827,issues,issues-4c27dd3b4499638c,ev-9090df6c5598a480
link-7ebbb91f58412b6c,assertions,sys-ioncology-field-11,ev-d71fad63b9e686dd
link-7ec5b8bfa9d1a45e,assertions,sys-rail-ids-field-07,ev-a9de1bc8fba162e8
link-7f2327f717bdfae9,assertions,sys-infomerge-field-01,ev-9c70d07aa7b7d88e
link-7f24e3d0be5fef40,assertions,sys-sansad-chatbot-field-12,ev-d97e3754ed5dbcfb
link-7f985f1fe080f669,assertions,sys-insight-field-04,ev-2e65d9eb29304fe7
link-7fa1f9d44604436d,assertions,sys-infomerge-field-01,ev-ef6a2bec34b9ccab
link-7fb583d68c410e9e,system_institutions,role-f296920a803e5950,ev-f9d26a9b468711e1
link-7feb76ccc344a591,deployments,deployments-a6641c56a334d805,ev-78a7e5f2337b08dc
link-800a6ce57dd2491e,assertions,sys-catb-field-02,ev-d0747bb7e6fcdb49
link-804f34a441717a90,assertions,sys-iraste-field-03,ev-3f3f5d2f833b3512
link-8071cc07188d5f40,assertions,sys-bharat-vistaar-field-01,ev-e320b37ef693f93a
link-8083c9a9c19bf119,assertions,sys-astr-field-03,ev-7b63c28752438caa
link-80b8e6110f56a2c3,system_institutions,role-3285c9bb854cce4f,ev-879969138084e52a
link-813c5b40f6ca0e9f,assertions,sys-bhashini-field-03,ev-45d027116569bffa
link-8168c6c9bf066a2d,assertions,sys-suvas-field-02,ev-7f8f16e2707ab2ac
link-81b4c87b32d97b85,system_institutions,role-9d2fbb3798d76a93,ev-6d89a894886893f6
link-81d642cd0cb4efb7,system_institutions,role-1bbe014d9127b071,ev-b327582229c6bba5
link-820d6740279aee33,deployments,deployments-d75f49619c47faad,ev-b93e61a4b3b99543
link-8211b9136d50262d,assertions,sys-ejaadui-field-03,ev-39ccb8602ef80119
link-822f1d2589270e7b,system_institutions,role-2d78ba6a4802f52c,ev-00cfeef179ad9ae2
link-824aaf55e4764147,assertions,sys-kisan-sarathi-field-12,ev-4a07d4e12da02862
link-82d678f543bed385,assertions,sys-plcs-field-03,ev-6084f7ec98bea16c
link-8323b966ec902cd6,assertions,sys-susahyak-field-02,ev-918f5adebbd8e0da
link-8337893daee91d08,assertions,sys-cyberguard-field-03,ev-82d44a78b9d17324
link-83402a35dcfe37f6,assertions,sys-safe-kerala-field-02,ev-38e3a9b3e4a2ad3b
link-835c27ffda36a594,system_institutions,role-4e7e49952f97e1c8,ev-a92915218ae3ebf7
link-83687198c0eb0e6b,assertions,sys-npss-field-06,ev-4f5a6ab17425939f
link-83965a07c0e5d396,assertions,sys-safe-kerala-field-03,ev-a9b2bdb89b073a8f
link-83aef39979a90eee,evaluations,evaluation-1d6996d576339737,ev-159bed40f9925743
link-83e2d55f70e94276,assertions,sys-epaarvai-field-11,ev-8bab26729c57b7c1
link-83f594ba4ccf6f3d,system_institutions,role-f0e5632f2905f60e,ev-c98a9cb13ac612c0
link-840cd28eecbb8255,assertions,sys-rail-vss-field-06,ev-8b8468577847a2f6
link-840e66346a8d20d8,assertions,sys-railmadad-field-11,ev-b04137d47e98247b
link-84337c34c693dc0f,issues,issues-331bad35dc0e6a8c,ev-bd23490bcc07f3f1
link-843a142e14c75667,deployments,deployments-4b7177386610a7d9,ev-a449c6a890bf69a8
link-844855c689fc8b56,assertions,sys-paddymitra-field-01,ev-00cfeef179ad9ae2
link-845727fd74a6e0b6,assertions,sys-khushi-field-01,ev-645d00612587a804
link-845d39220cd880f2,procurements,procurements-18b44715ffb7f8ed,ev-2e65d9eb29304fe7
link-84af4eaef1e4ab04,assertions,sys-rail-vss-field-12,ev-8b8468577847a2f6
link-84dfe7b05c3325d6,assertions,sys-mvis-field-12,ev-73eaba3d416c1d63
link-85752aeebacfeaf2,assertions,sys-djb-twin-field-12,ev-72bf06d6cb507e3b
link-858ba5d77ff97b8e,system_institutions,role-71b2b3ba2249758c,ev-2e93c1cfe417e173
link-85ad96ddb2c8c600,assertions,sys-mausamgpt-field-06,ev-5b520389b734ebd3
link-85ddd2d74888af2e,assertions,sys-fest-field-01,ev-5420eac33b155cb5
link-85df3e27283bcd74,issues,issues-ebfd52d9545d04d4,ev-f93730bbf8a07e6f
link-85fefaa9f2e7c5a1,controls,controls-5d2dc1beca40227e,ev-339ffea1a4d420c0
link-860d019dfa905f23,assertions,sys-epaarvai-field-12,ev-8bab26729c57b7c1
link-8632b3ab9a2a0d8c,system_institutions,role-72827e85a529e77d,ev-8be9b65f4a09090b
link-8632e6955f2a7c3f,assertions,sys-aadhaar-face-field-12,ev-1b5ce9a2c6cb3708
link-8635e53e61452e65,system_institutions,role-cf43a1298b288980,ev-cac418327d46852c
link-863b36d3a8782981,controls,control-8e9ff4da26df3bf7,ev-382a118c71ae0849
link-8651a757ea732c5e,assertions,sys-catb-field-07,ev-0fddc1b4a672c31d
link-865b12ce8d0ecfe4,controls,control-90d4936d0f9818b9,ev-e598a6a145778cd0
link-8689dd3734170cb2,assertions,sys-npss-field-02,ev-4f5a6ab17425939f
link-868f8dc9131d7465,assertions,sys-bifa-field-11,ev-17f5d516f919386a
link-86ac9c39ef4076c0,assertions,sys-susahyak-field-03,ev-014fdc589e07870b
link-86fc5cf3204fe0dd,assertions,sys-ejaadui-field-06,ev-1839f51fcd2953aa
link-871b6976a31d7d8f,assertions,sys-sansad-chatbot-field-01,ev-d8f9021428b5514c
link-878505527eba8c5b,deployments,deployments-248cde3a24c1aba1,ev-5df18b44f742a6df
link-87f7e1dd5035c6e0,assertions,sys-bodh-field-11,ev-76196aabd041ea42
link-881300b679b4f98f,assertions,sys-npss-field-12,ev-be3cfd5f8ca84323
link-8853e82e8b990412,assertions,sys-apt-field-03,ev-1adc6b21f2a2523d
link-8855c3ad52c0e238,deployments,deployments-4435a62fb9ab493a,ev-ca1a4c705c5051f8
link-8892b700d19f7ae5,assertions,sys-iraste-field-07,ev-c3a3e01b6cb028bd
link-8905d2c84f9e670a,issues,issues-4484c4bf77706392,ev-9b9bc9c161213e93
link-8906375c7f63fe25,assertions,sys-apt-field-11,ev-9c4a6643ce3f5252
link-891428b659a64a31,assertions,sys-digiyatra-field-09,ev-fc7150a4641be640
link-89775c19115c91fc,candidate_decisions,candidate-d20381e1f80d2e1c,ev-3c88cb41a5cccfd3
link-89879aee8b7f4ca6,assertions,sys-infomerge-field-03,ev-ef6a2bec34b9ccab
link-899d9722289d360f,assertions,sys-bifa-field-03,ev-c8144dc55b4404b8
link-89d12489dcf0b040,candidate_decisions,candidate-d20381e1f80d2e1c,ev-645d00612587a804
link-89ece36b457539e6,assertions,sys-saagu-baagu-field-05,ev-f38cb68e2368404e
link-8a46c2d10a6f3460,assertions,sys-paddymitra-field-02,ev-00cfeef179ad9ae2
link-8a5cc3886af65503,assertions,sys-delhi-itms-field-05,ev-6d89a894886893f6
link-8a788e627748d2c4,system_institutions,role-b99da9e571c299ea,ev-72d8ea94bf951b97
link-8a98b7f9c25bc02e,assertions,sys-ioncology-field-03,ev-a0d950118e6c3ab3
link-8b0cb067926f43b6,assertions,sys-rajgpt-field-03,ev-eb597bd0109ad86a
link-8b3513032d24428d,assertions,sys-fmr-fir-field-03,ev-c785f830f7bb33c1
link-8b4fcf7cb5af082f,assertions,sys-epaarvai-field-09,ev-4a44ccc331cc7643
link-8b8fdf6de4ad4fb8,assertions,sys-cwc-google-field-04,ev-ad18a08c2045d8e4
link-8bc77b1d6fe92424,assertions,sys-madhunetrai-field-01,ev-8f80f53a1d395b45
link-8bdba1fb6f7a30b4,system_institutions,role-44c8f0fc526abe42,ev-0d6f628a1a6b5ded
link-8befad6c3f77b505,system_institutions,role-d6e32aedfde2e3c1,ev-e320b37ef693f93a
link-8bf9a53be695d46b,assertions,sys-abhigyan-field-02,ev-cf443eec50ef87c6
link-8c0631e270d0aba0,system_institutions,role-a52de8749a2a2c54,ev-5b520389b734ebd3
link-8c0bb280c134cbea,assertions,sys-cyberguard-field-12,ev-82d44a78b9d17324
link-8c167069f8e2978e,deployments,deployments-bedfd8c333f99e58,ev-c785f830f7bb33c1
link-8c335c2a86a98057,assertions,sys-ksh-field-12,ev-0f8938ed5f8fbfc7
link-8c3aa9ece1477c22,assertions,sys-seva-field-01,ev-0e30deddf18d0622
link-8c96615ee6cc6bda,assertions,sys-seva-field-03,ev-4711bafe357cae6c
link-8ca60e40165ed03e,assertions,sys-epaarvai-field-09,ev-dfa906ce9b4ec9de
link-8cdfa50a65bfa8fa,procurements,procurements-173735ba26182191,ev-b6878ee5e811bb79
link-8cf3228d0141260f,assertions,sys-igms-field-03,ev-cac418327d46852c
link-8d18c05c413e3d56,assertions,sys-npss-field-01,ev-4f5a6ab17425939f
link-8d35e9f659be72b2,assertions,sys-npss-field-05,ev-b520b5befb254baa
link-8d45065639b3e6d8,assertions,sys-epaarvai-field-01,ev-a9e9c7db8355d490
link-8db8c292dc87ac07,assertions,sys-askdisha-field-04,ev-1f56f39d407dac72
link-8e7d216c0b75e72a,deployments,deployments-4060eb2e54432bdb,ev-c8144dc55b4404b8
link-8ee87aac9ce8c042,system_institutions,role-1cc88481c2a33aa7,ev-0f8938ed5f8fbfc7
link-8f42aabbb8ce6817,assertions,sys-mds-field-02,ev-3c88cb41a5cccfd3
link-8f848f1bf8c814ba,controls,control-90d4936d0f9818b9,ev-65dc054edd2a89f8
link-8fa2a4e722f712d9,assertions,sys-esanjeevani-field-03,ev-93a4a86dd642b655
link-8faaabac9048a619,assertions,sys-madhunetrai-field-08,ev-0e65fa95843d7714
link-8fe56fe68a9c1a04,assertions,sys-khushi-field-12,ev-645d00612587a804
link-903c96bf037e2081,assertions,sys-bifa-field-03,ev-17f5d516f919386a
link-904d25443607fa53,assertions,sys-raj-silicosis-field-01,ev-deb772e570ce28dc
link-9062e41d161ff11c,assertions,sys-suvas-field-12,ev-7f8f16e2707ab2ac
link-90a93a70940767dc,assertions,sys-insight-field-11,ev-d7c80beb58b4d30c
link-9136d86ad40a38e2,assertions,sys-fri-field-06,ev-9090df6c5598a480
link-914a28f1f0bad260,assertions,sys-rajgpt-field-11,ev-eb597bd0109ad86a
link-9155656768f4548b,assertions,sys-sudarsan-field-03,ev-01c202157c63cd56
link-91715fc0d705613e,assertions,sys-cropic-field-09,ev-b4d1df2bb3b83911
link-91cc27dac4742702,system_institutions,role-e068aa9c2eedf3c2,ev-def7e30b7e0b877c
link-91f875d56f6bde4b,assertions,sys-iraste-field-06,ev-a449c6a890bf69a8
link-921c92deafac7b6d,assertions,sys-epaarvai-field-07,ev-e257e5bc6b20bd08
link-92367110ed8d9024,assertions,sys-ioncology-field-12,ev-a0a95b218bc0edcb
link-929dce1285e15767,assertions,sys-delhi-itms-field-12,ev-187e234e0cfe91ee
link-92afdc7a1993bbd7,deployments,deployments-4435a62fb9ab493a,ev-36c63713aedf7513
link-92ba052375582522,assertions,sys-safe-kerala-field-11,ev-38e3a9b3e4a2ad3b
link-92d0aa4b512346d5,system_institutions,role-9c01fe722aa2ff6a,ev-154e89e1752e44ca
link-930ad1d351b03a7e,assertions,sys-ejaadui-field-03,ev-e0324f957f809f0f
link-932192c38796d790,assertions,sys-aware-field-07,ev-f1b277f426e095b4
link-932321ed54cc4703,system_institutions,role-f04196b352760171,ev-881932661462ddb1
link-9341ac1481df956e,assertions,sys-sanjay-field-11,ev-11a78f8f67259d75
link-93696b7b597377f4,controls,control-9e04e6fae515f378,ev-3ca4d5cc952cb6a5
link-9412341fb8b752fe,assertions,sys-saagu-baagu-field-01,ev-ef9b11aeda9ffe27
link-9441cb54172384b3,assertions,sys-madhunetrai-field-06,ev-8f80f53a1d395b45
link-946a5a3f59df2300,metrics,metrics-d91a696d1fd2a785,ev-261116eb9ba2578f
link-94c6a36460ab1f2b,assertions,sys-bharat-vistaar-field-12,ev-bb4c5cffe21e438d
link-94e6a1b34e26ec97,assertions,sys-teres-field-11,ev-925adb62b50abedf
link-94ec150ce544a192,assertions,sys-cyberguard-field-01,ev-b1c010178bb12be4
link-951bdd3268175f00,system_institutions,role-2f06a0f17b70a0a3,ev-2196b83b068b866a
link-9569c2e86a8b7ef1,assertions,sys-bhashini-field-03,ev-20f340b524d217c1
link-9594d4fd41fcc3c0,assertions,sys-ksh-field-08,ev-0f8938ed5f8fbfc7
link-95c2c5ceb9b45965,assertions,sys-yaksh-field-02,ev-434d39f6183f3412
link-95d0fc2358906cc6,assertions,sys-paddymitra-field-03,ev-00cfeef179ad9ae2
link-96209146450bab72,system_institutions,role-52eff90caef8036f,ev-eb56ee0636060f07
link-96bedc8ccbab236b,system_policy_links,policy-link-bba16a2af618b3ef,ev-a9de1bc8fba162e8
link-96ca8ab179ae6472,assertions,sys-uzhavan-pest-field-01,ev-1b6c9f980df339b2
link-970db7dcaca3de90,assertions,sys-madhunetrai-field-12,ev-e926f7c4ed3a3144
link-971ebab7d373cb84,assertions,sys-insight-field-06,ev-318a2aa21613c504
link-9730a0fd9f07d9df,procurements,procurements-fab6916111b3a1ad,ev-b63b9f5e424312e9
link-974e89987cf8fa15,assertions,sys-ksh-field-01,ev-c571acfc9b660467
link-97ab1116d5fbb1a6,assertions,sys-railmadad-field-10,ev-fd79365303d136f6
link-97c7deaf5543f662,system_institutions,role-c54e309606a07f0f,ev-95689df6ab600f02
link-97d889b214cba678,assertions,sys-iraste-field-03,ev-02c9b6665e76f787
link-97f98f1800695280,assertions,sys-aware-field-03,ev-20af457a2e7221c7
link-9806598f07d5e82f,assertions,sys-cctns2-field-01,ev-77f3dd20d3744711
link-982823a9faad2345,assertions,sys-nhai-das-field-11,ev-134ffe8f18c4c59a
link-985baa881d7d6ff2,candidate_decisions,candidate-ffcc9ec64703b357,ev-fd6a23a96a591ee1
link-987d44f36e0a39f9,assertions,sys-fmr-fir-field-02,ev-4723a80c6badcc43
link-98802301685e3cb4,assertions,sys-npss-field-01,ev-be3cfd5f8ca84323
link-98ae4575a2b7834f,assertions,sys-iraste-field-12,ev-02c9b6665e76f787
link-98c6e86dd4e89aa7,assertions,sys-insight-field-01,ev-d7c80beb58b4d30c
link-993a5ed844d2fd84,assertions,sys-upsc-field-04,ev-9c9aefd9c5a85812
link-993ed13cf22c1016,assertions,sys-abhigyan-field-11,ev-72d8ea94bf951b97
link-9960ad5484da3aa9,assertions,sys-askdisha-field-01,ev-3c01b5d53ad21f43
link-9a2367f280bee66e,assertions,sys-askdisha-field-11,ev-3c01b5d53ad21f43
link-9a61196f8d470781,assertions,sys-saagu-baagu-field-02,ev-ef9b11aeda9ffe27
link-9a795d855df1aa0e,deployments,deployments-a6dde8b2d1a9ad3e,ev-4f47d4d0761898b3
link-9aa28073a0fcf9c3,deployments,deployments-b1b678169d746237,ev-aefe752e300b1aeb
link-9ad2644868342800,assertions,sys-paddymitra-field-11,ev-a9fd2160cea4544a
link-9ae1fbab85c65b90,assertions,sys-bmc-tb-field-07,ev-abab488d2d1f1551
link-9b2e0985017f885c,assertions,sys-sansad-chatbot-field-11,ev-d8f9021428b5514c
link-9b5a48318dba35ca,system_institutions,role-b540ad91b7963d33,ev-d7c80beb58b4d30c
link-9b9c266a360dd660,assertions,sys-railmadad-field-03,ev-01ba10a3cb6102b1
link-9be6c69b322c7a0f,assertions,sys-ksh-field-01,ev-0f8938ed5f8fbfc7
link-9c2226e4cd1b918f,assertions,sys-rail-ids-field-06,ev-54f5db2c74dd83bb
link-9c4160a91e1a8e1e,assertions,sys-infomerge-field-01,ev-85de48e681308f15
link-9c577df59f1da0c5,assertions,sys-npss-field-02,ev-be3cfd5f8ca84323
link-9c6db3afaaf9f75a,assertions,sys-digiyatra-field-03,ev-db1a12bca8344975
link-9c893948e979c0c9,assertions,sys-bhashini-field-11,ev-b2f94dbd54b183e8
link-9c9ed05ad5590eb1,assertions,sys-itms-field-11,ev-aea948ce370d06b3
link-9cb45ca08a5d48ce,assertions,sys-iraste-field-12,ev-3f3f5d2f833b3512
link-9d036324a0c69e1b,assertions,sys-suvas-field-11,ev-b327582229c6bba5
link-9d0c5c8227aae3e2,assertions,sys-kisan-sarathi-field-06,ev-4f47d4d0761898b3
link-9d7a48436cb55513,assertions,sys-esanjeevani-field-06,ev-f02224e421b09d92
link-9de4616caf2c4c6c,assertions,sys-cctns2-field-03,ev-77f3dd20d3744711
link-9e524e0aff25db38,system_institutions,role-cf43a1298b288980,ev-2196b83b068b866a
link-9e66195e3b5edcaf,assertions,sys-teres-field-02,ev-142f112c834f7126
link-9e69d57694071ab8,system_institutions,role-7dadd9ae037cc95d,ev-7c6d5f2dd3c5be4a
link-9e91fcf31344c4f1,assertions,sys-cwc-google-field-06,ev-3172c8805af67e76
link-9eb907a4e40642a0,assertions,sys-sudarsan-field-06,ev-94d76d0aa5c3e701
link-9ebe94f0da6879df,assertions,sys-atman-field-02,ev-8be9b65f4a09090b
link-9f18c6e90c8f5b18,assertions,sys-fri-field-11,ev-ca1a4c705c5051f8
link-9f325da0c10b917e,assertions,sys-ejaadui-field-12,ev-39ccb8602ef80119
link-9f3f471ee8a41f34,assertions,sys-djb-twin-field-08,ev-fcad312fd113fbde
link-9f4a3d70418bb50d,assertions,sys-sansad-chatbot-field-01,ev-75790536671a8d68
link-9f8d8088e7d2ca4e,assertions,sys-apt-field-02,ev-1adc6b21f2a2523d
link-9fb6c98c77b47d43,system_institutions,role-d6f98535aabaa519,ev-7c4782e38b7176df
link-9ff1738bfc8f4513,assertions,sys-susahyak-field-08,ev-b19c72527b0375cd
link-9ff7c7b5d7041eda,assertions,sys-infomerge-field-11,ev-ef6a2bec34b9ccab
link-a00b72c5a3cf6b4f,system_institutions,role-a9a1a22849d88582,ev-347fb14878d51e42
link-a011c25cdd4ad757,system_institutions,role-7dadd9ae037cc95d,ev-4f5a6ab17425939f
link-a0267bc0b6dbe2d9,assertions,sys-seva-field-02,ev-a91c61d14a9de84a
link-a07ff4463a207335,assertions,sys-mahavistaar-field-01,ev-ab17eb64dbc014d7
link-a0855a674ab7b39e,assertions,sys-upsc-field-09,ev-b0a3770f681c4921
link-a08c4bf5cdef9df0,deployments,deployments-59fe859d55fa9538,ev-d86efca3d00cac23
link-a0a911eb8b6946bd,assertions,sys-djb-twin-field-12,ev-dcdc8763f465680c
link-a0c22ae4aa965a02,assertions,sys-susahyak-field-02,ev-014fdc589e07870b
link-a0ec1ba718c2e497,assertions,sys-cropic-field-03,ev-c135ca02be0695ab
link-a1097313ebce4949,issues,issues-6db2f2952081b10b,ev-f8f21960705d527a
link-a223ec5366a7953e,candidate_decisions,candidate-84c0fd5cd36f726e,ev-5026155d495bf629
link-a23800ff5fc6c25f,assertions,sys-uzhavan-pest-field-01,ev-a92915218ae3ebf7
link-a2b10b18e4ec61ae,assertions,sys-mds-field-06,ev-3c88cb41a5cccfd3
link-a2b24a1cc9537bad,system_institutions,role-5cafa0aa6d03deba,ev-01c202157c63cd56
link-a2e38a446b1fad3d,assertions,sys-mvis-field-02,ev-dd6bff181c8751e7
link-a31169850af7e8ae,assertions,sys-mahacrimeos-field-12,ev-de9227e8745b99c1
link-a31d150822299de2,assertions,sys-catb-field-06,ev-d0747bb7e6fcdb49
link-a33a8ef545f486a7,assertions,sys-diksha-field-01,ev-19e3408f30ebe3a9
link-a347071eab602096,deployments,deployments-d8d02505fc731509,ev-d12d3c742dc74701
link-a3c925d10f1fa6f5,assertions,sys-delhi-itms-field-12,ev-74bf35d627754fe7
link-a40f693374106ca7,issues,issues-0afac3022aa19a60,ev-434d39f6183f3412
link-a4278a971ebdffff,deployments,deployments-51907e79d92e0115,ev-de9227e8745b99c1
link-a43257773bf416b3,assertions,sys-iraste-field-02,ev-02c9b6665e76f787
link-a452684cbc22c071,assertions,sys-mahacrimeos-field-11,ev-3bf6fa3a1f1b583d
link-a45e4be46b86b0d5,candidate_decisions,candidate-eeffea1fc2e76e1e,ev-e34fa7437be9e79c
link-a4d50f54ead47c07,assertions,sys-cwc-google-field-07,ev-90a9fddac6cb09f1
link-a55e8a517ba0055f,assertions,sys-fmr-fir-field-01,ev-b18b1576727cac96
link-a5624186693f0136,assertions,sys-iraste-field-11,ev-c3a3e01b6cb028bd
link-a57fd6eef01bfa70,assertions,sys-mds-field-01,ev-3c88cb41a5cccfd3
link-a5893ee5c95fad3a,assertions,sys-nuwr-analysis-field-03,ev-a0532490d402fdfe
link-a6124df67ac7d02c,assertions,sys-itms-field-01,ev-99362bef50f841bd
link-a61d39cc8745c944,assertions,sys-epaarvai-field-07,ev-d806e840048a51b8
link-a64b497f62be07cd,assertions,sys-susahyak-field-03,ev-8131fa05d3e1f147
link-a65d28be1bf20c2a,issues,issues-13f2596b84eaea54,ev-1df11f2bc3991a29
link-a69215f5c265c978,assertions,sys-iraste-field-11,ev-3f3f5d2f833b3512
link-a698fb9e69ed3d29,assertions,sys-mahavistaar-field-08,ev-46b9f12d0ce21dca
link-a6d1ac56b4f3c06b,assertions,sys-ioncology-field-03,ev-73e3c36960308a23
link-a7111fe5cf9c5351,system_institutions,role-09aea694c6c5577c,ev-77f3dd20d3744711
link-a7625c0449857058,system_institutions,role-6ed4f6aeecf70c63,ev-ef9b11aeda9ffe27
link-a76361e70e21985d,assertions,sys-jeevan-pramaan-field-02,ev-def7e30b7e0b877c
link-a77fe1608153af45,assertions,sys-uzhavan-pest-field-01,ev-d5043fea78b13bb0
link-a81b56797605420f,candidate_decisions,candidate-c11850f4e21c5a6b,ev-880647b4904a67c1
link-a8798b6a4a3f2361,assertions,sys-safe-kerala-field-11,ev-a9b2bdb89b073a8f
link-a879b235f000a77e,system_institutions,role-cc31238b092c4ade,ev-a449c6a890bf69a8
link-a9067ad5454fe0c2,system_institutions,role-490bd613b2c7fa51,ev-142f112c834f7126
link-a908edbbaa2f690a,assertions,sys-abhigyan-field-12,ev-cf443eec50ef87c6
link-a923da845855ece7,assertions,sys-advait-field-11,ev-95689df6ab600f02
link-a952db147e615ee8,assertions,sys-epaarvai-field-10,ev-f1af473908bb710b
link-a9873383351b64b2,system_institutions,role-0e750c942f1d62f2,ev-54f5db2c74dd83bb
link-aa7497d71e281320,assertions,sys-bodh-field-03,ev-881932661462ddb1
link-aaaa435b2b138036,assertions,sys-npss-field-03,ev-be3cfd5f8ca84323
link-aaec67568c19e1c4,assertions,sys-nhai-das-field-03,ev-134ffe8f18c4c59a
link-aaf92b404d4aed41,assertions,sys-catb-field-07,ev-195f13f6177aa979
link-ab0c834c7eb0545a,assertions,sys-aware-field-02,ev-d024e87e5ccff7cd
link-ab14e0b7403fca92,assertions,sys-insight-field-12,ev-318a2aa21613c504
link-ab3dff60a9e90534,system_institutions,role-f61290be15d8b7d0,ev-717b2b9502db52bf
link-ab4f52cbe20769e8,assertions,sys-itms-field-02,ev-aea948ce370d06b3
link-ab938cada8b6439b,assertions,sys-sudarsan-field-11,ev-94d76d0aa5c3e701
link-abae9e3a4abb834b,issues,issues-a37c9dea8fc5a657,ev-4723a80c6badcc43
link-abf9d028442170be,assertions,sys-fmr-fir-field-11,ev-b18b1576727cac96
link-abff3497b38785b3,issues,issues-e77a00da7e053d5f,ev-a9b2bdb89b073a8f
link-ac277188b3d461f8,assertions,sys-bharat-vistaar-field-06,ev-a2a5619f66005963
link-ac3f9d7604f4cf1e,assertions,sys-ksh-field-12,ev-a59c760b5108bea9
link-ac4cb6dbcecf5334,deployments,deployments-7139ead4b966a118,ev-187e234e0cfe91ee
link-aceb81b5a76a0ec0,assertions,sys-sansad-chatbot-field-02,ev-75790536671a8d68
link-ad0ab80d0edb6369,assertions,sys-delhi-itms-field-11,ev-64cea29cd25a7964
link-ad2128a652ac9d00,deployments,deployments-dd505a9ca60b7b43,ev-75790536671a8d68
link-ad3bcca32e0dc090,assertions,sys-bhashini-field-08,ev-4c3db383eb9cb790
link-ad5307a54487e0de,system_institutions,role-2733b1112b2a591f,ev-8b8468577847a2f6
link-ad6a5f7a3437d54d,assertions,sys-safe-kerala-field-01,ev-38e3a9b3e4a2ad3b
link-ad72799149fb8766,assertions,sys-ioncology-field-03,ev-a0a95b218bc0edcb
link-ad7fcef8d3276b6c,assertions,sys-fmr-fir-field-03,ev-b18b1576727cac96
link-adfc3ee9077e6950,policies,policy-300d4f974eecfa04,ev-a9de1bc8fba162e8
link-ae65150ac101663d,assertions,sys-saagu-baagu-field-07,ev-57c96edf634f5d31
link-aea7afd0238e22b4,issues,issues-13f2596b84eaea54,ev-77f3dd20d3744711
link-aef1618ea9cc4f9b,assertions,sys-digiyatra-field-10,ev-861f1b12d0779dfc
link-aef2bf807934d008,system_institutions,role-40d1004b14af65f9,ev-72bf06d6cb507e3b
link-af1677da4ee57942,assertions,sys-kisan-emitra-field-10,ev-bf497475e1d355d6
link-af1a5da577dc60a6,assertions,sys-iraste-field-01,ev-c3a3e01b6cb028bd
link-af42734bebad4512,assertions,sys-igms-field-01,ev-cac418327d46852c
link-af6f3d448461515e,evaluations,evaluations-7f6084e26e3ef0f8,ev-d806e840048a51b8
link-af9cfaecbe4dccda,issues,issues-4c27dd3b4499638c,ev-36c63713aedf7513
link-afa1a57b9b9f75d7,assertions,sys-cropic-field-03,ev-3f206930005872ae
link-b01918a84a6937af,assertions,sys-rajgpt-field-12,ev-eb597bd0109ad86a
link-b0215e553425e8dd,assertions,sys-paddymitra-field-12,ev-00cfeef179ad9ae2
link-b0a0f7f1aed38163,system_institutions,role-4d51ea44fcb3aff3,ev-c6191d8eebdead95
link-b0e5af96ee7c6fc9,assertions,sys-cwc-google-field-11,ev-eb56ee0636060f07
link-b17ca4303f52178f,system_institutions,role-e93e1c040ccde241,ev-1adc6b21f2a2523d
link-b1a923d2a879c89b,assertions,sys-paddymitra-field-11,ev-00cfeef179ad9ae2
link-b205ffcc764f9575,system_institutions,role-eec6ce9a2625e97d,ev-44601336c015fe11
link-b2136951fb3456d5,assertions,sys-rail-vss-field-11,ev-b9a3fb854127b0da
link-b247d802015837f0,assertions,sys-ejaadui-field-11,ev-e0324f957f809f0f
link-b249f9ffaabb6ff3,assertions,sys-nhai-das-field-11,ev-ef091150725aae96
link-b267986c3f0c5324,evaluations,evaluations-55c191eeb8a01801,ev-15681bf45e66e2c6
link-b26e09bc4cff15fe,assertions,sys-itms-field-06,ev-aea948ce370d06b3
link-b2b763cfe8595849,system_institutions,role-7dadd9ae037cc95d,ev-be3cfd5f8ca84323
link-b2ef618dc713af42,deployments,deployments-7599f4c32ec37c4e,ev-85de48e681308f15
link-b32264b2f275912f,deployments,deployments-ff0499ccd50f6e2e,ev-134ffe8f18c4c59a
link-b32f120205aba53b,assertions,sys-itms-field-12,ev-aea948ce370d06b3
link-b33b2ab01957152b,system_institutions,role-2733b1112b2a591f,ev-b9a3fb854127b0da
link-b371c94c645c99f4,system_institutions,role-81ab689eef75b758,ev-dcdc8763f465680c
link-b373cf4e9e661f6b,assertions,sys-cropic-field-12,ev-3f206930005872ae
link-b3783635efe50abe,assertions,sys-insight-field-02,ev-318a2aa21613c504
link-b38df288ea45cfaa,assertions,sys-susahyak-field-12,ev-918f5adebbd8e0da
link-b39580ef59963488,assertions,sys-aware-field-03,ev-d024e87e5ccff7cd
link-b3abaf8bb2ee2584,assertions,sys-paddymitra-field-02,ev-6b1baa2378a2be09
link-b3bb1b83788f6d4f,assertions,sys-fest-field-12,ev-5420eac33b155cb5
link-b3bd0fdb62160a49,assertions,sys-kisan-emitra-field-07,ev-0ba45b2a7228ebcc
link-b3c06b0797918557,assertions,sys-abhigyan-field-01,ev-cf443eec50ef87c6
link-b3ca3d6a47be3e9d,assertions,sys-crpi-field-02,ev-72d8ea94bf951b97
link-b3ee4633294633d7,assertions,sys-rail-vss-field-06,ev-b9a3fb854127b0da
link-b40e2d0b33561307,assertions,sys-epaarvai-field-07,ev-261116eb9ba2578f
link-b414e587229d9013,assertions,sys-astram-field-01,ev-ae7ffc5c67020f15
link-b46b91b93ec1e616,assertions,sys-astram-field-12,ev-78a7e5f2337b08dc
link-b47efce3f4ca83ca,assertions,sys-esanjeevani-field-05,ev-205c4082c1bfe980
link-b4b2d60318745e0b,deployments,deployments-8e2e40ef2029a862,ev-5061e779c17fb9c3
link-b4baaa042708dc9b,system_institutions,role-7ca0c005ecfc7c54,ev-3f206930005872ae
link-b4cc3b76902df6c8,assertions,sys-kisan-emitra-field-06,ev-88f3ead61ad559ca
link-b4cf45aef9a21cc7,assertions,sys-seva-field-01,ev-a91c61d14a9de84a
link-b4e6dd8bfc8141bb,assertions,sys-upsc-field-08,ev-3e4964b7c9375596
link-b534785ed45de14a,assertions,sys-npss-field-02,ev-7c6d5f2dd3c5be4a
link-b5509b08c858d101,system_institutions,role-eec6ce9a2625e97d,ev-434d39f6183f3412
link-b579f1c5ca8dd77b,evaluations,evaluation-cbeac9ed93a5b068,ev-a8fab19feffbd711
link-b58a030f71c68571,assertions,sys-mahavistaar-field-06,ev-ab17eb64dbc014d7
link-b59f99b1e00a8e01,assertions,sys-rail-vss-field-12,ev-b9a3fb854127b0da
link-b60f5187d5365972,assertions,sys-yaksh-field-08,ev-44601336c015fe11
link-b64bcaf0b6985665,assertions,sys-kisan-sarathi-field-11,ev-f9d26a9b468711e1
link-b696a4d79c4f68b0,assertions,sys-fri-field-02,ev-ca1a4c705c5051f8
link-b6a24b0e9bc90b0b,assertions,sys-kisan-sarathi-field-02,ev-4a07d4e12da02862
link-b6a28c59ff726700,assertions,sys-plcs-field-11,ev-6084f7ec98bea16c
link-b6ae1f23ba9b210f,deployments,deployments-db01aed08ae68824,ev-347fb14878d51e42
link-b6bd839ad6fb7cbf,assertions,sys-jeevan-pramaan-field-12,ev-cdbbd2ef3c9c05c3
link-b6d38eb5f34993a6,system_institutions,role-cf7e4461e9e9cfd7,ev-dd6bff181c8751e7
link-b735a0c532d453a4,assertions,sys-ejaadui-field-02,ev-39ccb8602ef80119
link-b75fef77b42b0d4a,assertions,sys-ksh-field-11,ev-c571acfc9b660467
link-b7a1096e849eba83,metrics,metrics-31c9a05abd301b15,ev-261116eb9ba2578f
link-b7a287a021c631fb,assertions,sys-upsc-field-11,ev-798315f2c1354ed3
link-b7d4d9fb14f942fa,deployments,deployments-1a25b2087067c037,ev-6084f7ec98bea16c
link-b7eb184c0c4cf5f1,assertions,sys-teres-field-02,ev-fd6a23a96a591ee1
link-b7f0f7a7aa7d66f5,assertions,sys-suvas-field-02,ev-b327582229c6bba5
link-b7fd77ab240d32c2,assertions,sys-igms-field-10,ev-eb7fe79e006d00af
link-b81a0361ca7d171b,assertions,sys-susahyak-field-11,ev-8131fa05d3e1f147
link-b854b533f4fbf7ba,assertions,sys-susahyak-field-06,ev-014fdc589e07870b
link-b86ba9816047eff0,assertions,sys-kisan-emitra-field-02,ev-eed385d616908f10
link-b88c28ebe02d94b3,assertions,sys-ioncology-field-06,ev-73e3c36960308a23
link-b8e149811b08e580,system_links,system_links-abaf8a4d0e65b2cf,ev-88f3ead61ad559ca
link-b911248ebdae4267,assertions,sys-mahacrimeos-field-03,ev-9b9bc9c161213e93
link-b91bb7337cf58c6f,assertions,sys-teres-field-03,ev-142f112c834f7126
link-b930b128e2daceed,assertions,sys-itms-field-03,ev-aea948ce370d06b3
link-b98f8f84e523cb57,assertions,sys-digiyatra-field-01,ev-2b9c374266cddb28
link-b99843bcf59b4547,assertions,sys-ejaadui-field-01,ev-1839f51fcd2953aa
link-b9a450f5aeb81b02,system_institutions,role-7ca0c005ecfc7c54,ev-c135ca02be0695ab
link-b9b040e923d550eb,assertions,sys-fest-field-12,ev-a08e40dc3ca4c374
link-b9b6a7757f4627b1,issues,issues-ec23f26b1ee23a65,ev-0ba45b2a7228ebcc
link-b9bfcb210edfe756,system_institutions,role-6c65d120b52a2141,ev-360a5f1ff93894e7
link-b9de25b2c42b5ceb,assertions,sys-digiyatra-field-07,ev-3d3634dd61ca2130
link-b9ee8dea6a21adfd,assertions,sys-esanjeevani-field-11,ev-a8fab19feffbd711
link-ba02fdc27c5e8542,assertions,sys-atman-field-11,ev-8be9b65f4a09090b
link-ba056a6fb4e15429,assertions,sys-yaksh-field-03,ev-44601336c015fe11
link-ba36d13de97cf8b6,candidate_decisions,candidate-80ee26f3994363bc,ev-77f3dd20d3744711
link-ba5bd0023ba61362,assertions,sys-npss-field-11,ev-7c6d5f2dd3c5be4a
link-ba8140703fc1648d,assertions,sys-kisan-emitra-field-10,ev-154e89e1752e44ca
link-bab9e642e8046047,system_institutions,role-bc7ef6eb059d8875,ev-b93e61a4b3b99543
link-badb30e5d337eed7,assertions,sys-bmc-tb-field-07,ev-378e44768ad10cad
link-bb0236ea6936b64c,assertions,sys-sanjay-field-01,ev-11a78f8f67259d75
link-bb0b4e7ef1f84e3c,assertions,sys-bifa-field-12,ev-17f5d516f919386a
link-bb2cae17132196c8,assertions,sys-mahacrimeos-field-06,ev-717b2b9502db52bf
link-bbaf3931cce5e842,assertions,sys-digiyatra-field-09,ev-69a6fbf9e8fb81ef
link-bbb1bc1f2a27e24c,deployments,deployments-6564fae26d6eefa8,ev-a92915218ae3ebf7
link-bbc90b9e13ff6dae,system_institutions,role-8f766835f1a575c1,ev-ae7ffc5c67020f15
link-bc39b45a3cb2afac,assertions,sys-mds-field-06,ev-f35ed5b02db1a0e8
link-bc71dcd4db88a6b0,assertions,sys-astram-field-02,ev-c53df2593192a2a7
link-bcb43b424bb2257f,assertions,sys-esanjeevani-field-08,ev-e639674510d2b4ef
link-bcf06d5457369e36,assertions,sys-cropic-field-12,ev-844d8367a2d6a0ca
link-bcf55df774b561c4,system_institutions,role-cc31238b092c4ade,ev-3f3f5d2f833b3512
link-bcfe4fc1936b3561,system_institutions,role-96b0b74a65139e42,ev-1f56f39d407dac72
link-bd13444831be20be,assertions,sys-bharat-vistaar-field-11,ev-5df18b44f742a6df
link-bd260d616eb0c9c0,system_institutions,role-b540ad91b7963d33,ev-2e65d9eb29304fe7
link-bd3a089161d89bda,assertions,sys-nhai-das-field-02,ev-134ffe8f18c4c59a
link-bd47e6b6be0b335c,assertions,sys-delhi-itms-field-02,ev-187e234e0cfe91ee
link-bdca02f2d7c41217,assertions,sys-abhigyan-field-02,ev-72d8ea94bf951b97
link-bde5130a14b9619b,assertions,sys-sudarsan-field-06,ev-53f51b2a6a7f2173
link-bde54e24749d0f3b,deployments,deployments-ea50e046c34fac09,ev-a93ff3f506f67cc2
link-be643a4dace6efb5,assertions,sys-khushi-field-03,ev-645d00612587a804
link-beab6aa56ed70dd0,assertions,sys-teres-field-12,ev-fd6a23a96a591ee1
link-bebe700caa6a7dc5,assertions,sys-igms-field-02,ev-2196b83b068b866a
link-bed79c23dcedd711,assertions,sys-bodh-field-12,ev-76196aabd041ea42
link-beeef61f871f8eed,assertions,sys-aadhaar-face-field-02,ev-0d6f628a1a6b5ded
link-befe69f8081ac70d,deployments,deployments-06393a09bac906bf,ev-1c94bb73943e2003
link-bf123d640f0b3c9c,assertions,sys-djb-twin-field-02,ev-72bf06d6cb507e3b
link-bfd75f0b367a3068,deployments,deployments-2bf5e92c2b96046a,ev-a0532490d402fdfe
link-c00cfeea9676661a,system_institutions,role-ab417a22ead8af4b,ev-d0747bb7e6fcdb49
link-c013c090f340aabc,evaluations,evaluations-55c191eeb8a01801,ev-d71fad63b9e686dd
link-c04f3bba6fd8d6ac,assertions,sys-djb-twin-field-03,ev-dcdc8763f465680c
link-c05fddadcc36adb9,deployments,deployments-7139ead4b966a118,ev-6d89a894886893f6
link-c0655e7767d1a2e7,assertions,sys-delhi-itms-field-01,ev-64cea29cd25a7964
link-c06dc0cc5fa7f032,assertions,sys-raidar-field-12,ev-c4eb183c9465f54f
link-c08bbb3b995f6399,assertions,sys-mahavistaar-field-03,ev-21e1fb4bdc9d04c4
link-c0c671eccef3fcbe,assertions,sys-suvas-field-08,ev-abd9810c76334ba4
link-c0de3d500a1f7157,assertions,sys-sudarsan-field-01,ev-01c202157c63cd56
link-c103fe62ca4572c1,assertions,sys-apt-field-02,ev-9c4a6643ce3f5252
link-c13166953755452f,metrics,metrics-2c4f52bcbdb9d493,ev-0ba45b2a7228ebcc
link-c16702b6248f2c4a,assertions,sys-iraste-field-07,ev-3f3f5d2f833b3512
link-c17633bd484c33a5,assertions,sys-esanjeevani-field-06,ev-48ca236d36c5d80c
link-c18af3b9a2607d9e,assertions,sys-kisan-emitra-field-12,ev-eed385d616908f10
link-c18ccafaa341858f,assertions,sys-rail-ids-field-08,ev-d1f9029e291102fe
link-c232e4a940059fbf,system_institutions,role-815fe2e810c52fb0,ev-e926f7c4ed3a3144
link-c24c5dec65dd7a4c,assertions,sys-supace-field-11,ev-b9fc08c7af393aaa
link-c252d92907d84f08,assertions,sys-rail-ids-field-12,ev-a81b7e0be2adef1c
link-c2ddb6d317388ca0,deployments,deployments-8e2e40ef2029a862,ev-44601336c015fe11
link-c34ceb0234ca361d,assertions,sys-teres-field-03,ev-fd6a23a96a591ee1
link-c351e22656e34312,assertions,sys-fest-field-03,ev-5420eac33b155cb5
link-c36128e8eb6a811e,assertions,sys-seva-field-12,ev-4711bafe357cae6c
link-c3636a90925248ac,system_institutions,role-14cefde5077a9fac,ev-f38cb68e2368404e
link-c3916b8fec4768c1,assertions,sys-npss-field-03,ev-4f5a6ab17425939f
link-c447f829e46491cd,assertions,sys-paddymitra-field-06,ev-6b1baa2378a2be09
link-c48db7654c53b012,assertions,sys-khushi-field-06,ev-645d00612587a804
link-c502b0ea729d3a72,deployments,deployments-59fe859d55fa9538,ev-3c01b5d53ad21f43
link-c53c51b4a8503fd2,assertions,sys-astram-field-04,ev-ae7ffc5c67020f15
link-c54a26dc5d1caa69,system_institutions,role-f296920a803e5950,ev-4a07d4e12da02862
link-c590ae1c3fb1da2c,assertions,sys-cwc-google-field-06,ev-eb56ee0636060f07
link-c5a10a27720d6b5e,assertions,sys-bharat-vistaar-field-02,ev-5ff085c6895d33a6
link-c5b0bd881a0777d3,assertions,sys-digiyatra-field-12,ev-e92b517f1e210049
link-c5dedd099aed3007,assertions,sys-bharat-vistaar-field-11,ev-bb4c5cffe21e438d
link-c5fc4b84caba7285,assertions,sys-railmadad-field-06,ev-fd79365303d136f6
link-c60e4984ae225f46,assertions,sys-kisan-sarathi-field-08,ev-4f47d4d0761898b3
link-c6264996df4a0915,assertions,sys-ioncology-field-04,ev-a0a95b218bc0edcb
link-c663e6c96f36a151,assertions,sys-insight-field-06,ev-d7c80beb58b4d30c
link-c67a25257a542f59,system_institutions,role-d6f98535aabaa519,ev-b6878ee5e811bb79
link-c6bd142f5653a67f,assertions,sys-rail-ids-field-12,ev-faac4c7a85628622
link-c721d0bd1bc2c2e7,deployments,deployments-4e27f51ee9e32bc6,ev-38e3a9b3e4a2ad3b
link-c740df66c6894961,assertions,sys-aadhaar-face-field-06,ev-1b5ce9a2c6cb3708
link-c79776c034b377d4,assertions,sys-railmadad-field-12,ev-b04137d47e98247b
link-c7ae3ef699077d65,assertions,sys-crpi-field-11,ev-72d8ea94bf951b97
link-c7c17551c9b5a948,assertions,sys-mvis-field-12,ev-dd6bff181c8751e7
link-c7f22c973e43245a,system_institutions,role-2d20e0c8ec129d86,ev-6b1baa2378a2be09
link-c80f6c4b2cf4c3ac,assertions,sys-cropic-field-01,ev-c135ca02be0695ab
link-c812f984c5ea3140,system_institutions,role-78a5016ae9a7851c,ev-b18b1576727cac96
link-c83070945f98ae4b,assertions,sys-ioncology-field-12,ev-73e3c36960308a23
link-c84c0ed8d3d1b150,assertions,sys-ejaadui-field-06,ev-e0324f957f809f0f
link-c864125fa36d665a,assertions,sys-saagu-baagu-field-03,ev-ef9b11aeda9ffe27
link-c8713e6c2ff0ce25,assertions,sys-astram-field-03,ev-78a7e5f2337b08dc
link-c8890b8c981eb25d,assertions,sys-nuwr-analysis-field-11,ev-a0532490d402fdfe
link-c89f27954c4aa712,assertions,sys-cctns2-field-01,ev-34f53dacfbe6fc30
link-c8baabc5595ac841,assertions,sys-epaarvai-field-12,ev-4a44ccc331cc7643
link-c8c2d40a2ff69443,assertions,sys-uzhavan-pest-field-12,ev-1b6c9f980df339b2
link-c8f8cbedf2f620a5,assertions,sys-supace-field-06,ev-b9fc08c7af393aaa
link-c94b30a49ef5f79e,candidate_decisions,candidate-7f31f61459ce72be,ev-cf443eec50ef87c6
link-c96eb4f717bdc6a3,system_institutions,role-34ba54e938bb44f8,ev-c53df2593192a2a7
link-c9821d4a9cda3688,assertions,sys-insight-field-11,ev-2e65d9eb29304fe7
link-c9878282dc38789c,assertions,sys-astr-field-06,ev-c6191d8eebdead95
link-ca2b3885d9008558,assertions,sys-delhi-itms-field-03,ev-187e234e0cfe91ee
link-ca7d0bf85c8ba43c,system_institutions,role-2d78ba6a4802f52c,ev-6b1baa2378a2be09
link-ca93092c4dac9dbf,assertions,sys-khushi-field-03,ev-f35ed5b02db1a0e8
link-cb1eeb91c1c595ec,assertions,sys-catb-field-01,ev-d0747bb7e6fcdb49
link-cb21e5eb2bef7829,assertions,sys-uzhavan-pest-field-06,ev-d5043fea78b13bb0
link-cb23534e96dd47d3,assertions,sys-cctns2-field-03,ev-1df11f2bc3991a29
link-cb2b61aae5a7d183,assertions,sys-rail-vss-field-02,ev-b9a3fb854127b0da
link-cb45a94f9a4d66c4,system_institutions,role-78a5016ae9a7851c,ev-c785f830f7bb33c1
link-cb6cce72d00380a1,assertions,sys-ioncology-field-06,ev-d71fad63b9e686dd
link-cb8cbc30b526c017,assertions,sys-sudarsan-field-02,ev-94d76d0aa5c3e701
link-cbd62cad8d619e83,assertions,sys-pais-field-12,ev-91598fc3e8dfb2e5
link-cc137b863d5506d4,assertions,sys-mahacrimeos-field-03,ev-3bf6fa3a1f1b583d
link-cc347b288232f4b3,system_institutions,role-c0820a317cafdcb0,ev-ea5a7f5a6590d903
link-cc6227a6c8bca653,assertions,sys-cwc-google-field-03,ev-eb56ee0636060f07
link-cc8d9bd1f5caf337,deployments,deployments-a4bc4ce547060b1b,ev-9c4a6643ce3f5252
link-ccc01cbacaed6261,assertions,sys-abhigyan-field-03,ev-72d8ea94bf951b97
link-ccc461dc3ff5d1c9,system_institutions,role-f573ba43b05ffade,ev-014fdc589e07870b
link-ccfea0c0791c3cd0,assertions,sys-fest-field-06,ev-a08e40dc3ca4c374
link-cd9409d8ef3bd94b,assertions,sys-astr-field-08,ev-c6191d8eebdead95
link-cddee81f3cb5b8ae,system_institutions,role-160aed1213fbf2f3,ev-38e3a9b3e4a2ad3b
link-ce1b8e6241d17a39,deployments,deployments-bedfd8c333f99e58,ev-4723a80c6badcc43
link-ce59b99bf3021985,system_institutions,role-70192a5df4283f91,ev-36c63713aedf7513
link-ce6282576f57a2ab,assertions,sys-yaksh-field-12,ev-434d39f6183f3412
link-ceceb91b54bb4271,assertions,sys-fri-field-01,ev-9090df6c5598a480
link-cef018a70a12b5c4,system_institutions,role-71b2b3ba2249758c,ev-3c01b5d53ad21f43
link-cf0e9dac2b4e87b3,assertions,sys-delhi-itms-field-02,ev-64cea29cd25a7964
link-cf4ce0c4aa1548da,assertions,sys-sudarsan-field-03,ev-94d76d0aa5c3e701
link-cfc83b979ceb0a84,assertions,sys-esanjeevani-field-11,ev-ce731d7569d84b69
link-cfd6e83bc7240d25,deployments,deployments-5e84ac7c3ff8cfa5,ev-db1a12bca8344975
link-d01fc11e0a425b62,deployments,deployments-d1f3458cde1e8bc9,ev-3172c8805af67e76
link-d02b5d1e28ac27ef,system_institutions,role-687132fa30751091,ev-134ffe8f18c4c59a
link-d035af76cc263bb4,assertions,sys-bifa-field-02,ev-c8144dc55b4404b8
link-d0a71dbd9efb0875,assertions,sys-suvas-field-01,ev-b327582229c6bba5
link-d0bc025e78ee19b1,controls,control-692719d156437cc0,ev-b0a3770f681c4921
link-d0c05a66b375cecb,assertions,sys-fri-field-03,ev-36c63713aedf7513
link-d1177db664efe6e2,system_institutions,role-8922ea48328b1488,ev-99362bef50f841bd
link-d1238d17cd33477c,deployments,deployments-8a69aab952355f21,ev-b6878ee5e811bb79
link-d125bdefb6de1943,candidate_decisions,candidate-ffcc9ec64703b357,ev-142f112c834f7126
link-d135844f76215962,assertions,sys-ksh-field-12,ev-c571acfc9b660467
link-d1952fb6948762f2,assertions,sys-raj-silicosis-field-02,ev-deb772e570ce28dc
link-d1bad591d6ca3bde,assertions,sys-kisan-sarathi-field-02,ev-f9d26a9b468711e1
link-d1ed6f2f9b5b1720,assertions,sys-sanjay-field-03,ev-11a78f8f67259d75
link-d25182f6d3981768,assertions,sys-digiyatra-field-11,ev-e92b517f1e210049
link-d26d256d8b972846,system_institutions,role-70192a5df4283f91,ev-ca1a4c705c5051f8
link-d29a2c3f55953966,system_institutions,role-b99da9e571c299ea,ev-cf443eec50ef87c6
link-d2c6b670f82dcacf,assertions,sys-astram-field-12,ev-c53df2593192a2a7
link-d37b8add3024c55f,assertions,sys-ioncology-field-02,ev-73e3c36960308a23
link-d3ca59ffef897b3d,assertions,sys-igms-field-06,ev-2196b83b068b866a
link-d3cfec0e5b299a40,assertions,sys-askdisha-field-03,ev-d86efca3d00cac23
link-d3da76fd72c4937e,assertions,sys-ksh-field-06,ev-a59c760b5108bea9
link-d3f2f1651ab94544,assertions,sys-jeevan-pramaan-field-01,ev-def7e30b7e0b877c
link-d46e926b8fd8d38c,assertions,sys-upsc-field-02,ev-02b3567798e30181
link-d49baf9076eef15e,assertions,sys-bifa-field-04,ev-c8144dc55b4404b8
link-d4ca18b090baa804,system_institutions,role-8c752f383ed212b8,ev-19e3408f30ebe3a9
link-d4e4a28104f63fb6,assertions,sys-igms-field-02,ev-1c94bb73943e2003
link-d50c5967c68a0141,assertions,sys-rail-ids-field-11,ev-925b71d104ed80e5
link-d53e2b3927892dd2,assertions,sys-teres-field-02,ev-925adb62b50abedf
link-d5449a2a8b04344a,assertions,sys-fri-field-02,ev-9090df6c5598a480
link-d55b0094f6004eb9,issues,issues-4cb03b903879901a,ev-b9a3fb854127b0da
link-d56bc3716742ba92,assertions,sys-cwc-google-field-06,ev-ad18a08c2045d8e4
link-d581ee95012afc15,deployments,deployments-bedfd8c333f99e58,ev-b18b1576727cac96
link-d5c477325af98c47,assertions,sys-iraste-field-03,ev-a449c6a890bf69a8
link-d5dd5d090c33be25,deployments,deployments-040d14ab720c6135,ev-ef9b11aeda9ffe27
link-d5f468933d782095,assertions,sys-crpi-field-01,ev-72d8ea94bf951b97
link-d61de0f78ccbff08,system_institutions,role-d4e3ab36666b250a,ev-6084f7ec98bea16c
link-d65e2f98a358c5f5,assertions,sys-sudarsan-field-02,ev-01c202157c63cd56
link-d66d624e49122e81,system_institutions,role-2bcb0e836f855617,ev-1219beff6c104540
link-d66feae57396312a,assertions,sys-infomerge-field-02,ev-9c70d07aa7b7d88e
link-d6a6a2fe369a8db9,assertions,sys-yaksh-field-11,ev-44601336c015fe11
link-d6a732f525a2fc71,assertions,sys-ejaadui-field-01,ev-e0324f957f809f0f
link-d6a89d602e332c20,assertions,sys-mds-field-12,ev-f35ed5b02db1a0e8
link-d6df24e74a63ab47,deployments,deployments-6901786729fd58b0,ev-eed385d616908f10
link-d6e6bfb7d2853ca0,assertions,sys-aware-field-02,ev-20af457a2e7221c7
link-d6f222c3b0da5ed2,assertions,sys-ejaadui-field-06,ev-39ccb8602ef80119
link-d6f8218678af962c,assertions,sys-djb-twin-field-11,ev-72bf06d6cb507e3b
link-d7341ea688ee26fc,system_institutions,role-6220d997c14efe25,ev-f35ed5b02db1a0e8
link-d75073915c171a30,assertions,sys-atman-field-06,ev-2075f8b5e99c3521
link-d78cc058d3d954e4,assertions,sys-delhi-itms-field-12,ev-6d89a894886893f6
link-d7e4179b2850056c,assertions,sys-cropic-field-11,ev-c135ca02be0695ab
link-d7e4274107478880,assertions,sys-khushi-field-12,ev-f35ed5b02db1a0e8
link-d7ece602fc3bcdbe,assertions,sys-madhunetrai-field-02,ev-8f80f53a1d395b45
link-d84f548bbd6bb411,assertions,sys-rail-ids-field-07,ev-ca6c7f62018db8c4
link-d8624ddfcebd7c3a,assertions,sys-igms-field-03,ev-2196b83b068b866a
link-d8a3abe6cc4e661b,controls,control-7a1e3000f393cb35,ev-735fbf76e8592e09
link-d8beb2bf4beb6b84,assertions,sys-yaksh-field-04,ev-5061e779c17fb9c3
link-d9064cd19fae0ccf,assertions,sys-raidar-field-12,ev-4ea67a8581aa3465
link-d9357061f5b83c1f,assertions,sys-jeevan-pramaan-field-11,ev-def7e30b7e0b877c
link-d93bb8f2d8cdae4f,assertions,sys-upsc-field-03,ev-4e37da6f99ca59fb
link-d9632dbb69231751,deployments,deployments-a6dde8b2d1a9ad3e,ev-4a07d4e12da02862
link-d9e1280a2a2f3f23,assertions,sys-ksh-field-02,ev-c571acfc9b660467
link-d9e5f3a3f7d8e092,assertions,sys-iraste-field-01,ev-a449c6a890bf69a8
link-d9f5bf798e754698,assertions,sys-jeevan-pramaan-field-03,ev-cdbbd2ef3c9c05c3
link-da371b850e72548a,evaluations,evaluations-7f6084e26e3ef0f8,ev-e257e5bc6b20bd08
link-da561456f3768e31,assertions,sys-infomerge-field-06,ev-85de48e681308f15
link-da796d205b877837,assertions,sys-jeevan-pramaan-field-11,ev-cdbbd2ef3c9c05c3
link-daa19980ad654f5d,assertions,sys-teres-field-01,ev-fd6a23a96a591ee1
link-dacd805193507f04,system_institutions,role-f573ba43b05ffade,ev-918f5adebbd8e0da
link-dad77e318f03ee53,assertions,sys-abhigyan-field-03,ev-cf443eec50ef87c6
link-db55edeb2a86381e,evaluations,evaluations-eb164993e2f00cf2,ev-8be9b65f4a09090b
link-db96be12e84ef83f,system_institutions,role-5f8cf91179a77a42,ev-d024e87e5ccff7cd
link-dbd46f65eba65d87,assertions,sys-paddymitra-field-12,ev-6b1baa2378a2be09
link-dbfe8f128bbcda18,deployments,deployments-0954cd3c74f277d1,ev-91598fc3e8dfb2e5
link-dc0d6a0586033b67,assertions,sys-yaksh-field-06,ev-5061e779c17fb9c3
link-dc0f776fe2aef8de,deployments,deployments-f0d49a05aece823e,ev-eb597bd0109ad86a
link-dc28acd6d50a4915,assertions,sys-madhunetrai-field-02,ev-f5f98d06e62ea643
link-dc60bf68ec179825,evaluations,evaluations-7f6084e26e3ef0f8,ev-261116eb9ba2578f
link-dca0739ceda46046,assertions,sys-npss-field-12,ev-4f5a6ab17425939f
link-dca2995aade794fe,assertions,sys-nhai-das-field-12,ev-134ffe8f18c4c59a
link-dca730563ddcb635,assertions,sys-insight-field-01,ev-2e65d9eb29304fe7
link-dcead258ac42ffec,assertions,sys-ksh-field-06,ev-c571acfc9b660467
link-dd0446017b9e38d3,policies,policy-300d4f974eecfa04,ev-ca6c7f62018db8c4
link-dd3033bd58803732,system_institutions,role-cf43a1298b288980,ev-f1916339c7905d9e
link-dd875960d8350309,assertions,sys-mahavistaar-field-12,ev-21e1fb4bdc9d04c4
link-ddf44dea21a562cf,assertions,sys-sansad-chatbot-field-03,ev-d97e3754ed5dbcfb
link-de8020cf9747a94d,assertions,sys-seva-field-11,ev-a91c61d14a9de84a
link-de8380b526058121,assertions,sys-bodh-field-06,ev-76196aabd041ea42
link-de9a24a9608c829f,deployments,deployments-a4bc4ce547060b1b,ev-1adc6b21f2a2523d
link-de9f707c77714800,assertions,sys-digiyatra-field-10,ev-e123ede142f1b171
link-decabca5a2ff297f,system_institutions,role-007d1508acd3ca3b,ev-798315f2c1354ed3
link-def2004d190e14d7,assertions,sys-raj-silicosis-field-08,ev-deb772e570ce28dc
link-df02ef98700e1614,assertions,sys-ksh-field-04,ev-a59c760b5108bea9
link-df0cb949e527a0f4,assertions,sys-paddymitra-field-06,ev-a9fd2160cea4544a
link-df0fe2ed10467f0a,assertions,sys-epaarvai-field-11,ev-261116eb9ba2578f
link-df26cf99070e791f,assertions,sys-rail-ids-field-11,ev-faac4c7a85628622
link-df34896bef246c87,assertions,sys-supace-field-08,ev-735fbf76e8592e09
link-df3b1b9fd9b89f5b,assertions,sys-bhashini-field-10,ev-285eed8756c89ee4
link-df625d7dff3fb2b8,system_institutions,role-d4e3ab36666b250a,ev-a08e40dc3ca4c374
link-df6d3be9a39c786e,assertions,sys-astram-field-01,ev-78a7e5f2337b08dc
link-df71c7f7a4885586,assertions,sys-cctns2-field-02,ev-34f53dacfbe6fc30
link-df8878ce8d905a64,assertions,sys-igms-field-06,ev-1c94bb73943e2003
link-df94697facdd3d0b,assertions,sys-epaarvai-field-08,ev-1574d6a89bbe4b88
link-dfe494c00cc6762f,assertions,sys-sudarsan-field-12,ev-01c202157c63cd56
link-e019d23b4d6ef13b,metrics,metrics-7a9192d5c07c6de6,ev-3f3f5d2f833b3512
link-e03ee4431a416df3,system_institutions,role-cb5fa46e849ee501,ev-a9e9c7db8355d490
link-e0502318a99b5aa5,assertions,sys-askdisha-field-03,ev-3c01b5d53ad21f43
link-e054508af49e44a5,assertions,sys-fmr-fir-field-03,ev-4723a80c6badcc43
link-e0585ac39e3ee43a,assertions,sys-delhi-itms-field-04,ev-74bf35d627754fe7
link-e09af4d4f7c29d05,assertions,sys-mahacrimeos-field-11,ev-717b2b9502db52bf
link-e0b7a91dafdb8eb9,assertions,sys-rail-ids-field-04,ev-b63b9f5e424312e9
link-e0ef655b390c6f07,deployments,deployments-64ccc84ad850700e,ev-c571acfc9b660467
link-e1211dab69f27d21,assertions,sys-plcs-field-07,ev-8fd97bf9189638e4
link-e144f2cb3e905ef7,assertions,sys-sudarsan-field-11,ev-53f51b2a6a7f2173
link-e1472eee62998724,assertions,sys-fri-field-02,ev-36c63713aedf7513
link-e175d863dc96e647,system_institutions,role-4e7e49952f97e1c8,ev-1b6c9f980df339b2
link-e179dabbc378b89f,assertions,sys-seva-field-11,ev-0e30deddf18d0622
link-e195763457ad2659,assertions,sys-raj-silicosis-field-11,ev-deb772e570ce28dc
link-e1c891231be15b73,assertions,sys-jeevan-pramaan-field-10,ev-a642de9aba818f9a
link-e1cb356340d85d6f,assertions,sys-delhi-itms-field-04,ev-187e234e0cfe91ee
link-e1e084204e2735c4,assertions,sys-bharat-vistaar-field-03,ev-bb4c5cffe21e438d
link-e253edb91b33efcb,assertions,sys-djb-twin-field-03,ev-fcad312fd113fbde
link-e2888b5a0a655f0b,system_institutions,role-a9a1a22849d88582,ev-4ea67a8581aa3465
link-e29d33edc0f46ff4,assertions,sys-npss-field-07,ev-b04c7311ae0256c8
link-e2b6cb5a8bf46bd6,assertions,sys-djb-twin-field-01,ev-fcad312fd113fbde
link-e2cd88757c3aba56,assertions,sys-nhai-das-field-06,ev-ef091150725aae96
link-e2ddacda4df9e65d,system_institutions,role-cc31238b092c4ade,ev-c3a3e01b6cb028bd
link-e36782349e5c701c,assertions,sys-cropic-field-02,ev-3f206930005872ae
link-e367babbadda5747,assertions,sys-catb-field-03,ev-d0747bb7e6fcdb49
link-e37be761898a0c7a,assertions,sys-railmadad-field-02,ev-fd79365303d136f6
link-e3ae419a504edf75,assertions,sys-fri-field-03,ev-9090df6c5598a480
link-e3e1ebfa1d78a267,assertions,sys-bodh-field-02,ev-881932661462ddb1
link-e40de6094aa092ce,assertions,sys-catb-field-12,ev-d0747bb7e6fcdb49
link-e4114ad7d633453f,assertions,sys-bifa-field-11,ev-c8144dc55b4404b8
link-e497c723644df686,assertions,sys-digiyatra-field-02,ev-2b9c374266cddb28
link-e49d3ae4ef3f1d95,assertions,sys-fri-field-03,ev-ca1a4c705c5051f8
link-e511e947725f3263,assertions,sys-apt-field-12,ev-1adc6b21f2a2523d
link-e518b0e6b74409a7,assertions,sys-raj-silicosis-field-03,ev-d12d3c742dc74701
link-e5374b344543d9b4,assertions,sys-cropic-field-02,ev-844d8367a2d6a0ca
link-e5398aed0d234d94,assertions,sys-raj-silicosis-field-11,ev-d12d3c742dc74701
link-e563937c99d10838,assertions,sys-mahavistaar-field-03,ev-b93e61a4b3b99543
link-e56701a7de3c6354,assertions,sys-cropic-field-03,ev-844d8367a2d6a0ca
link-e5670503c9441e09,assertions,sys-nuwr-analysis-field-06,ev-ea5a7f5a6590d903
link-e588b16761d37f1e,issues,issues-2671d01c4ab8ef96,ev-6ec3e3ddb067a3a3
link-e5aede2d7666734a,system_institutions,role-c0d5b6f4c806f38f,ev-5061e779c17fb9c3
link-e5d9a3e78962c804,assertions,sys-madhunetrai-field-06,ev-f5f98d06e62ea643
link-e609b2d87573a7e6,assertions,sys-mahacrimeos-field-03,ev-de9227e8745b99c1
link-e62be2ef95c18769,assertions,sys-cwc-google-field-12,ev-3172c8805af67e76
link-e643f98b4c008606,assertions,sys-sanjay-field-11,ev-b6878ee5e811bb79
link-e6c6a48dc0678f82,assertions,sys-nhai-das-field-06,ev-134ffe8f18c4c59a
link-e6cba0c0b95696e4,assertions,sys-atman-field-01,ev-2075f8b5e99c3521
link-e6e3294c7e3a2b66,system_institutions,role-cc31238b092c4ade,ev-02c9b6665e76f787
link-e6e94409a37a4c45,system_policy_links,policy-link-bba16a2af618b3ef,ev-ca6c7f62018db8c4
link-e739369db523c12c,assertions,sys-jeevan-pramaan-field-12,ev-def7e30b7e0b877c
link-e75b97627361f656,assertions,sys-ioncology-field-06,ev-a0d950118e6c3ab3
link-e77b8b6713594695,assertions,sys-fmr-fir-field-11,ev-4723a80c6badcc43
link-e7bbb369fe30d220,assertions,sys-madhunetrai-field-11,ev-f5f98d06e62ea643
link-e7f3e5bf9746d5d1,assertions,sys-cwc-google-field-03,ev-3172c8805af67e76
link-e830a332e2bf9022,assertions,sys-bmc-tb-field-02,ev-abab488d2d1f1551
link-e84724587ced88d8,assertions,sys-fri-field-11,ev-9090df6c5598a480
link-e85fc30c2ab19221,assertions,sys-teres-field-03,ev-925adb62b50abedf
link-e862f019c35d23ac,assertions,sys-igms-field-02,ev-cac418327d46852c
link-e8d33a32449ed050,assertions,sys-astram-field-06,ev-78a7e5f2337b08dc
link-e9123497abef7266,assertions,sys-raidar-field-01,ev-4ea67a8581aa3465
link-e94e60dd6a027bc2,deployments,deployments-64ccc84ad850700e,ev-a59c760b5108bea9
link-e95f8ccf11b43a02,assertions,sys-bharat-vistaar-field-03,ev-5df18b44f742a6df
link-e9a7fd189aa070ab,assertions,sys-djb-twin-field-11,ev-dcdc8763f465680c
link-ea04d8dfc825468b,system_institutions,role-309875324ac91d6e,ev-eb597bd0109ad86a
link-ea2bc322458771e9,assertions,sys-raj-silicosis-field-06,ev-d12d3c742dc74701
link-ea494554d5131d74,assertions,sys-itms-field-06,ev-99362bef50f841bd
link-eaf1dab86e757393,evaluations,evaluations-21bf161f0903c59b,ev-a449c6a890bf69a8
link-eaf8f399a233c230,assertions,sys-mahavistaar-field-01,ev-21e1fb4bdc9d04c4
link-eb003ba695535b36,assertions,sys-nhai-das-field-12,ev-03ff1f1a745f60ee
link-eb042c3b49d0201b,deployments,deployments-786bad966d204f6f,ev-45d027116569bffa
link-eb04fcadf6fe7058,assertions,sys-cwc-google-field-01,ev-eb56ee0636060f07
link-eb3fb8f448225a3f,assertions,sys-infomerge-field-04,ev-ef6a2bec34b9ccab
link-eb6588e29bca7d4c,deployments,deployments-b2b5bb1a2b26dd42,ev-ab003a70b626efec
link-eb85c041fb7ceb0a,system_institutions,role-27fd61333d003114,ev-17f5d516f919386a
link-eb90e1792e360799,system_institutions,role-71fff3fb698a145e,ev-a91c61d14a9de84a
link-eb924d5b15d90d2a,assertions,sys-astram-field-02,ev-78a7e5f2337b08dc
link-ec24116cd563b7ca,evaluations,evaluations-7f6084e26e3ef0f8,ev-fc9440ab612eca9e
link-ec388a4f801b1702,assertions,sys-bharat-vistaar-field-09,ev-a4f20f11cd1998d8
link-ec934f4ed563e67c,system_institutions,role-065a6ff60c3b7b62,ev-39ccb8602ef80119
link-ec9d316bc7be5512,assertions,sys-mahacrimeos-field-02,ev-13cba305bb5b627d
link-ed34a14301671892,assertions,sys-rail-vss-field-03,ev-b9a3fb854127b0da
link-ed9774daea412ae7,assertions,sys-nhai-das-field-01,ev-ef091150725aae96
link-edb52b6c4f9c36c3,assertions,sys-uzhavan-pest-field-06,ev-1b6c9f980df339b2
link-ee4396131e23e39c,assertions,sys-ioncology-field-07,ev-d71fad63b9e686dd
link-ee604fbd592d5ce2,assertions,sys-fmr-fir-field-12,ev-4723a80c6badcc43
link-ee75cc6331ef4ec5,assertions,sys-esanjeevani-field-01,ev-360a5f1ff93894e7
link-ee95b23a2894d0e2,deployments,deployments-4e27f51ee9e32bc6,ev-a9b2bdb89b073a8f
link-eec71446cbf97c4e,deployments,deployments-d1f3458cde1e8bc9,ev-eb56ee0636060f07
link-eedaee49c0313796,assertions,sys-iraste-field-11,ev-02c9b6665e76f787
link-ef58b1c345a416ce,issues,issues-9a4081537a5002e5,ev-d71fad63b9e686dd
link-ef93711c5c6b5781,assertions,sys-ioncology-field-02,ev-a0d950118e6c3ab3
link-ef960f2cae58a41b,assertions,sys-mahacrimeos-field-06,ev-ca0a9bb4ab112226
link-ef9edbe340aa2cc6,deployments,deployments-51a7341f253f9beb,ev-0d6f628a1a6b5ded
link-efc0248b1587c0ee,assertions,sys-khushi-field-02,ev-f35ed5b02db1a0e8
link-eff823e013016ecd,assertions,sys-susahyak-field-12,ev-014fdc589e07870b
link-f019c2c8752f1120,assertions,sys-railmadad-field-01,ev-b04137d47e98247b
link-f04a623a0182470d,system_institutions,role-4d51ea44fcb3aff3,ev-7b63c28752438caa
link-f05964ea8ca4bea1,assertions,sys-bhashini-field-08,ev-39616405491b3373
link-f0aaa77b8fafd747,assertions,sys-ksh-field-04,ev-0f8938ed5f8fbfc7
link-f0f415e19c8e96ac,assertions,sys-plcs-field-06,ev-4b10d9240f4b46b3
link-f1461e1cc121bcd9,assertions,sys-astr-field-06,ev-7b63c28752438caa
link-f163a6e8f0d092fe,assertions,sys-yaksh-field-12,ev-44601336c015fe11
link-f1713b76adba862a,assertions,sys-igms-field-11,ev-1c94bb73943e2003
link-f17d2491831766a3,system_institutions,role-cf7e4461e9e9cfd7,ev-73eaba3d416c1d63
link-f1864b71890b5576,deployments,deployments-0c4218e6bd5da643,ev-4e37da6f99ca59fb
link-f18d52474e6aa6ca,system_institutions,role-1031c50fa1c24563,ev-73e3c36960308a23
link-f18f91231ccf4685,assertions,sys-seva-field-12,ev-a91c61d14a9de84a
link-f194186293f5099a,assertions,sys-jeevan-pramaan-field-03,ev-def7e30b7e0b877c
link-f1debc62c6462b9e,assertions,sys-susahyak-field-11,ev-014fdc589e07870b
link-f1e9edaa93260f37,assertions,sys-cwc-google-field-12,ev-ad18a08c2045d8e4
link-f1efd11438ea1dfb,assertions,sys-insight-field-10,ev-e935c331514a4489
link-f1f903ca66750429,assertions,sys-djb-twin-field-04,ev-dcdc8763f465680c
link-f1fd5d5913131b58,assertions,sys-cropic-field-11,ev-3f206930005872ae
link-f2031dcc3938a84f,assertions,sys-pais-field-09,ev-56b19ba51c8d51e2
link-f21db82591ee2504,assertions,sys-fri-field-06,ev-ca1a4c705c5051f8
link-f23811e4efa709c6,controls,control-9e04e6fae515f378,ev-7f8f16e2707ab2ac
link-f23e7cdbee8eb63a,assertions,sys-madhunetrai-field-01,ev-f5f98d06e62ea643
link-f2b51e06df72ad15,assertions,sys-delhi-itms-field-03,ev-74bf35d627754fe7
link-f2bdd6ec192a2d7c,assertions,sys-npss-field-03,ev-7c6d5f2dd3c5be4a
link-f2e47a3b3cbf306c,assertions,sys-nuwr-analysis-field-02,ev-ea5a7f5a6590d903
link-f3320cc6b6d90ece,assertions,sys-esanjeevani-field-07,ev-666bcb223aa7b959
link-f3509a60897cc3b8,assertions,sys-rail-vss-field-02,ev-8b8468577847a2f6
link-f35b5a0b1b98ae35,assertions,sys-sanjay-field-02,ev-11a78f8f67259d75
link-f36a84ab24387e3b,assertions,sys-paddymitra-field-01,ev-6b1baa2378a2be09
link-f3a29c7dce7f1687,assertions,sys-mahavistaar-field-11,ev-ab17eb64dbc014d7
link-f3a308c694204435,assertions,sys-uzhavan-pest-field-03,ev-d5043fea78b13bb0
link-f41bfe4d098718f1,assertions,sys-nuwr-analysis-field-02,ev-a0532490d402fdfe
link-f4d74c7a858a0af0,deployments,deployments-b8cfb956ce441b71,ev-94d76d0aa5c3e701
link-f5889dc75b777a56,assertions,sys-cropic-field-09,ev-844d8367a2d6a0ca
link-f59bfd2355830d61,assertions,sys-ioncology-field-01,ev-73e3c36960308a23
link-f5c4c477a0ee9bb7,assertions,sys-railmadad-field-06,ev-b04137d47e98247b
link-f5e5a576a069b830,assertions,sys-kisan-sarathi-field-06,ev-4a07d4e12da02862
link-f5f272576a043878,assertions,sys-itms-field-02,ev-99362bef50f841bd
link-f5f7d7919587dc7c,assertions,sys-ksh-field-06,ev-0f8938ed5f8fbfc7
link-f5fa05746580aa1d,assertions,sys-infomerge-field-06,ev-9c70d07aa7b7d88e
link-f64015312f45c3cd,assertions,sys-plcs-field-11,ev-4b10d9240f4b46b3
link-f7418b859aee7fc7,assertions,sys-supace-field-11,ev-bd23490bcc07f3f1
link-f7636b7cb88985e5,assertions,sys-bodh-field-02,ev-76196aabd041ea42
link-f78302c80efa154a,assertions,sys-sanjay-field-01,ev-b6878ee5e811bb79
link-f7908128032bae68,deployments,deployments-4b7177386610a7d9,ev-c3a3e01b6cb028bd
link-f7ebd80434e6015d,assertions,sys-paddymitra-field-01,ev-a9fd2160cea4544a
link-f81e4fe71c670b6e,deployments,deployments-476794153f290fd9,ev-20af457a2e7221c7
link-f84eae723bb398a4,assertions,sys-railmadad-field-03,ev-fd79365303d136f6
link-f8a94f905635fcf6,assertions,sys-khushi-field-06,ev-f35ed5b02db1a0e8
link-f8a98f21e2742b51,system_institutions,role-8922ea48328b1488,ev-aea948ce370d06b3
link-f8c1e344893b0a34,assertions,sys-kisan-sarathi-field-03,ev-f9d26a9b468711e1
link-f8ca4e3c6a0ad95f,assertions,sys-mds-field-03,ev-3c88cb41a5cccfd3
link-f8d3bc23ee0a2b74,assertions,sys-mahavistaar-field-06,ev-b93e61a4b3b99543
link-f8dc4250e1156ddb,assertions,sys-bmc-tb-field-04,ev-c98a9cb13ac612c0
link-f8f13367343ba3f4,assertions,sys-yaksh-field-03,ev-434d39f6183f3412
link-f8f2ed62322ba099,assertions,sys-sanjay-field-03,ev-b6878ee5e811bb79
link-f9238a7c9622b53e,assertions,sys-mahacrimeos-field-01,ev-717b2b9502db52bf
link-f9655ee0571c5d13,assertions,sys-raidar-field-06,ev-4ea67a8581aa3465
link-f98afeab71c3900d,assertions,sys-jeevan-pramaan-field-01,ev-cdbbd2ef3c9c05c3
link-f9a2dee44a33545b,assertions,sys-saagu-baagu-field-02,ev-9c46d8c5b9d0c028
link-f9c677061f970700,assertions,sys-askdisha-field-10,ev-7f93a8bc8f33d3bf
link-f9d23c19c09380f8,assertions,sys-esanjeevani-field-11,ev-e93ad9c0f3ef2a7a
link-fa011a79f48d4236,assertions,sys-esanjeevani-field-07,ev-a8fab19feffbd711
link-fa39dc943e90573b,assertions,sys-kisan-emitra-field-03,ev-eed385d616908f10
link-fa3e884f0e4ff178,evaluations,evaluations-d15ed8c11f8b5661,ev-a9de1bc8fba162e8
link-fada0f060dae0af6,assertions,sys-rail-vss-field-01,ev-b9a3fb854127b0da
link-faf2bea7a8d74ff8,assertions,sys-supace-field-01,ev-b9fc08c7af393aaa
link-fb0e79647111a6e5,assertions,sys-sansad-chatbot-field-03,ev-75790536671a8d68
link-fb3a581fab4cd95a,assertions,sys-fri-field-08,ev-ca1a4c705c5051f8
link-fb427fee6c149c9e,assertions,sys-bmc-tb-field-12,ev-c98a9cb13ac612c0
link-fb576eb863243d99,deployments,deployments-db01aed08ae68824,ev-c4eb183c9465f54f
link-fb61a1c9c7b8d49c,assertions,sys-esanjeevani-field-01,ev-ce731d7569d84b69
link-fb847bb07b5235bf,system_institutions,role-5f8cf91179a77a42,ev-20af457a2e7221c7
link-fb945a866d828103,assertions,sys-ioncology-field-07,ev-15681bf45e66e2c6
link-fb94c9a18b62af65,assertions,sys-madhunetrai-field-03,ev-e926f7c4ed3a3144
link-fba55bb1624e692d,assertions,sys-bodh-field-01,ev-881932661462ddb1
link-fbe94860fce2e5e1,assertions,sys-esanjeevani-field-02,ev-360a5f1ff93894e7
link-fbf4738188de6c35,controls,control-5af52de2708fafe8,ev-8b4f3573504333c8
link-fc0b8273793f54ec,assertions,sys-saagu-baagu-field-01,ev-9c46d8c5b9d0c028
link-fc159437f80c4f07,assertions,sys-raidar-field-11,ev-c4eb183c9465f54f
link-fc15c5525aef966d,assertions,sys-nuwr-analysis-field-01,ev-ea5a7f5a6590d903
link-fc2fb16ff3940824,candidate_decisions,candidate-29ddf4b8ded90bdb,ev-b04137d47e98247b
link-fca749c37aa90459,assertions,sys-bifa-field-01,ev-c8144dc55b4404b8
link-fcb631c60bc71db5,controls,controls-aa2c3ec739b2190a,ev-39616405491b3373
link-fcc0594e0b57ec90,metrics,metrics-a692989b097f76b6,ev-94d76d0aa5c3e701
link-fcc0cff9d3d7751d,assertions,sys-esanjeevani-field-02,ev-382a118c71ae0849
link-fce269eb67d42592,assertions,sys-digiyatra-field-11,ev-4c99b89caf09c223
link-fd1f2a48f7ba7e45,system_institutions,role-815fe2e810c52fb0,ev-f5f98d06e62ea643
link-fd2563ac578226ed,assertions,sys-suvas-field-03,ev-b327582229c6bba5
link-fd5a2f1294941baa,assertions,sys-esanjeevani-field-08,ev-382a118c71ae0849
link-fd82ccf89d2b5d28,assertions,sys-apt-field-01,ev-1adc6b21f2a2523d
link-fe00981f6ba37ae5,deployments,deployments-8a69aab952355f21,ev-11a78f8f67259d75
link-fe35f85ecb82e18d,candidate_decisions,candidate-d20381e1f80d2e1c,ev-f35ed5b02db1a0e8
link-fe4f3865b3b8e39b,system_institutions,role-35f0b3bf10a9e1ed,ev-eb56ee0636060f07
link-fe79e03f2150bf93,assertions,sys-yaksh-field-01,ev-44601336c015fe11
link-feb5d1063ee669e9,assertions,sys-iraste-field-03,ev-c3a3e01b6cb028bd
link-fecb65fe2dd41ad9,system_institutions,role-1031c50fa1c24563,ev-d71fad63b9e686dd
link-feeb0a7c60c0fc41,assertions,sys-atman-field-02,ev-2075f8b5e99c3521
link-ff2761b1bf2d9b02,metrics,metrics-bf44a78e615764de,ev-261116eb9ba2578f
link-ff5a164dac5a7dae,system_institutions,role-490bd613b2c7fa51,ev-fd6a23a96a591ee1
link-ff9092d02ade80d4,deployments,deployments-d1f3458cde1e8bc9,ev-ad18a08c2045d8e4
link-ffb509a129fe32e7,assertions,sys-askdisha-field-02,ev-a93ff3f506f67cc2
link-ffdf0d99071db6af,system_institutions,role-72827e85a529e77d,ev-2075f8b5e99c3521
link-fff7e82392a6cb40,assertions,sys-suvas-field-08,ev-3ca4d5cc952cb6a5
link-fff93bf3532addd3,issues,issues-ec23f26b1ee23a65,ev-5a86ea53e9398800
